image_id,image_path,dataset_name,task,split,acne_severity
levle0_0,datasets\raw\acne04\JPEGImages\levle0_0.jpg,acne04,acne_severity,unassigned,0
levle0_1,datasets\raw\acne04\JPEGImages\levle0_1.jpg,acne04,acne_severity,unassigned,0
levle0_10,datasets\raw\acne04\JPEGImages\levle0_10.jpg,acne04,acne_severity,unassigned,0
levle0_100,datasets\raw\acne04\JPEGImages\levle0_100.jpg,acne04,acne_severity,unassigned,0
levle0_101,datasets\raw\acne04\JPEGImages\levle0_101.jpg,acne04,acne_severity,unassigned,0
levle0_102,datasets\raw\acne04\JPEGImages\levle0_102.jpg,acne04,acne_severity,unassigned,0
levle0_103,datasets\raw\acne04\JPEGImages\levle0_103.jpg,acne04,acne_severity,unassigned,0
levle0_104,datasets\raw\acne04\JPEGImages\levle0_104.jpg,acne04,acne_severity,unassigned,0
levle0_105,datasets\raw\acne04\JPEGImages\levle0_105.jpg,acne04,acne_severity,unassigned,0
levle0_106,datasets\raw\acne04\JPEGImages\levle0_106.jpg,acne04,acne_severity,unassigned,0
levle0_107,datasets\raw\acne04\JPEGImages\levle0_107.jpg,acne04,acne_severity,unassigned,0
levle0_108,datasets\raw\acne04\JPEGImages\levle0_108.jpg,acne04,acne_severity,unassigned,0
levle0_109,datasets\raw\acne04\JPEGImages\levle0_109.jpg,acne04,acne_severity,unassigned,0
levle0_11,datasets\raw\acne04\JPEGImages\levle0_11.jpg,acne04,acne_severity,unassigned,0
levle0_110,datasets\raw\acne04\JPEGImages\levle0_110.jpg,acne04,acne_severity,unassigned,0
levle0_111,datasets\raw\acne04\JPEGImages\levle0_111.jpg,acne04,acne_severity,unassigned,0
levle0_112,datasets\raw\acne04\JPEGImages\levle0_112.jpg,acne04,acne_severity,unassigned,0
levle0_113,datasets\raw\acne04\JPEGImages\levle0_113.jpg,acne04,acne_severity,unassigned,0
levle0_114,datasets\raw\acne04\JPEGImages\levle0_114.jpg,acne04,acne_severity,unassigned,0
levle0_115,datasets\raw\acne04\JPEGImages\levle0_115.jpg,acne04,acne_severity,unassigned,0
levle0_116,datasets\raw\acne04\JPEGImages\levle0_116.jpg,acne04,acne_severity,unassigned,0
levle0_117,datasets\raw\acne04\JPEGImages\levle0_117.jpg,acne04,acne_severity,unassigned,0
levle0_118,datasets\raw\acne04\JPEGImages\levle0_118.jpg,acne04,acne_severity,unassigned,0
levle0_119,datasets\raw\acne04\JPEGImages\levle0_119.jpg,acne04,acne_severity,unassigned,0
levle0_12,datasets\raw\acne04\JPEGImages\levle0_12.jpg,acne04,acne_severity,unassigned,0
levle0_120,datasets\raw\acne04\JPEGImages\levle0_120.jpg,acne04,acne_severity,unassigned,0
levle0_121,datasets\raw\acne04\JPEGImages\levle0_121.jpg,acne04,acne_severity,unassigned,0
levle0_122,datasets\raw\acne04\JPEGImages\levle0_122.jpg,acne04,acne_severity,unassigned,0
levle0_123,datasets\raw\acne04\JPEGImages\levle0_123.jpg,acne04,acne_severity,unassigned,0
levle0_124,datasets\raw\acne04\JPEGImages\levle0_124.jpg,acne04,acne_severity,unassigned,0
levle0_125,datasets\raw\acne04\JPEGImages\levle0_125.jpg,acne04,acne_severity,unassigned,0
levle0_126,datasets\raw\acne04\JPEGImages\levle0_126.jpg,acne04,acne_severity,unassigned,0
levle0_127,datasets\raw\acne04\JPEGImages\levle0_127.jpg,acne04,acne_severity,unassigned,0
levle0_128,datasets\raw\acne04\JPEGImages\levle0_128.jpg,acne04,acne_severity,unassigned,0
levle0_129,datasets\raw\acne04\JPEGImages\levle0_129.jpg,acne04,acne_severity,unassigned,0
levle0_130,datasets\raw\acne04\JPEGImages\levle0_130.jpg,acne04,acne_severity,unassigned,0
levle0_131,datasets\raw\acne04\JPEGImages\levle0_131.jpg,acne04,acne_severity,unassigned,0
levle0_132,datasets\raw\acne04\JPEGImages\levle0_132.jpg,acne04,acne_severity,unassigned,0
levle0_133,datasets\raw\acne04\JPEGImages\levle0_133.jpg,acne04,acne_severity,unassigned,0
levle0_134,datasets\raw\acne04\JPEGImages\levle0_134.jpg,acne04,acne_severity,unassigned,0
levle0_135,datasets\raw\acne04\JPEGImages\levle0_135.jpg,acne04,acne_severity,unassigned,0
levle0_136,datasets\raw\acne04\JPEGImages\levle0_136.jpg,acne04,acne_severity,unassigned,0
levle0_137,datasets\raw\acne04\JPEGImages\levle0_137.jpg,acne04,acne_severity,unassigned,0
levle0_138,datasets\raw\acne04\JPEGImages\levle0_138.jpg,acne04,acne_severity,unassigned,0
levle0_139,datasets\raw\acne04\JPEGImages\levle0_139.jpg,acne04,acne_severity,unassigned,0
levle0_14,datasets\raw\acne04\JPEGImages\levle0_14.jpg,acne04,acne_severity,unassigned,0
levle0_140,datasets\raw\acne04\JPEGImages\levle0_140.jpg,acne04,acne_severity,unassigned,0
levle0_141,datasets\raw\acne04\JPEGImages\levle0_141.jpg,acne04,acne_severity,unassigned,0
levle0_142,datasets\raw\acne04\JPEGImages\levle0_142.jpg,acne04,acne_severity,unassigned,0
levle0_143,datasets\raw\acne04\JPEGImages\levle0_143.jpg,acne04,acne_severity,unassigned,0
levle0_144,datasets\raw\acne04\JPEGImages\levle0_144.jpg,acne04,acne_severity,unassigned,0
levle0_145,datasets\raw\acne04\JPEGImages\levle0_145.jpg,acne04,acne_severity,unassigned,0
levle0_146,datasets\raw\acne04\JPEGImages\levle0_146.jpg,acne04,acne_severity,unassigned,0
levle0_147,datasets\raw\acne04\JPEGImages\levle0_147.jpg,acne04,acne_severity,unassigned,0
levle0_148,datasets\raw\acne04\JPEGImages\levle0_148.jpg,acne04,acne_severity,unassigned,0
levle0_149,datasets\raw\acne04\JPEGImages\levle0_149.jpg,acne04,acne_severity,unassigned,0
levle0_15,datasets\raw\acne04\JPEGImages\levle0_15.jpg,acne04,acne_severity,unassigned,0
levle0_150,datasets\raw\acne04\JPEGImages\levle0_150.jpg,acne04,acne_severity,unassigned,0
levle0_151,datasets\raw\acne04\JPEGImages\levle0_151.jpg,acne04,acne_severity,unassigned,0
levle0_152,datasets\raw\acne04\JPEGImages\levle0_152.jpg,acne04,acne_severity,unassigned,0
levle0_153,datasets\raw\acne04\JPEGImages\levle0_153.jpg,acne04,acne_severity,unassigned,0
levle0_154,datasets\raw\acne04\JPEGImages\levle0_154.jpg,acne04,acne_severity,unassigned,0
levle0_155,datasets\raw\acne04\JPEGImages\levle0_155.jpg,acne04,acne_severity,unassigned,0
levle0_156,datasets\raw\acne04\JPEGImages\levle0_156.jpg,acne04,acne_severity,unassigned,0
levle0_157,datasets\raw\acne04\JPEGImages\levle0_157.jpg,acne04,acne_severity,unassigned,0
levle0_158,datasets\raw\acne04\JPEGImages\levle0_158.jpg,acne04,acne_severity,unassigned,0
levle0_159,datasets\raw\acne04\JPEGImages\levle0_159.jpg,acne04,acne_severity,unassigned,0
levle0_16,datasets\raw\acne04\JPEGImages\levle0_16.jpg,acne04,acne_severity,unassigned,0
levle0_160,datasets\raw\acne04\JPEGImages\levle0_160.jpg,acne04,acne_severity,unassigned,0
levle0_161,datasets\raw\acne04\JPEGImages\levle0_161.jpg,acne04,acne_severity,unassigned,0
levle0_162,datasets\raw\acne04\JPEGImages\levle0_162.jpg,acne04,acne_severity,unassigned,0
levle0_163,datasets\raw\acne04\JPEGImages\levle0_163.jpg,acne04,acne_severity,unassigned,0
levle0_164,datasets\raw\acne04\JPEGImages\levle0_164.jpg,acne04,acne_severity,unassigned,0
levle0_165,datasets\raw\acne04\JPEGImages\levle0_165.jpg,acne04,acne_severity,unassigned,0
levle0_166,datasets\raw\acne04\JPEGImages\levle0_166.jpg,acne04,acne_severity,unassigned,0
levle0_167,datasets\raw\acne04\JPEGImages\levle0_167.jpg,acne04,acne_severity,unassigned,0
levle0_168,datasets\raw\acne04\JPEGImages\levle0_168.jpg,acne04,acne_severity,unassigned,0
levle0_169,datasets\raw\acne04\JPEGImages\levle0_169.jpg,acne04,acne_severity,unassigned,0
levle0_17,datasets\raw\acne04\JPEGImages\levle0_17.jpg,acne04,acne_severity,unassigned,0
levle0_170,datasets\raw\acne04\JPEGImages\levle0_170.jpg,acne04,acne_severity,unassigned,0
levle0_171,datasets\raw\acne04\JPEGImages\levle0_171.jpg,acne04,acne_severity,unassigned,0
levle0_172,datasets\raw\acne04\JPEGImages\levle0_172.jpg,acne04,acne_severity,unassigned,0
levle0_173,datasets\raw\acne04\JPEGImages\levle0_173.jpg,acne04,acne_severity,unassigned,0
levle0_174,datasets\raw\acne04\JPEGImages\levle0_174.jpg,acne04,acne_severity,unassigned,0
levle0_175,datasets\raw\acne04\JPEGImages\levle0_175.jpg,acne04,acne_severity,unassigned,0
levle0_176,datasets\raw\acne04\JPEGImages\levle0_176.jpg,acne04,acne_severity,unassigned,0
levle0_177,datasets\raw\acne04\JPEGImages\levle0_177.jpg,acne04,acne_severity,unassigned,0
levle0_178,datasets\raw\acne04\JPEGImages\levle0_178.jpg,acne04,acne_severity,unassigned,0
levle0_179,datasets\raw\acne04\JPEGImages\levle0_179.jpg,acne04,acne_severity,unassigned,0
levle0_18,datasets\raw\acne04\JPEGImages\levle0_18.jpg,acne04,acne_severity,unassigned,0
levle0_180,datasets\raw\acne04\JPEGImages\levle0_180.jpg,acne04,acne_severity,unassigned,0
levle0_181,datasets\raw\acne04\JPEGImages\levle0_181.jpg,acne04,acne_severity,unassigned,0
levle0_182,datasets\raw\acne04\JPEGImages\levle0_182.jpg,acne04,acne_severity,unassigned,0
levle0_183,datasets\raw\acne04\JPEGImages\levle0_183.jpg,acne04,acne_severity,unassigned,0
levle0_184,datasets\raw\acne04\JPEGImages\levle0_184.jpg,acne04,acne_severity,unassigned,0
levle0_185,datasets\raw\acne04\JPEGImages\levle0_185.jpg,acne04,acne_severity,unassigned,0
levle0_186,datasets\raw\acne04\JPEGImages\levle0_186.jpg,acne04,acne_severity,unassigned,0
levle0_187,datasets\raw\acne04\JPEGImages\levle0_187.jpg,acne04,acne_severity,unassigned,0
levle0_188,datasets\raw\acne04\JPEGImages\levle0_188.jpg,acne04,acne_severity,unassigned,0
levle0_189,datasets\raw\acne04\JPEGImages\levle0_189.jpg,acne04,acne_severity,unassigned,0
levle0_19,datasets\raw\acne04\JPEGImages\levle0_19.jpg,acne04,acne_severity,unassigned,0
levle0_190,datasets\raw\acne04\JPEGImages\levle0_190.jpg,acne04,acne_severity,unassigned,0
levle0_192,datasets\raw\acne04\JPEGImages\levle0_192.jpg,acne04,acne_severity,unassigned,0
levle0_193,datasets\raw\acne04\JPEGImages\levle0_193.jpg,acne04,acne_severity,unassigned,0
levle0_194,datasets\raw\acne04\JPEGImages\levle0_194.jpg,acne04,acne_severity,unassigned,0
levle0_195,datasets\raw\acne04\JPEGImages\levle0_195.jpg,acne04,acne_severity,unassigned,0
levle0_196,datasets\raw\acne04\JPEGImages\levle0_196.jpg,acne04,acne_severity,unassigned,0
levle0_197,datasets\raw\acne04\JPEGImages\levle0_197.jpg,acne04,acne_severity,unassigned,0
levle0_198,datasets\raw\acne04\JPEGImages\levle0_198.jpg,acne04,acne_severity,unassigned,0
levle0_2,datasets\raw\acne04\JPEGImages\levle0_2.jpg,acne04,acne_severity,unassigned,0
levle0_20,datasets\raw\acne04\JPEGImages\levle0_20.jpg,acne04,acne_severity,unassigned,0
levle0_202,datasets\raw\acne04\JPEGImages\levle0_202.jpg,acne04,acne_severity,unassigned,0
levle0_203,datasets\raw\acne04\JPEGImages\levle0_203.jpg,acne04,acne_severity,unassigned,0
levle0_204,datasets\raw\acne04\JPEGImages\levle0_204.jpg,acne04,acne_severity,unassigned,0
levle0_205,datasets\raw\acne04\JPEGImages\levle0_205.jpg,acne04,acne_severity,unassigned,0
levle0_206,datasets\raw\acne04\JPEGImages\levle0_206.jpg,acne04,acne_severity,unassigned,0
levle0_207,datasets\raw\acne04\JPEGImages\levle0_207.jpg,acne04,acne_severity,unassigned,0
levle0_209,datasets\raw\acne04\JPEGImages\levle0_209.jpg,acne04,acne_severity,unassigned,0
levle0_21,datasets\raw\acne04\JPEGImages\levle0_21.jpg,acne04,acne_severity,unassigned,0
levle0_210,datasets\raw\acne04\JPEGImages\levle0_210.jpg,acne04,acne_severity,unassigned,0
levle0_211,datasets\raw\acne04\JPEGImages\levle0_211.jpg,acne04,acne_severity,unassigned,0
levle0_212,datasets\raw\acne04\JPEGImages\levle0_212.jpg,acne04,acne_severity,unassigned,0
levle0_213,datasets\raw\acne04\JPEGImages\levle0_213.jpg,acne04,acne_severity,unassigned,0
levle0_214,datasets\raw\acne04\JPEGImages\levle0_214.jpg,acne04,acne_severity,unassigned,0
levle0_215,datasets\raw\acne04\JPEGImages\levle0_215.jpg,acne04,acne_severity,unassigned,0
levle0_216,datasets\raw\acne04\JPEGImages\levle0_216.jpg,acne04,acne_severity,unassigned,0
levle0_217,datasets\raw\acne04\JPEGImages\levle0_217.jpg,acne04,acne_severity,unassigned,0
levle0_218,datasets\raw\acne04\JPEGImages\levle0_218.jpg,acne04,acne_severity,unassigned,0
levle0_219,datasets\raw\acne04\JPEGImages\levle0_219.jpg,acne04,acne_severity,unassigned,0
levle0_22,datasets\raw\acne04\JPEGImages\levle0_22.jpg,acne04,acne_severity,unassigned,0
levle0_220,datasets\raw\acne04\JPEGImages\levle0_220.jpg,acne04,acne_severity,unassigned,0
levle0_221,datasets\raw\acne04\JPEGImages\levle0_221.jpg,acne04,acne_severity,unassigned,0
levle0_222,datasets\raw\acne04\JPEGImages\levle0_222.jpg,acne04,acne_severity,unassigned,0
levle0_223,datasets\raw\acne04\JPEGImages\levle0_223.jpg,acne04,acne_severity,unassigned,0
levle0_224,datasets\raw\acne04\JPEGImages\levle0_224.jpg,acne04,acne_severity,unassigned,0
levle0_225,datasets\raw\acne04\JPEGImages\levle0_225.jpg,acne04,acne_severity,unassigned,0
levle0_226,datasets\raw\acne04\JPEGImages\levle0_226.jpg,acne04,acne_severity,unassigned,0
levle0_227,datasets\raw\acne04\JPEGImages\levle0_227.jpg,acne04,acne_severity,unassigned,0
levle0_228,datasets\raw\acne04\JPEGImages\levle0_228.jpg,acne04,acne_severity,unassigned,0
levle0_229,datasets\raw\acne04\JPEGImages\levle0_229.jpg,acne04,acne_severity,unassigned,0
levle0_23,datasets\raw\acne04\JPEGImages\levle0_23.jpg,acne04,acne_severity,unassigned,0
levle0_230,datasets\raw\acne04\JPEGImages\levle0_230.jpg,acne04,acne_severity,unassigned,0
levle0_231,datasets\raw\acne04\JPEGImages\levle0_231.jpg,acne04,acne_severity,unassigned,0
levle0_232,datasets\raw\acne04\JPEGImages\levle0_232.jpg,acne04,acne_severity,unassigned,0
levle0_233,datasets\raw\acne04\JPEGImages\levle0_233.jpg,acne04,acne_severity,unassigned,0
levle0_234,datasets\raw\acne04\JPEGImages\levle0_234.jpg,acne04,acne_severity,unassigned,0
levle0_235,datasets\raw\acne04\JPEGImages\levle0_235.jpg,acne04,acne_severity,unassigned,0
levle0_236,datasets\raw\acne04\JPEGImages\levle0_236.jpg,acne04,acne_severity,unassigned,0
levle0_238,datasets\raw\acne04\JPEGImages\levle0_238.jpg,acne04,acne_severity,unassigned,0
levle0_239,datasets\raw\acne04\JPEGImages\levle0_239.jpg,acne04,acne_severity,unassigned,0
levle0_24,datasets\raw\acne04\JPEGImages\levle0_24.jpg,acne04,acne_severity,unassigned,0
levle0_240,datasets\raw\acne04\JPEGImages\levle0_240.jpg,acne04,acne_severity,unassigned,0
levle0_241,datasets\raw\acne04\JPEGImages\levle0_241.jpg,acne04,acne_severity,unassigned,0
levle0_242,datasets\raw\acne04\JPEGImages\levle0_242.jpg,acne04,acne_severity,unassigned,0
levle0_243,datasets\raw\acne04\JPEGImages\levle0_243.jpg,acne04,acne_severity,unassigned,0
levle0_244,datasets\raw\acne04\JPEGImages\levle0_244.jpg,acne04,acne_severity,unassigned,0
levle0_245,datasets\raw\acne04\JPEGImages\levle0_245.jpg,acne04,acne_severity,unassigned,0
levle0_246,datasets\raw\acne04\JPEGImages\levle0_246.jpg,acne04,acne_severity,unassigned,0
levle0_247,datasets\raw\acne04\JPEGImages\levle0_247.jpg,acne04,acne_severity,unassigned,0
levle0_248,datasets\raw\acne04\JPEGImages\levle0_248.jpg,acne04,acne_severity,unassigned,0
levle0_249,datasets\raw\acne04\JPEGImages\levle0_249.jpg,acne04,acne_severity,unassigned,0
levle0_25,datasets\raw\acne04\JPEGImages\levle0_25.jpg,acne04,acne_severity,unassigned,0
levle0_250,datasets\raw\acne04\JPEGImages\levle0_250.jpg,acne04,acne_severity,unassigned,0
levle0_251,datasets\raw\acne04\JPEGImages\levle0_251.jpg,acne04,acne_severity,unassigned,0
levle0_252,datasets\raw\acne04\JPEGImages\levle0_252.jpg,acne04,acne_severity,unassigned,0
levle0_253,datasets\raw\acne04\JPEGImages\levle0_253.jpg,acne04,acne_severity,unassigned,0
levle0_255,datasets\raw\acne04\JPEGImages\levle0_255.jpg,acne04,acne_severity,unassigned,0
levle0_256,datasets\raw\acne04\JPEGImages\levle0_256.jpg,acne04,acne_severity,unassigned,0
levle0_257,datasets\raw\acne04\JPEGImages\levle0_257.jpg,acne04,acne_severity,unassigned,0
levle0_258,datasets\raw\acne04\JPEGImages\levle0_258.jpg,acne04,acne_severity,unassigned,0
levle0_259,datasets\raw\acne04\JPEGImages\levle0_259.jpg,acne04,acne_severity,unassigned,0
levle0_26,datasets\raw\acne04\JPEGImages\levle0_26.jpg,acne04,acne_severity,unassigned,0
levle0_260,datasets\raw\acne04\JPEGImages\levle0_260.jpg,acne04,acne_severity,unassigned,0
levle0_261,datasets\raw\acne04\JPEGImages\levle0_261.jpg,acne04,acne_severity,unassigned,0
levle0_263,datasets\raw\acne04\JPEGImages\levle0_263.jpg,acne04,acne_severity,unassigned,0
levle0_264,datasets\raw\acne04\JPEGImages\levle0_264.jpg,acne04,acne_severity,unassigned,0
levle0_265,datasets\raw\acne04\JPEGImages\levle0_265.jpg,acne04,acne_severity,unassigned,0
levle0_266,datasets\raw\acne04\JPEGImages\levle0_266.jpg,acne04,acne_severity,unassigned,0
levle0_267,datasets\raw\acne04\JPEGImages\levle0_267.jpg,acne04,acne_severity,unassigned,0
levle0_268,datasets\raw\acne04\JPEGImages\levle0_268.jpg,acne04,acne_severity,unassigned,0
levle0_269,datasets\raw\acne04\JPEGImages\levle0_269.jpg,acne04,acne_severity,unassigned,0
levle0_27,datasets\raw\acne04\JPEGImages\levle0_27.jpg,acne04,acne_severity,unassigned,0
levle0_270,datasets\raw\acne04\JPEGImages\levle0_270.jpg,acne04,acne_severity,unassigned,0
levle0_271,datasets\raw\acne04\JPEGImages\levle0_271.jpg,acne04,acne_severity,unassigned,0
levle0_272,datasets\raw\acne04\JPEGImages\levle0_272.jpg,acne04,acne_severity,unassigned,0
levle0_273,datasets\raw\acne04\JPEGImages\levle0_273.jpg,acne04,acne_severity,unassigned,0
levle0_274,datasets\raw\acne04\JPEGImages\levle0_274.jpg,acne04,acne_severity,unassigned,0
levle0_275,datasets\raw\acne04\JPEGImages\levle0_275.jpg,acne04,acne_severity,unassigned,0
levle0_276,datasets\raw\acne04\JPEGImages\levle0_276.jpg,acne04,acne_severity,unassigned,0
levle0_277,datasets\raw\acne04\JPEGImages\levle0_277.jpg,acne04,acne_severity,unassigned,0
levle0_278,datasets\raw\acne04\JPEGImages\levle0_278.jpg,acne04,acne_severity,unassigned,0
levle0_279,datasets\raw\acne04\JPEGImages\levle0_279.jpg,acne04,acne_severity,unassigned,0
levle0_28,datasets\raw\acne04\JPEGImages\levle0_28.jpg,acne04,acne_severity,unassigned,0
levle0_280,datasets\raw\acne04\JPEGImages\levle0_280.jpg,acne04,acne_severity,unassigned,0
levle0_281,datasets\raw\acne04\JPEGImages\levle0_281.jpg,acne04,acne_severity,unassigned,0
levle0_282,datasets\raw\acne04\JPEGImages\levle0_282.jpg,acne04,acne_severity,unassigned,0
levle0_283,datasets\raw\acne04\JPEGImages\levle0_283.jpg,acne04,acne_severity,unassigned,0
levle0_284,datasets\raw\acne04\JPEGImages\levle0_284.jpg,acne04,acne_severity,unassigned,0
levle0_285,datasets\raw\acne04\JPEGImages\levle0_285.jpg,acne04,acne_severity,unassigned,0
levle0_286,datasets\raw\acne04\JPEGImages\levle0_286.jpg,acne04,acne_severity,unassigned,0
levle0_287,datasets\raw\acne04\JPEGImages\levle0_287.jpg,acne04,acne_severity,unassigned,0
levle0_288,datasets\raw\acne04\JPEGImages\levle0_288.jpg,acne04,acne_severity,unassigned,0
levle0_289,datasets\raw\acne04\JPEGImages\levle0_289.jpg,acne04,acne_severity,unassigned,0
levle0_290,datasets\raw\acne04\JPEGImages\levle0_290.jpg,acne04,acne_severity,unassigned,0
levle0_291,datasets\raw\acne04\JPEGImages\levle0_291.jpg,acne04,acne_severity,unassigned,0
levle0_292,datasets\raw\acne04\JPEGImages\levle0_292.jpg,acne04,acne_severity,unassigned,0
levle0_293,datasets\raw\acne04\JPEGImages\levle0_293.jpg,acne04,acne_severity,unassigned,0
levle0_294,datasets\raw\acne04\JPEGImages\levle0_294.jpg,acne04,acne_severity,unassigned,0
levle0_295,datasets\raw\acne04\JPEGImages\levle0_295.jpg,acne04,acne_severity,unassigned,0
levle0_296,datasets\raw\acne04\JPEGImages\levle0_296.jpg,acne04,acne_severity,unassigned,0
levle0_297,datasets\raw\acne04\JPEGImages\levle0_297.jpg,acne04,acne_severity,unassigned,0
levle0_298,datasets\raw\acne04\JPEGImages\levle0_298.jpg,acne04,acne_severity,unassigned,0
levle0_299,datasets\raw\acne04\JPEGImages\levle0_299.jpg,acne04,acne_severity,unassigned,0
levle0_3,datasets\raw\acne04\JPEGImages\levle0_3.jpg,acne04,acne_severity,unassigned,0
levle0_300,datasets\raw\acne04\JPEGImages\levle0_300.jpg,acne04,acne_severity,unassigned,0
levle0_301,datasets\raw\acne04\JPEGImages\levle0_301.jpg,acne04,acne_severity,unassigned,0
levle0_302,datasets\raw\acne04\JPEGImages\levle0_302.jpg,acne04,acne_severity,unassigned,0
levle0_303,datasets\raw\acne04\JPEGImages\levle0_303.jpg,acne04,acne_severity,unassigned,0
levle0_304,datasets\raw\acne04\JPEGImages\levle0_304.jpg,acne04,acne_severity,unassigned,0
levle0_305,datasets\raw\acne04\JPEGImages\levle0_305.jpg,acne04,acne_severity,unassigned,0
levle0_306,datasets\raw\acne04\JPEGImages\levle0_306.jpg,acne04,acne_severity,unassigned,0
levle0_307,datasets\raw\acne04\JPEGImages\levle0_307.jpg,acne04,acne_severity,unassigned,0
levle0_308,datasets\raw\acne04\JPEGImages\levle0_308.jpg,acne04,acne_severity,unassigned,0
levle0_309,datasets\raw\acne04\JPEGImages\levle0_309.jpg,acne04,acne_severity,unassigned,0
levle0_31,datasets\raw\acne04\JPEGImages\levle0_31.jpg,acne04,acne_severity,unassigned,0
levle0_310,datasets\raw\acne04\JPEGImages\levle0_310.jpg,acne04,acne_severity,unassigned,0
levle0_311,datasets\raw\acne04\JPEGImages\levle0_311.jpg,acne04,acne_severity,unassigned,0
levle0_312,datasets\raw\acne04\JPEGImages\levle0_312.jpg,acne04,acne_severity,unassigned,0
levle0_313,datasets\raw\acne04\JPEGImages\levle0_313.jpg,acne04,acne_severity,unassigned,0
levle0_314,datasets\raw\acne04\JPEGImages\levle0_314.jpg,acne04,acne_severity,unassigned,0
levle0_315,datasets\raw\acne04\JPEGImages\levle0_315.jpg,acne04,acne_severity,unassigned,0
levle0_316,datasets\raw\acne04\JPEGImages\levle0_316.jpg,acne04,acne_severity,unassigned,0
levle0_317,datasets\raw\acne04\JPEGImages\levle0_317.jpg,acne04,acne_severity,unassigned,0
levle0_318,datasets\raw\acne04\JPEGImages\levle0_318.jpg,acne04,acne_severity,unassigned,0
levle0_319,datasets\raw\acne04\JPEGImages\levle0_319.jpg,acne04,acne_severity,unassigned,0
levle0_32,datasets\raw\acne04\JPEGImages\levle0_32.jpg,acne04,acne_severity,unassigned,0
levle0_320,datasets\raw\acne04\JPEGImages\levle0_320.jpg,acne04,acne_severity,unassigned,0
levle0_321,datasets\raw\acne04\JPEGImages\levle0_321.jpg,acne04,acne_severity,unassigned,0
levle0_322,datasets\raw\acne04\JPEGImages\levle0_322.jpg,acne04,acne_severity,unassigned,0
levle0_323,datasets\raw\acne04\JPEGImages\levle0_323.jpg,acne04,acne_severity,unassigned,0
levle0_324,datasets\raw\acne04\JPEGImages\levle0_324.jpg,acne04,acne_severity,unassigned,0
levle0_325,datasets\raw\acne04\JPEGImages\levle0_325.jpg,acne04,acne_severity,unassigned,0
levle0_326,datasets\raw\acne04\JPEGImages\levle0_326.jpg,acne04,acne_severity,unassigned,0
levle0_327,datasets\raw\acne04\JPEGImages\levle0_327.jpg,acne04,acne_severity,unassigned,0
levle0_328,datasets\raw\acne04\JPEGImages\levle0_328.jpg,acne04,acne_severity,unassigned,0
levle0_329,datasets\raw\acne04\JPEGImages\levle0_329.jpg,acne04,acne_severity,unassigned,0
levle0_33,datasets\raw\acne04\JPEGImages\levle0_33.jpg,acne04,acne_severity,unassigned,0
levle0_330,datasets\raw\acne04\JPEGImages\levle0_330.jpg,acne04,acne_severity,unassigned,0
levle0_331,datasets\raw\acne04\JPEGImages\levle0_331.jpg,acne04,acne_severity,unassigned,0
levle0_332,datasets\raw\acne04\JPEGImages\levle0_332.jpg,acne04,acne_severity,unassigned,0
levle0_334,datasets\raw\acne04\JPEGImages\levle0_334.jpg,acne04,acne_severity,unassigned,0
levle0_335,datasets\raw\acne04\JPEGImages\levle0_335.jpg,acne04,acne_severity,unassigned,0
levle0_336,datasets\raw\acne04\JPEGImages\levle0_336.jpg,acne04,acne_severity,unassigned,0
levle0_337,datasets\raw\acne04\JPEGImages\levle0_337.jpg,acne04,acne_severity,unassigned,0
levle0_338,datasets\raw\acne04\JPEGImages\levle0_338.jpg,acne04,acne_severity,unassigned,0
levle0_339,datasets\raw\acne04\JPEGImages\levle0_339.jpg,acne04,acne_severity,unassigned,0
levle0_34,datasets\raw\acne04\JPEGImages\levle0_34.jpg,acne04,acne_severity,unassigned,0
levle0_340,datasets\raw\acne04\JPEGImages\levle0_340.jpg,acne04,acne_severity,unassigned,0
levle0_341,datasets\raw\acne04\JPEGImages\levle0_341.jpg,acne04,acne_severity,unassigned,0
levle0_342,datasets\raw\acne04\JPEGImages\levle0_342.jpg,acne04,acne_severity,unassigned,0
levle0_343,datasets\raw\acne04\JPEGImages\levle0_343.jpg,acne04,acne_severity,unassigned,0
levle0_345,datasets\raw\acne04\JPEGImages\levle0_345.jpg,acne04,acne_severity,unassigned,0
levle0_346,datasets\raw\acne04\JPEGImages\levle0_346.jpg,acne04,acne_severity,unassigned,0
levle0_347,datasets\raw\acne04\JPEGImages\levle0_347.jpg,acne04,acne_severity,unassigned,0
levle0_349,datasets\raw\acne04\JPEGImages\levle0_349.jpg,acne04,acne_severity,unassigned,0
levle0_35,datasets\raw\acne04\JPEGImages\levle0_35.jpg,acne04,acne_severity,unassigned,0
levle0_350,datasets\raw\acne04\JPEGImages\levle0_350.jpg,acne04,acne_severity,unassigned,0
levle0_351,datasets\raw\acne04\JPEGImages\levle0_351.jpg,acne04,acne_severity,unassigned,0
levle0_353,datasets\raw\acne04\JPEGImages\levle0_353.jpg,acne04,acne_severity,unassigned,0
levle0_354,datasets\raw\acne04\JPEGImages\levle0_354.jpg,acne04,acne_severity,unassigned,0
levle0_355,datasets\raw\acne04\JPEGImages\levle0_355.jpg,acne04,acne_severity,unassigned,0
levle0_356,datasets\raw\acne04\JPEGImages\levle0_356.jpg,acne04,acne_severity,unassigned,0
levle0_357,datasets\raw\acne04\JPEGImages\levle0_357.jpg,acne04,acne_severity,unassigned,0
levle0_358,datasets\raw\acne04\JPEGImages\levle0_358.jpg,acne04,acne_severity,unassigned,0
levle0_359,datasets\raw\acne04\JPEGImages\levle0_359.jpg,acne04,acne_severity,unassigned,0
levle0_36,datasets\raw\acne04\JPEGImages\levle0_36.jpg,acne04,acne_severity,unassigned,0
levle0_360,datasets\raw\acne04\JPEGImages\levle0_360.jpg,acne04,acne_severity,unassigned,0
levle0_361,datasets\raw\acne04\JPEGImages\levle0_361.jpg,acne04,acne_severity,unassigned,0
levle0_362,datasets\raw\acne04\JPEGImages\levle0_362.jpg,acne04,acne_severity,unassigned,0
levle0_363,datasets\raw\acne04\JPEGImages\levle0_363.jpg,acne04,acne_severity,unassigned,0
levle0_364,datasets\raw\acne04\JPEGImages\levle0_364.jpg,acne04,acne_severity,unassigned,0
levle0_365,datasets\raw\acne04\JPEGImages\levle0_365.jpg,acne04,acne_severity,unassigned,0
levle0_366,datasets\raw\acne04\JPEGImages\levle0_366.jpg,acne04,acne_severity,unassigned,0
levle0_367,datasets\raw\acne04\JPEGImages\levle0_367.jpg,acne04,acne_severity,unassigned,0
levle0_368,datasets\raw\acne04\JPEGImages\levle0_368.jpg,acne04,acne_severity,unassigned,0
levle0_37,datasets\raw\acne04\JPEGImages\levle0_37.jpg,acne04,acne_severity,unassigned,0
levle0_371,datasets\raw\acne04\JPEGImages\levle0_371.jpg,acne04,acne_severity,unassigned,0
levle0_372,datasets\raw\acne04\JPEGImages\levle0_372.jpg,acne04,acne_severity,unassigned,0
levle0_373,datasets\raw\acne04\JPEGImages\levle0_373.jpg,acne04,acne_severity,unassigned,0
levle0_374,datasets\raw\acne04\JPEGImages\levle0_374.jpg,acne04,acne_severity,unassigned,0
levle0_375,datasets\raw\acne04\JPEGImages\levle0_375.jpg,acne04,acne_severity,unassigned,0
levle0_376,datasets\raw\acne04\JPEGImages\levle0_376.jpg,acne04,acne_severity,unassigned,0
levle0_377,datasets\raw\acne04\JPEGImages\levle0_377.jpg,acne04,acne_severity,unassigned,0
levle0_378,datasets\raw\acne04\JPEGImages\levle0_378.jpg,acne04,acne_severity,unassigned,0
levle0_379,datasets\raw\acne04\JPEGImages\levle0_379.jpg,acne04,acne_severity,unassigned,0
levle0_38,datasets\raw\acne04\JPEGImages\levle0_38.jpg,acne04,acne_severity,unassigned,0
levle0_380,datasets\raw\acne04\JPEGImages\levle0_380.jpg,acne04,acne_severity,unassigned,0
levle0_381,datasets\raw\acne04\JPEGImages\levle0_381.jpg,acne04,acne_severity,unassigned,0
levle0_382,datasets\raw\acne04\JPEGImages\levle0_382.jpg,acne04,acne_severity,unassigned,0
levle0_383,datasets\raw\acne04\JPEGImages\levle0_383.jpg,acne04,acne_severity,unassigned,0
levle0_384,datasets\raw\acne04\JPEGImages\levle0_384.jpg,acne04,acne_severity,unassigned,0
levle0_385,datasets\raw\acne04\JPEGImages\levle0_385.jpg,acne04,acne_severity,unassigned,0
levle0_386,datasets\raw\acne04\JPEGImages\levle0_386.jpg,acne04,acne_severity,unassigned,0
levle0_387,datasets\raw\acne04\JPEGImages\levle0_387.jpg,acne04,acne_severity,unassigned,0
levle0_388,datasets\raw\acne04\JPEGImages\levle0_388.jpg,acne04,acne_severity,unassigned,0
levle0_389,datasets\raw\acne04\JPEGImages\levle0_389.jpg,acne04,acne_severity,unassigned,0
levle0_39,datasets\raw\acne04\JPEGImages\levle0_39.jpg,acne04,acne_severity,unassigned,0
levle0_390,datasets\raw\acne04\JPEGImages\levle0_390.jpg,acne04,acne_severity,unassigned,0
levle0_391,datasets\raw\acne04\JPEGImages\levle0_391.jpg,acne04,acne_severity,unassigned,0
levle0_392,datasets\raw\acne04\JPEGImages\levle0_392.jpg,acne04,acne_severity,unassigned,0
levle0_393,datasets\raw\acne04\JPEGImages\levle0_393.jpg,acne04,acne_severity,unassigned,0
levle0_394,datasets\raw\acne04\JPEGImages\levle0_394.jpg,acne04,acne_severity,unassigned,0
levle0_395,datasets\raw\acne04\JPEGImages\levle0_395.jpg,acne04,acne_severity,unassigned,0
levle0_396,datasets\raw\acne04\JPEGImages\levle0_396.jpg,acne04,acne_severity,unassigned,0
levle0_397,datasets\raw\acne04\JPEGImages\levle0_397.jpg,acne04,acne_severity,unassigned,0
levle0_398,datasets\raw\acne04\JPEGImages\levle0_398.jpg,acne04,acne_severity,unassigned,0
levle0_399,datasets\raw\acne04\JPEGImages\levle0_399.jpg,acne04,acne_severity,unassigned,0
levle0_4,datasets\raw\acne04\JPEGImages\levle0_4.jpg,acne04,acne_severity,unassigned,0
levle0_40,datasets\raw\acne04\JPEGImages\levle0_40.jpg,acne04,acne_severity,unassigned,0
levle0_400,datasets\raw\acne04\JPEGImages\levle0_400.jpg,acne04,acne_severity,unassigned,0
levle0_401,datasets\raw\acne04\JPEGImages\levle0_401.jpg,acne04,acne_severity,unassigned,0
levle0_402,datasets\raw\acne04\JPEGImages\levle0_402.jpg,acne04,acne_severity,unassigned,0
levle0_403,datasets\raw\acne04\JPEGImages\levle0_403.jpg,acne04,acne_severity,unassigned,0
levle0_404,datasets\raw\acne04\JPEGImages\levle0_404.jpg,acne04,acne_severity,unassigned,0
levle0_405,datasets\raw\acne04\JPEGImages\levle0_405.jpg,acne04,acne_severity,unassigned,0
levle0_406,datasets\raw\acne04\JPEGImages\levle0_406.jpg,acne04,acne_severity,unassigned,0
levle0_407,datasets\raw\acne04\JPEGImages\levle0_407.jpg,acne04,acne_severity,unassigned,0
levle0_409,datasets\raw\acne04\JPEGImages\levle0_409.jpg,acne04,acne_severity,unassigned,0
levle0_41,datasets\raw\acne04\JPEGImages\levle0_41.jpg,acne04,acne_severity,unassigned,0
levle0_410,datasets\raw\acne04\JPEGImages\levle0_410.jpg,acne04,acne_severity,unassigned,0
levle0_411,datasets\raw\acne04\JPEGImages\levle0_411.jpg,acne04,acne_severity,unassigned,0
levle0_412,datasets\raw\acne04\JPEGImages\levle0_412.jpg,acne04,acne_severity,unassigned,0
levle0_413,datasets\raw\acne04\JPEGImages\levle0_413.jpg,acne04,acne_severity,unassigned,0
levle0_414,datasets\raw\acne04\JPEGImages\levle0_414.jpg,acne04,acne_severity,unassigned,0
levle0_415,datasets\raw\acne04\JPEGImages\levle0_415.jpg,acne04,acne_severity,unassigned,0
levle0_416,datasets\raw\acne04\JPEGImages\levle0_416.jpg,acne04,acne_severity,unassigned,0
levle0_417,datasets\raw\acne04\JPEGImages\levle0_417.jpg,acne04,acne_severity,unassigned,0
levle0_418,datasets\raw\acne04\JPEGImages\levle0_418.jpg,acne04,acne_severity,unassigned,0
levle0_419,datasets\raw\acne04\JPEGImages\levle0_419.jpg,acne04,acne_severity,unassigned,0
levle0_42,datasets\raw\acne04\JPEGImages\levle0_42.jpg,acne04,acne_severity,unassigned,0
levle0_420,datasets\raw\acne04\JPEGImages\levle0_420.jpg,acne04,acne_severity,unassigned,0
levle0_421,datasets\raw\acne04\JPEGImages\levle0_421.jpg,acne04,acne_severity,unassigned,0
levle0_422,datasets\raw\acne04\JPEGImages\levle0_422.jpg,acne04,acne_severity,unassigned,0
levle0_423,datasets\raw\acne04\JPEGImages\levle0_423.jpg,acne04,acne_severity,unassigned,0
levle0_424,datasets\raw\acne04\JPEGImages\levle0_424.jpg,acne04,acne_severity,unassigned,0
levle0_425,datasets\raw\acne04\JPEGImages\levle0_425.jpg,acne04,acne_severity,unassigned,0
levle0_426,datasets\raw\acne04\JPEGImages\levle0_426.jpg,acne04,acne_severity,unassigned,0
levle0_427,datasets\raw\acne04\JPEGImages\levle0_427.jpg,acne04,acne_severity,unassigned,0
levle0_428,datasets\raw\acne04\JPEGImages\levle0_428.jpg,acne04,acne_severity,unassigned,0
levle0_429,datasets\raw\acne04\JPEGImages\levle0_429.jpg,acne04,acne_severity,unassigned,0
levle0_43,datasets\raw\acne04\JPEGImages\levle0_43.jpg,acne04,acne_severity,unassigned,0
levle0_430,datasets\raw\acne04\JPEGImages\levle0_430.jpg,acne04,acne_severity,unassigned,0
levle0_432,datasets\raw\acne04\JPEGImages\levle0_432.jpg,acne04,acne_severity,unassigned,0
levle0_436,datasets\raw\acne04\JPEGImages\levle0_436.jpg,acne04,acne_severity,unassigned,0
levle0_438,datasets\raw\acne04\JPEGImages\levle0_438.jpg,acne04,acne_severity,unassigned,0
levle0_439,datasets\raw\acne04\JPEGImages\levle0_439.jpg,acne04,acne_severity,unassigned,0
levle0_44,datasets\raw\acne04\JPEGImages\levle0_44.jpg,acne04,acne_severity,unassigned,0
levle0_440,datasets\raw\acne04\JPEGImages\levle0_440.jpg,acne04,acne_severity,unassigned,0
levle0_441,datasets\raw\acne04\JPEGImages\levle0_441.jpg,acne04,acne_severity,unassigned,0
levle0_442,datasets\raw\acne04\JPEGImages\levle0_442.jpg,acne04,acne_severity,unassigned,0
levle0_443,datasets\raw\acne04\JPEGImages\levle0_443.jpg,acne04,acne_severity,unassigned,0
levle0_444,datasets\raw\acne04\JPEGImages\levle0_444.jpg,acne04,acne_severity,unassigned,0
levle0_446,datasets\raw\acne04\JPEGImages\levle0_446.jpg,acne04,acne_severity,unassigned,0
levle0_447,datasets\raw\acne04\JPEGImages\levle0_447.jpg,acne04,acne_severity,unassigned,0
levle0_448,datasets\raw\acne04\JPEGImages\levle0_448.jpg,acne04,acne_severity,unassigned,0
levle0_449,datasets\raw\acne04\JPEGImages\levle0_449.jpg,acne04,acne_severity,unassigned,0
levle0_45,datasets\raw\acne04\JPEGImages\levle0_45.jpg,acne04,acne_severity,unassigned,0
levle0_450,datasets\raw\acne04\JPEGImages\levle0_450.jpg,acne04,acne_severity,unassigned,0
levle0_451,datasets\raw\acne04\JPEGImages\levle0_451.jpg,acne04,acne_severity,unassigned,0
levle0_452,datasets\raw\acne04\JPEGImages\levle0_452.jpg,acne04,acne_severity,unassigned,0
levle0_453,datasets\raw\acne04\JPEGImages\levle0_453.jpg,acne04,acne_severity,unassigned,0
levle0_454,datasets\raw\acne04\JPEGImages\levle0_454.jpg,acne04,acne_severity,unassigned,0
levle0_455,datasets\raw\acne04\JPEGImages\levle0_455.jpg,acne04,acne_severity,unassigned,0
levle0_456,datasets\raw\acne04\JPEGImages\levle0_456.jpg,acne04,acne_severity,unassigned,0
levle0_457,datasets\raw\acne04\JPEGImages\levle0_457.jpg,acne04,acne_severity,unassigned,0
levle0_458,datasets\raw\acne04\JPEGImages\levle0_458.jpg,acne04,acne_severity,unassigned,0
levle0_459,datasets\raw\acne04\JPEGImages\levle0_459.jpg,acne04,acne_severity,unassigned,0
levle0_46,datasets\raw\acne04\JPEGImages\levle0_46.jpg,acne04,acne_severity,unassigned,0
levle0_460,datasets\raw\acne04\JPEGImages\levle0_460.jpg,acne04,acne_severity,unassigned,0
levle0_461,datasets\raw\acne04\JPEGImages\levle0_461.jpg,acne04,acne_severity,unassigned,0
levle0_462,datasets\raw\acne04\JPEGImages\levle0_462.jpg,acne04,acne_severity,unassigned,0
levle0_463,datasets\raw\acne04\JPEGImages\levle0_463.jpg,acne04,acne_severity,unassigned,0
levle0_465,datasets\raw\acne04\JPEGImages\levle0_465.jpg,acne04,acne_severity,unassigned,0
levle0_466,datasets\raw\acne04\JPEGImages\levle0_466.jpg,acne04,acne_severity,unassigned,0
levle0_467,datasets\raw\acne04\JPEGImages\levle0_467.jpg,acne04,acne_severity,unassigned,0
levle0_468,datasets\raw\acne04\JPEGImages\levle0_468.jpg,acne04,acne_severity,unassigned,0
levle0_469,datasets\raw\acne04\JPEGImages\levle0_469.jpg,acne04,acne_severity,unassigned,0
levle0_47,datasets\raw\acne04\JPEGImages\levle0_47.jpg,acne04,acne_severity,unassigned,0
levle0_470,datasets\raw\acne04\JPEGImages\levle0_470.jpg,acne04,acne_severity,unassigned,0
levle0_471,datasets\raw\acne04\JPEGImages\levle0_471.jpg,acne04,acne_severity,unassigned,0
levle0_473,datasets\raw\acne04\JPEGImages\levle0_473.jpg,acne04,acne_severity,unassigned,0
levle0_474,datasets\raw\acne04\JPEGImages\levle0_474.jpg,acne04,acne_severity,unassigned,0
levle0_475,datasets\raw\acne04\JPEGImages\levle0_475.jpg,acne04,acne_severity,unassigned,0
levle0_476,datasets\raw\acne04\JPEGImages\levle0_476.jpg,acne04,acne_severity,unassigned,0
levle0_477,datasets\raw\acne04\JPEGImages\levle0_477.jpg,acne04,acne_severity,unassigned,0
levle0_478,datasets\raw\acne04\JPEGImages\levle0_478.jpg,acne04,acne_severity,unassigned,0
levle0_48,datasets\raw\acne04\JPEGImages\levle0_48.jpg,acne04,acne_severity,unassigned,0
levle0_480,datasets\raw\acne04\JPEGImages\levle0_480.jpg,acne04,acne_severity,unassigned,0
levle0_482,datasets\raw\acne04\JPEGImages\levle0_482.jpg,acne04,acne_severity,unassigned,0
levle0_483,datasets\raw\acne04\JPEGImages\levle0_483.jpg,acne04,acne_severity,unassigned,0
levle0_484,datasets\raw\acne04\JPEGImages\levle0_484.jpg,acne04,acne_severity,unassigned,0
levle0_485,datasets\raw\acne04\JPEGImages\levle0_485.jpg,acne04,acne_severity,unassigned,0
levle0_486,datasets\raw\acne04\JPEGImages\levle0_486.jpg,acne04,acne_severity,unassigned,0
levle0_487,datasets\raw\acne04\JPEGImages\levle0_487.jpg,acne04,acne_severity,unassigned,0
levle0_488,datasets\raw\acne04\JPEGImages\levle0_488.jpg,acne04,acne_severity,unassigned,0
levle0_489,datasets\raw\acne04\JPEGImages\levle0_489.jpg,acne04,acne_severity,unassigned,0
levle0_49,datasets\raw\acne04\JPEGImages\levle0_49.jpg,acne04,acne_severity,unassigned,0
levle0_491,datasets\raw\acne04\JPEGImages\levle0_491.jpg,acne04,acne_severity,unassigned,0
levle0_492,datasets\raw\acne04\JPEGImages\levle0_492.jpg,acne04,acne_severity,unassigned,0
levle0_493,datasets\raw\acne04\JPEGImages\levle0_493.jpg,acne04,acne_severity,unassigned,0
levle0_494,datasets\raw\acne04\JPEGImages\levle0_494.jpg,acne04,acne_severity,unassigned,0
levle0_495,datasets\raw\acne04\JPEGImages\levle0_495.jpg,acne04,acne_severity,unassigned,0
levle0_496,datasets\raw\acne04\JPEGImages\levle0_496.jpg,acne04,acne_severity,unassigned,0
levle0_497,datasets\raw\acne04\JPEGImages\levle0_497.jpg,acne04,acne_severity,unassigned,0
levle0_498,datasets\raw\acne04\JPEGImages\levle0_498.jpg,acne04,acne_severity,unassigned,0
levle0_499,datasets\raw\acne04\JPEGImages\levle0_499.jpg,acne04,acne_severity,unassigned,0
levle0_5,datasets\raw\acne04\JPEGImages\levle0_5.jpg,acne04,acne_severity,unassigned,0
levle0_50,datasets\raw\acne04\JPEGImages\levle0_50.jpg,acne04,acne_severity,unassigned,0
levle0_501,datasets\raw\acne04\JPEGImages\levle0_501.jpg,acne04,acne_severity,unassigned,0
levle0_503,datasets\raw\acne04\JPEGImages\levle0_503.jpg,acne04,acne_severity,unassigned,0
levle0_504,datasets\raw\acne04\JPEGImages\levle0_504.jpg,acne04,acne_severity,unassigned,0
levle0_505,datasets\raw\acne04\JPEGImages\levle0_505.jpg,acne04,acne_severity,unassigned,0
levle0_506,datasets\raw\acne04\JPEGImages\levle0_506.jpg,acne04,acne_severity,unassigned,0
levle0_507,datasets\raw\acne04\JPEGImages\levle0_507.jpg,acne04,acne_severity,unassigned,0
levle0_508,datasets\raw\acne04\JPEGImages\levle0_508.jpg,acne04,acne_severity,unassigned,0
levle0_509,datasets\raw\acne04\JPEGImages\levle0_509.jpg,acne04,acne_severity,unassigned,0
levle0_51,datasets\raw\acne04\JPEGImages\levle0_51.jpg,acne04,acne_severity,unassigned,0
levle0_510,datasets\raw\acne04\JPEGImages\levle0_510.jpg,acne04,acne_severity,unassigned,0
levle0_511,datasets\raw\acne04\JPEGImages\levle0_511.jpg,acne04,acne_severity,unassigned,0
levle0_512,datasets\raw\acne04\JPEGImages\levle0_512.jpg,acne04,acne_severity,unassigned,0
levle0_513,datasets\raw\acne04\JPEGImages\levle0_513.jpg,acne04,acne_severity,unassigned,0
levle0_514,datasets\raw\acne04\JPEGImages\levle0_514.jpg,acne04,acne_severity,unassigned,0
levle0_515,datasets\raw\acne04\JPEGImages\levle0_515.jpg,acne04,acne_severity,unassigned,0
levle0_516,datasets\raw\acne04\JPEGImages\levle0_516.jpg,acne04,acne_severity,unassigned,0
levle0_517,datasets\raw\acne04\JPEGImages\levle0_517.jpg,acne04,acne_severity,unassigned,0
levle0_518,datasets\raw\acne04\JPEGImages\levle0_518.jpg,acne04,acne_severity,unassigned,0
levle0_519,datasets\raw\acne04\JPEGImages\levle0_519.jpg,acne04,acne_severity,unassigned,0
levle0_52,datasets\raw\acne04\JPEGImages\levle0_52.jpg,acne04,acne_severity,unassigned,0
levle0_520,datasets\raw\acne04\JPEGImages\levle0_520.jpg,acne04,acne_severity,unassigned,0
levle0_521,datasets\raw\acne04\JPEGImages\levle0_521.jpg,acne04,acne_severity,unassigned,0
levle0_522,datasets\raw\acne04\JPEGImages\levle0_522.jpg,acne04,acne_severity,unassigned,0
levle0_523,datasets\raw\acne04\JPEGImages\levle0_523.jpg,acne04,acne_severity,unassigned,0
levle0_524,datasets\raw\acne04\JPEGImages\levle0_524.jpg,acne04,acne_severity,unassigned,0
levle0_526,datasets\raw\acne04\JPEGImages\levle0_526.jpg,acne04,acne_severity,unassigned,0
levle0_527,datasets\raw\acne04\JPEGImages\levle0_527.jpg,acne04,acne_severity,unassigned,0
levle0_528,datasets\raw\acne04\JPEGImages\levle0_528.jpg,acne04,acne_severity,unassigned,0
levle0_529,datasets\raw\acne04\JPEGImages\levle0_529.jpg,acne04,acne_severity,unassigned,0
levle0_53,datasets\raw\acne04\JPEGImages\levle0_53.jpg,acne04,acne_severity,unassigned,0
levle0_530,datasets\raw\acne04\JPEGImages\levle0_530.jpg,acne04,acne_severity,unassigned,0
levle0_531,datasets\raw\acne04\JPEGImages\levle0_531.jpg,acne04,acne_severity,unassigned,0
levle0_532,datasets\raw\acne04\JPEGImages\levle0_532.jpg,acne04,acne_severity,unassigned,0
levle0_54,datasets\raw\acne04\JPEGImages\levle0_54.jpg,acne04,acne_severity,unassigned,0
levle0_55,datasets\raw\acne04\JPEGImages\levle0_55.jpg,acne04,acne_severity,unassigned,0
levle0_56,datasets\raw\acne04\JPEGImages\levle0_56.jpg,acne04,acne_severity,unassigned,0
levle0_57,datasets\raw\acne04\JPEGImages\levle0_57.jpg,acne04,acne_severity,unassigned,0
levle0_58,datasets\raw\acne04\JPEGImages\levle0_58.jpg,acne04,acne_severity,unassigned,0
levle0_59,datasets\raw\acne04\JPEGImages\levle0_59.jpg,acne04,acne_severity,unassigned,0
levle0_6,datasets\raw\acne04\JPEGImages\levle0_6.jpg,acne04,acne_severity,unassigned,0
levle0_60,datasets\raw\acne04\JPEGImages\levle0_60.jpg,acne04,acne_severity,unassigned,0
levle0_61,datasets\raw\acne04\JPEGImages\levle0_61.jpg,acne04,acne_severity,unassigned,0
levle0_62,datasets\raw\acne04\JPEGImages\levle0_62.jpg,acne04,acne_severity,unassigned,0
levle0_63,datasets\raw\acne04\JPEGImages\levle0_63.jpg,acne04,acne_severity,unassigned,0
levle0_64,datasets\raw\acne04\JPEGImages\levle0_64.jpg,acne04,acne_severity,unassigned,0
levle0_66,datasets\raw\acne04\JPEGImages\levle0_66.jpg,acne04,acne_severity,unassigned,0
levle0_67,datasets\raw\acne04\JPEGImages\levle0_67.jpg,acne04,acne_severity,unassigned,0
levle0_68,datasets\raw\acne04\JPEGImages\levle0_68.jpg,acne04,acne_severity,unassigned,0
levle0_69,datasets\raw\acne04\JPEGImages\levle0_69.jpg,acne04,acne_severity,unassigned,0
levle0_7,datasets\raw\acne04\JPEGImages\levle0_7.jpg,acne04,acne_severity,unassigned,0
levle0_70,datasets\raw\acne04\JPEGImages\levle0_70.jpg,acne04,acne_severity,unassigned,0
levle0_72,datasets\raw\acne04\JPEGImages\levle0_72.jpg,acne04,acne_severity,unassigned,0
levle0_73,datasets\raw\acne04\JPEGImages\levle0_73.jpg,acne04,acne_severity,unassigned,0
levle0_74,datasets\raw\acne04\JPEGImages\levle0_74.jpg,acne04,acne_severity,unassigned,0
levle0_75,datasets\raw\acne04\JPEGImages\levle0_75.jpg,acne04,acne_severity,unassigned,0
levle0_76,datasets\raw\acne04\JPEGImages\levle0_76.jpg,acne04,acne_severity,unassigned,0
levle0_77,datasets\raw\acne04\JPEGImages\levle0_77.jpg,acne04,acne_severity,unassigned,0
levle0_78,datasets\raw\acne04\JPEGImages\levle0_78.jpg,acne04,acne_severity,unassigned,0
levle0_79,datasets\raw\acne04\JPEGImages\levle0_79.jpg,acne04,acne_severity,unassigned,0
levle0_8,datasets\raw\acne04\JPEGImages\levle0_8.jpg,acne04,acne_severity,unassigned,0
levle0_80,datasets\raw\acne04\JPEGImages\levle0_80.jpg,acne04,acne_severity,unassigned,0
levle0_81,datasets\raw\acne04\JPEGImages\levle0_81.jpg,acne04,acne_severity,unassigned,0
levle0_82,datasets\raw\acne04\JPEGImages\levle0_82.jpg,acne04,acne_severity,unassigned,0
levle0_83,datasets\raw\acne04\JPEGImages\levle0_83.jpg,acne04,acne_severity,unassigned,0
levle0_85,datasets\raw\acne04\JPEGImages\levle0_85.jpg,acne04,acne_severity,unassigned,0
levle0_86,datasets\raw\acne04\JPEGImages\levle0_86.jpg,acne04,acne_severity,unassigned,0
levle0_87,datasets\raw\acne04\JPEGImages\levle0_87.jpg,acne04,acne_severity,unassigned,0
levle0_88,datasets\raw\acne04\JPEGImages\levle0_88.jpg,acne04,acne_severity,unassigned,0
levle0_89,datasets\raw\acne04\JPEGImages\levle0_89.jpg,acne04,acne_severity,unassigned,0
levle0_9,datasets\raw\acne04\JPEGImages\levle0_9.jpg,acne04,acne_severity,unassigned,0
levle0_90,datasets\raw\acne04\JPEGImages\levle0_90.jpg,acne04,acne_severity,unassigned,0
levle0_91,datasets\raw\acne04\JPEGImages\levle0_91.jpg,acne04,acne_severity,unassigned,0
levle0_92,datasets\raw\acne04\JPEGImages\levle0_92.jpg,acne04,acne_severity,unassigned,0
levle0_94,datasets\raw\acne04\JPEGImages\levle0_94.jpg,acne04,acne_severity,unassigned,0
levle0_95,datasets\raw\acne04\JPEGImages\levle0_95.jpg,acne04,acne_severity,unassigned,0
levle0_96,datasets\raw\acne04\JPEGImages\levle0_96.jpg,acne04,acne_severity,unassigned,0
levle0_97,datasets\raw\acne04\JPEGImages\levle0_97.jpg,acne04,acne_severity,unassigned,0
levle0_98,datasets\raw\acne04\JPEGImages\levle0_98.jpg,acne04,acne_severity,unassigned,0
levle0_99,datasets\raw\acne04\JPEGImages\levle0_99.jpg,acne04,acne_severity,unassigned,0
levle1_0,datasets\raw\acne04\JPEGImages\levle1_0.jpg,acne04,acne_severity,unassigned,1
levle1_1,datasets\raw\acne04\JPEGImages\levle1_1.jpg,acne04,acne_severity,unassigned,1
levle1_10,datasets\raw\acne04\JPEGImages\levle1_10.jpg,acne04,acne_severity,unassigned,1
levle1_100,datasets\raw\acne04\JPEGImages\levle1_100.jpg,acne04,acne_severity,unassigned,1
levle1_101,datasets\raw\acne04\JPEGImages\levle1_101.jpg,acne04,acne_severity,unassigned,1
levle1_102,datasets\raw\acne04\JPEGImages\levle1_102.jpg,acne04,acne_severity,unassigned,1
levle1_103,datasets\raw\acne04\JPEGImages\levle1_103.jpg,acne04,acne_severity,unassigned,1
levle1_104,datasets\raw\acne04\JPEGImages\levle1_104.jpg,acne04,acne_severity,unassigned,1
levle1_105,datasets\raw\acne04\JPEGImages\levle1_105.jpg,acne04,acne_severity,unassigned,1
levle1_106,datasets\raw\acne04\JPEGImages\levle1_106.jpg,acne04,acne_severity,unassigned,1
levle1_107,datasets\raw\acne04\JPEGImages\levle1_107.jpg,acne04,acne_severity,unassigned,1
levle1_108,datasets\raw\acne04\JPEGImages\levle1_108.jpg,acne04,acne_severity,unassigned,1
levle1_109,datasets\raw\acne04\JPEGImages\levle1_109.jpg,acne04,acne_severity,unassigned,1
levle1_11,datasets\raw\acne04\JPEGImages\levle1_11.jpg,acne04,acne_severity,unassigned,1
levle1_110,datasets\raw\acne04\JPEGImages\levle1_110.jpg,acne04,acne_severity,unassigned,1
levle1_111,datasets\raw\acne04\JPEGImages\levle1_111.jpg,acne04,acne_severity,unassigned,1
levle1_112,datasets\raw\acne04\JPEGImages\levle1_112.jpg,acne04,acne_severity,unassigned,1
levle1_113,datasets\raw\acne04\JPEGImages\levle1_113.jpg,acne04,acne_severity,unassigned,1
levle1_114,datasets\raw\acne04\JPEGImages\levle1_114.jpg,acne04,acne_severity,unassigned,1
levle1_115,datasets\raw\acne04\JPEGImages\levle1_115.jpg,acne04,acne_severity,unassigned,1
levle1_116,datasets\raw\acne04\JPEGImages\levle1_116.jpg,acne04,acne_severity,unassigned,1
levle1_117,datasets\raw\acne04\JPEGImages\levle1_117.jpg,acne04,acne_severity,unassigned,1
levle1_118,datasets\raw\acne04\JPEGImages\levle1_118.jpg,acne04,acne_severity,unassigned,1
levle1_119,datasets\raw\acne04\JPEGImages\levle1_119.jpg,acne04,acne_severity,unassigned,1
levle1_12,datasets\raw\acne04\JPEGImages\levle1_12.jpg,acne04,acne_severity,unassigned,1
levle1_120,datasets\raw\acne04\JPEGImages\levle1_120.jpg,acne04,acne_severity,unassigned,1
levle1_121,datasets\raw\acne04\JPEGImages\levle1_121.jpg,acne04,acne_severity,unassigned,1
levle1_122,datasets\raw\acne04\JPEGImages\levle1_122.jpg,acne04,acne_severity,unassigned,1
levle1_123,datasets\raw\acne04\JPEGImages\levle1_123.jpg,acne04,acne_severity,unassigned,1
levle1_124,datasets\raw\acne04\JPEGImages\levle1_124.jpg,acne04,acne_severity,unassigned,1
levle1_125,datasets\raw\acne04\JPEGImages\levle1_125.jpg,acne04,acne_severity,unassigned,1
levle1_126,datasets\raw\acne04\JPEGImages\levle1_126.jpg,acne04,acne_severity,unassigned,1
levle1_127,datasets\raw\acne04\JPEGImages\levle1_127.jpg,acne04,acne_severity,unassigned,1
levle1_128,datasets\raw\acne04\JPEGImages\levle1_128.jpg,acne04,acne_severity,unassigned,1
levle1_129,datasets\raw\acne04\JPEGImages\levle1_129.jpg,acne04,acne_severity,unassigned,1
levle1_13,datasets\raw\acne04\JPEGImages\levle1_13.jpg,acne04,acne_severity,unassigned,1
levle1_130,datasets\raw\acne04\JPEGImages\levle1_130.jpg,acne04,acne_severity,unassigned,1
levle1_131,datasets\raw\acne04\JPEGImages\levle1_131.jpg,acne04,acne_severity,unassigned,1
levle1_132,datasets\raw\acne04\JPEGImages\levle1_132.jpg,acne04,acne_severity,unassigned,1
levle1_133,datasets\raw\acne04\JPEGImages\levle1_133.jpg,acne04,acne_severity,unassigned,1
levle1_134,datasets\raw\acne04\JPEGImages\levle1_134.jpg,acne04,acne_severity,unassigned,1
levle1_135,datasets\raw\acne04\JPEGImages\levle1_135.jpg,acne04,acne_severity,unassigned,1
levle1_136,datasets\raw\acne04\JPEGImages\levle1_136.jpg,acne04,acne_severity,unassigned,1
levle1_137,datasets\raw\acne04\JPEGImages\levle1_137.jpg,acne04,acne_severity,unassigned,1
levle1_138,datasets\raw\acne04\JPEGImages\levle1_138.jpg,acne04,acne_severity,unassigned,1
levle1_139,datasets\raw\acne04\JPEGImages\levle1_139.jpg,acne04,acne_severity,unassigned,1
levle1_14,datasets\raw\acne04\JPEGImages\levle1_14.jpg,acne04,acne_severity,unassigned,1
levle1_140,datasets\raw\acne04\JPEGImages\levle1_140.jpg,acne04,acne_severity,unassigned,1
levle1_141,datasets\raw\acne04\JPEGImages\levle1_141.jpg,acne04,acne_severity,unassigned,1
levle1_142,datasets\raw\acne04\JPEGImages\levle1_142.jpg,acne04,acne_severity,unassigned,1
levle1_143,datasets\raw\acne04\JPEGImages\levle1_143.jpg,acne04,acne_severity,unassigned,1
levle1_144,datasets\raw\acne04\JPEGImages\levle1_144.jpg,acne04,acne_severity,unassigned,1
levle1_145,datasets\raw\acne04\JPEGImages\levle1_145.jpg,acne04,acne_severity,unassigned,1
levle1_146,datasets\raw\acne04\JPEGImages\levle1_146.jpg,acne04,acne_severity,unassigned,1
levle1_147,datasets\raw\acne04\JPEGImages\levle1_147.jpg,acne04,acne_severity,unassigned,1
levle1_149,datasets\raw\acne04\JPEGImages\levle1_149.jpg,acne04,acne_severity,unassigned,1
levle1_15,datasets\raw\acne04\JPEGImages\levle1_15.jpg,acne04,acne_severity,unassigned,1
levle1_150,datasets\raw\acne04\JPEGImages\levle1_150.jpg,acne04,acne_severity,unassigned,1
levle1_151,datasets\raw\acne04\JPEGImages\levle1_151.jpg,acne04,acne_severity,unassigned,1
levle1_152,datasets\raw\acne04\JPEGImages\levle1_152.jpg,acne04,acne_severity,unassigned,1
levle1_153,datasets\raw\acne04\JPEGImages\levle1_153.jpg,acne04,acne_severity,unassigned,1
levle1_154,datasets\raw\acne04\JPEGImages\levle1_154.jpg,acne04,acne_severity,unassigned,1
levle1_155,datasets\raw\acne04\JPEGImages\levle1_155.jpg,acne04,acne_severity,unassigned,1
levle1_156,datasets\raw\acne04\JPEGImages\levle1_156.jpg,acne04,acne_severity,unassigned,1
levle1_157,datasets\raw\acne04\JPEGImages\levle1_157.jpg,acne04,acne_severity,unassigned,1
levle1_158,datasets\raw\acne04\JPEGImages\levle1_158.jpg,acne04,acne_severity,unassigned,1
levle1_159,datasets\raw\acne04\JPEGImages\levle1_159.jpg,acne04,acne_severity,unassigned,1
levle1_16,datasets\raw\acne04\JPEGImages\levle1_16.jpg,acne04,acne_severity,unassigned,1
levle1_160,datasets\raw\acne04\JPEGImages\levle1_160.jpg,acne04,acne_severity,unassigned,1
levle1_161,datasets\raw\acne04\JPEGImages\levle1_161.jpg,acne04,acne_severity,unassigned,1
levle1_162,datasets\raw\acne04\JPEGImages\levle1_162.jpg,acne04,acne_severity,unassigned,1
levle1_163,datasets\raw\acne04\JPEGImages\levle1_163.jpg,acne04,acne_severity,unassigned,1
levle1_164,datasets\raw\acne04\JPEGImages\levle1_164.jpg,acne04,acne_severity,unassigned,1
levle1_165,datasets\raw\acne04\JPEGImages\levle1_165.jpg,acne04,acne_severity,unassigned,1
levle1_166,datasets\raw\acne04\JPEGImages\levle1_166.jpg,acne04,acne_severity,unassigned,1
levle1_167,datasets\raw\acne04\JPEGImages\levle1_167.jpg,acne04,acne_severity,unassigned,1
levle1_168,datasets\raw\acne04\JPEGImages\levle1_168.jpg,acne04,acne_severity,unassigned,1
levle1_169,datasets\raw\acne04\JPEGImages\levle1_169.jpg,acne04,acne_severity,unassigned,1
levle1_17,datasets\raw\acne04\JPEGImages\levle1_17.jpg,acne04,acne_severity,unassigned,1
levle1_170,datasets\raw\acne04\JPEGImages\levle1_170.jpg,acne04,acne_severity,unassigned,1
levle1_171,datasets\raw\acne04\JPEGImages\levle1_171.jpg,acne04,acne_severity,unassigned,1
levle1_172,datasets\raw\acne04\JPEGImages\levle1_172.jpg,acne04,acne_severity,unassigned,1
levle1_173,datasets\raw\acne04\JPEGImages\levle1_173.jpg,acne04,acne_severity,unassigned,1
levle1_174,datasets\raw\acne04\JPEGImages\levle1_174.jpg,acne04,acne_severity,unassigned,1
levle1_175,datasets\raw\acne04\JPEGImages\levle1_175.jpg,acne04,acne_severity,unassigned,1
levle1_176,datasets\raw\acne04\JPEGImages\levle1_176.jpg,acne04,acne_severity,unassigned,1
levle1_177,datasets\raw\acne04\JPEGImages\levle1_177.jpg,acne04,acne_severity,unassigned,1
levle1_178,datasets\raw\acne04\JPEGImages\levle1_178.jpg,acne04,acne_severity,unassigned,1
levle1_179,datasets\raw\acne04\JPEGImages\levle1_179.jpg,acne04,acne_severity,unassigned,1
levle1_18,datasets\raw\acne04\JPEGImages\levle1_18.jpg,acne04,acne_severity,unassigned,1
levle1_180,datasets\raw\acne04\JPEGImages\levle1_180.jpg,acne04,acne_severity,unassigned,1
levle1_181,datasets\raw\acne04\JPEGImages\levle1_181.jpg,acne04,acne_severity,unassigned,1
levle1_182,datasets\raw\acne04\JPEGImages\levle1_182.jpg,acne04,acne_severity,unassigned,1
levle1_183,datasets\raw\acne04\JPEGImages\levle1_183.jpg,acne04,acne_severity,unassigned,1
levle1_184,datasets\raw\acne04\JPEGImages\levle1_184.jpg,acne04,acne_severity,unassigned,1
levle1_185,datasets\raw\acne04\JPEGImages\levle1_185.jpg,acne04,acne_severity,unassigned,1
levle1_186,datasets\raw\acne04\JPEGImages\levle1_186.jpg,acne04,acne_severity,unassigned,1
levle1_187,datasets\raw\acne04\JPEGImages\levle1_187.jpg,acne04,acne_severity,unassigned,1
levle1_188,datasets\raw\acne04\JPEGImages\levle1_188.jpg,acne04,acne_severity,unassigned,1
levle1_189,datasets\raw\acne04\JPEGImages\levle1_189.jpg,acne04,acne_severity,unassigned,1
levle1_19,datasets\raw\acne04\JPEGImages\levle1_19.jpg,acne04,acne_severity,unassigned,1
levle1_190,datasets\raw\acne04\JPEGImages\levle1_190.jpg,acne04,acne_severity,unassigned,1
levle1_191,datasets\raw\acne04\JPEGImages\levle1_191.jpg,acne04,acne_severity,unassigned,1
levle1_192,datasets\raw\acne04\JPEGImages\levle1_192.jpg,acne04,acne_severity,unassigned,1
levle1_193,datasets\raw\acne04\JPEGImages\levle1_193.jpg,acne04,acne_severity,unassigned,1
levle1_194,datasets\raw\acne04\JPEGImages\levle1_194.jpg,acne04,acne_severity,unassigned,1
levle1_195,datasets\raw\acne04\JPEGImages\levle1_195.jpg,acne04,acne_severity,unassigned,1
levle1_196,datasets\raw\acne04\JPEGImages\levle1_196.jpg,acne04,acne_severity,unassigned,1
levle1_197,datasets\raw\acne04\JPEGImages\levle1_197.jpg,acne04,acne_severity,unassigned,1
levle1_198,datasets\raw\acne04\JPEGImages\levle1_198.jpg,acne04,acne_severity,unassigned,1
levle1_199,datasets\raw\acne04\JPEGImages\levle1_199.jpg,acne04,acne_severity,unassigned,1
levle1_2,datasets\raw\acne04\JPEGImages\levle1_2.jpg,acne04,acne_severity,unassigned,1
levle1_20,datasets\raw\acne04\JPEGImages\levle1_20.jpg,acne04,acne_severity,unassigned,1
levle1_200,datasets\raw\acne04\JPEGImages\levle1_200.jpg,acne04,acne_severity,unassigned,1
levle1_201,datasets\raw\acne04\JPEGImages\levle1_201.jpg,acne04,acne_severity,unassigned,1
levle1_202,datasets\raw\acne04\JPEGImages\levle1_202.jpg,acne04,acne_severity,unassigned,1
levle1_203,datasets\raw\acne04\JPEGImages\levle1_203.jpg,acne04,acne_severity,unassigned,1
levle1_204,datasets\raw\acne04\JPEGImages\levle1_204.jpg,acne04,acne_severity,unassigned,1
levle1_205,datasets\raw\acne04\JPEGImages\levle1_205.jpg,acne04,acne_severity,unassigned,1
levle1_206,datasets\raw\acne04\JPEGImages\levle1_206.jpg,acne04,acne_severity,unassigned,1
levle1_207,datasets\raw\acne04\JPEGImages\levle1_207.jpg,acne04,acne_severity,unassigned,1
levle1_208,datasets\raw\acne04\JPEGImages\levle1_208.jpg,acne04,acne_severity,unassigned,1
levle1_209,datasets\raw\acne04\JPEGImages\levle1_209.jpg,acne04,acne_severity,unassigned,1
levle1_21,datasets\raw\acne04\JPEGImages\levle1_21.jpg,acne04,acne_severity,unassigned,1
levle1_210,datasets\raw\acne04\JPEGImages\levle1_210.jpg,acne04,acne_severity,unassigned,1
levle1_211,datasets\raw\acne04\JPEGImages\levle1_211.jpg,acne04,acne_severity,unassigned,1
levle1_212,datasets\raw\acne04\JPEGImages\levle1_212.jpg,acne04,acne_severity,unassigned,1
levle1_213,datasets\raw\acne04\JPEGImages\levle1_213.jpg,acne04,acne_severity,unassigned,1
levle1_214,datasets\raw\acne04\JPEGImages\levle1_214.jpg,acne04,acne_severity,unassigned,1
levle1_215,datasets\raw\acne04\JPEGImages\levle1_215.jpg,acne04,acne_severity,unassigned,1
levle1_216,datasets\raw\acne04\JPEGImages\levle1_216.jpg,acne04,acne_severity,unassigned,1
levle1_217,datasets\raw\acne04\JPEGImages\levle1_217.jpg,acne04,acne_severity,unassigned,1
levle1_218,datasets\raw\acne04\JPEGImages\levle1_218.jpg,acne04,acne_severity,unassigned,1
levle1_219,datasets\raw\acne04\JPEGImages\levle1_219.jpg,acne04,acne_severity,unassigned,1
levle1_22,datasets\raw\acne04\JPEGImages\levle1_22.jpg,acne04,acne_severity,unassigned,1
levle1_220,datasets\raw\acne04\JPEGImages\levle1_220.jpg,acne04,acne_severity,unassigned,1
levle1_221,datasets\raw\acne04\JPEGImages\levle1_221.jpg,acne04,acne_severity,unassigned,1
levle1_222,datasets\raw\acne04\JPEGImages\levle1_222.jpg,acne04,acne_severity,unassigned,1
levle1_223,datasets\raw\acne04\JPEGImages\levle1_223.jpg,acne04,acne_severity,unassigned,1
levle1_224,datasets\raw\acne04\JPEGImages\levle1_224.jpg,acne04,acne_severity,unassigned,1
levle1_225,datasets\raw\acne04\JPEGImages\levle1_225.jpg,acne04,acne_severity,unassigned,1
levle1_226,datasets\raw\acne04\JPEGImages\levle1_226.jpg,acne04,acne_severity,unassigned,1
levle1_227,datasets\raw\acne04\JPEGImages\levle1_227.jpg,acne04,acne_severity,unassigned,1
levle1_228,datasets\raw\acne04\JPEGImages\levle1_228.jpg,acne04,acne_severity,unassigned,1
levle1_229,datasets\raw\acne04\JPEGImages\levle1_229.jpg,acne04,acne_severity,unassigned,1
levle1_23,datasets\raw\acne04\JPEGImages\levle1_23.jpg,acne04,acne_severity,unassigned,1
levle1_230,datasets\raw\acne04\JPEGImages\levle1_230.jpg,acne04,acne_severity,unassigned,1
levle1_231,datasets\raw\acne04\JPEGImages\levle1_231.jpg,acne04,acne_severity,unassigned,1
levle1_232,datasets\raw\acne04\JPEGImages\levle1_232.jpg,acne04,acne_severity,unassigned,1
levle1_233,datasets\raw\acne04\JPEGImages\levle1_233.jpg,acne04,acne_severity,unassigned,1
levle1_234,datasets\raw\acne04\JPEGImages\levle1_234.jpg,acne04,acne_severity,unassigned,1
levle1_235,datasets\raw\acne04\JPEGImages\levle1_235.jpg,acne04,acne_severity,unassigned,1
levle1_236,datasets\raw\acne04\JPEGImages\levle1_236.jpg,acne04,acne_severity,unassigned,1
levle1_237,datasets\raw\acne04\JPEGImages\levle1_237.jpg,acne04,acne_severity,unassigned,1
levle1_238,datasets\raw\acne04\JPEGImages\levle1_238.jpg,acne04,acne_severity,unassigned,1
levle1_239,datasets\raw\acne04\JPEGImages\levle1_239.jpg,acne04,acne_severity,unassigned,1
levle1_24,datasets\raw\acne04\JPEGImages\levle1_24.jpg,acne04,acne_severity,unassigned,1
levle1_240,datasets\raw\acne04\JPEGImages\levle1_240.jpg,acne04,acne_severity,unassigned,1
levle1_241,datasets\raw\acne04\JPEGImages\levle1_241.jpg,acne04,acne_severity,unassigned,1
levle1_242,datasets\raw\acne04\JPEGImages\levle1_242.jpg,acne04,acne_severity,unassigned,1
levle1_243,datasets\raw\acne04\JPEGImages\levle1_243.jpg,acne04,acne_severity,unassigned,1
levle1_244,datasets\raw\acne04\JPEGImages\levle1_244.jpg,acne04,acne_severity,unassigned,1
levle1_245,datasets\raw\acne04\JPEGImages\levle1_245.jpg,acne04,acne_severity,unassigned,1
levle1_246,datasets\raw\acne04\JPEGImages\levle1_246.jpg,acne04,acne_severity,unassigned,1
levle1_247,datasets\raw\acne04\JPEGImages\levle1_247.jpg,acne04,acne_severity,unassigned,1
levle1_248,datasets\raw\acne04\JPEGImages\levle1_248.jpg,acne04,acne_severity,unassigned,1
levle1_249,datasets\raw\acne04\JPEGImages\levle1_249.jpg,acne04,acne_severity,unassigned,1
levle1_25,datasets\raw\acne04\JPEGImages\levle1_25.jpg,acne04,acne_severity,unassigned,1
levle1_250,datasets\raw\acne04\JPEGImages\levle1_250.jpg,acne04,acne_severity,unassigned,1
levle1_251,datasets\raw\acne04\JPEGImages\levle1_251.jpg,acne04,acne_severity,unassigned,1
levle1_252,datasets\raw\acne04\JPEGImages\levle1_252.jpg,acne04,acne_severity,unassigned,1
levle1_253,datasets\raw\acne04\JPEGImages\levle1_253.jpg,acne04,acne_severity,unassigned,1
levle1_254,datasets\raw\acne04\JPEGImages\levle1_254.jpg,acne04,acne_severity,unassigned,1
levle1_255,datasets\raw\acne04\JPEGImages\levle1_255.jpg,acne04,acne_severity,unassigned,1
levle1_256,datasets\raw\acne04\JPEGImages\levle1_256.jpg,acne04,acne_severity,unassigned,1
levle1_257,datasets\raw\acne04\JPEGImages\levle1_257.jpg,acne04,acne_severity,unassigned,1
levle1_258,datasets\raw\acne04\JPEGImages\levle1_258.jpg,acne04,acne_severity,unassigned,1
levle1_259,datasets\raw\acne04\JPEGImages\levle1_259.jpg,acne04,acne_severity,unassigned,1
levle1_26,datasets\raw\acne04\JPEGImages\levle1_26.jpg,acne04,acne_severity,unassigned,1
levle1_260,datasets\raw\acne04\JPEGImages\levle1_260.jpg,acne04,acne_severity,unassigned,1
levle1_261,datasets\raw\acne04\JPEGImages\levle1_261.jpg,acne04,acne_severity,unassigned,1
levle1_262,datasets\raw\acne04\JPEGImages\levle1_262.jpg,acne04,acne_severity,unassigned,1
levle1_263,datasets\raw\acne04\JPEGImages\levle1_263.jpg,acne04,acne_severity,unassigned,1
levle1_264,datasets\raw\acne04\JPEGImages\levle1_264.jpg,acne04,acne_severity,unassigned,1
levle1_265,datasets\raw\acne04\JPEGImages\levle1_265.jpg,acne04,acne_severity,unassigned,1
levle1_266,datasets\raw\acne04\JPEGImages\levle1_266.jpg,acne04,acne_severity,unassigned,1
levle1_267,datasets\raw\acne04\JPEGImages\levle1_267.jpg,acne04,acne_severity,unassigned,1
levle1_268,datasets\raw\acne04\JPEGImages\levle1_268.jpg,acne04,acne_severity,unassigned,1
levle1_269,datasets\raw\acne04\JPEGImages\levle1_269.jpg,acne04,acne_severity,unassigned,1
levle1_27,datasets\raw\acne04\JPEGImages\levle1_27.jpg,acne04,acne_severity,unassigned,1
levle1_270,datasets\raw\acne04\JPEGImages\levle1_270.jpg,acne04,acne_severity,unassigned,1
levle1_271,datasets\raw\acne04\JPEGImages\levle1_271.jpg,acne04,acne_severity,unassigned,1
levle1_272,datasets\raw\acne04\JPEGImages\levle1_272.jpg,acne04,acne_severity,unassigned,1
levle1_273,datasets\raw\acne04\JPEGImages\levle1_273.jpg,acne04,acne_severity,unassigned,1
levle1_274,datasets\raw\acne04\JPEGImages\levle1_274.jpg,acne04,acne_severity,unassigned,1
levle1_275,datasets\raw\acne04\JPEGImages\levle1_275.jpg,acne04,acne_severity,unassigned,1
levle1_276,datasets\raw\acne04\JPEGImages\levle1_276.jpg,acne04,acne_severity,unassigned,1
levle1_277,datasets\raw\acne04\JPEGImages\levle1_277.jpg,acne04,acne_severity,unassigned,1
levle1_278,datasets\raw\acne04\JPEGImages\levle1_278.jpg,acne04,acne_severity,unassigned,1
levle1_279,datasets\raw\acne04\JPEGImages\levle1_279.jpg,acne04,acne_severity,unassigned,1
levle1_28,datasets\raw\acne04\JPEGImages\levle1_28.jpg,acne04,acne_severity,unassigned,1
levle1_280,datasets\raw\acne04\JPEGImages\levle1_280.jpg,acne04,acne_severity,unassigned,1
levle1_281,datasets\raw\acne04\JPEGImages\levle1_281.jpg,acne04,acne_severity,unassigned,1
levle1_282,datasets\raw\acne04\JPEGImages\levle1_282.jpg,acne04,acne_severity,unassigned,1
levle1_283,datasets\raw\acne04\JPEGImages\levle1_283.jpg,acne04,acne_severity,unassigned,1
levle1_284,datasets\raw\acne04\JPEGImages\levle1_284.jpg,acne04,acne_severity,unassigned,1
levle1_285,datasets\raw\acne04\JPEGImages\levle1_285.jpg,acne04,acne_severity,unassigned,1
levle1_286,datasets\raw\acne04\JPEGImages\levle1_286.jpg,acne04,acne_severity,unassigned,1
levle1_287,datasets\raw\acne04\JPEGImages\levle1_287.jpg,acne04,acne_severity,unassigned,1
levle1_288,datasets\raw\acne04\JPEGImages\levle1_288.jpg,acne04,acne_severity,unassigned,1
levle1_289,datasets\raw\acne04\JPEGImages\levle1_289.jpg,acne04,acne_severity,unassigned,1
levle1_29,datasets\raw\acne04\JPEGImages\levle1_29.jpg,acne04,acne_severity,unassigned,1
levle1_290,datasets\raw\acne04\JPEGImages\levle1_290.jpg,acne04,acne_severity,unassigned,1
levle1_291,datasets\raw\acne04\JPEGImages\levle1_291.jpg,acne04,acne_severity,unassigned,1
levle1_292,datasets\raw\acne04\JPEGImages\levle1_292.jpg,acne04,acne_severity,unassigned,1
levle1_293,datasets\raw\acne04\JPEGImages\levle1_293.jpg,acne04,acne_severity,unassigned,1
levle1_294,datasets\raw\acne04\JPEGImages\levle1_294.jpg,acne04,acne_severity,unassigned,1
levle1_295,datasets\raw\acne04\JPEGImages\levle1_295.jpg,acne04,acne_severity,unassigned,1
levle1_296,datasets\raw\acne04\JPEGImages\levle1_296.jpg,acne04,acne_severity,unassigned,1
levle1_297,datasets\raw\acne04\JPEGImages\levle1_297.jpg,acne04,acne_severity,unassigned,1
levle1_298,datasets\raw\acne04\JPEGImages\levle1_298.jpg,acne04,acne_severity,unassigned,1
levle1_299,datasets\raw\acne04\JPEGImages\levle1_299.jpg,acne04,acne_severity,unassigned,1
levle1_3,datasets\raw\acne04\JPEGImages\levle1_3.jpg,acne04,acne_severity,unassigned,1
levle1_30,datasets\raw\acne04\JPEGImages\levle1_30.jpg,acne04,acne_severity,unassigned,1
levle1_300,datasets\raw\acne04\JPEGImages\levle1_300.jpg,acne04,acne_severity,unassigned,1
levle1_301,datasets\raw\acne04\JPEGImages\levle1_301.jpg,acne04,acne_severity,unassigned,1
levle1_302,datasets\raw\acne04\JPEGImages\levle1_302.jpg,acne04,acne_severity,unassigned,1
levle1_303,datasets\raw\acne04\JPEGImages\levle1_303.jpg,acne04,acne_severity,unassigned,1
levle1_304,datasets\raw\acne04\JPEGImages\levle1_304.jpg,acne04,acne_severity,unassigned,1
levle1_305,datasets\raw\acne04\JPEGImages\levle1_305.jpg,acne04,acne_severity,unassigned,1
levle1_306,datasets\raw\acne04\JPEGImages\levle1_306.jpg,acne04,acne_severity,unassigned,1
levle1_307,datasets\raw\acne04\JPEGImages\levle1_307.jpg,acne04,acne_severity,unassigned,1
levle1_308,datasets\raw\acne04\JPEGImages\levle1_308.jpg,acne04,acne_severity,unassigned,1
levle1_309,datasets\raw\acne04\JPEGImages\levle1_309.jpg,acne04,acne_severity,unassigned,1
levle1_31,datasets\raw\acne04\JPEGImages\levle1_31.jpg,acne04,acne_severity,unassigned,1
levle1_310,datasets\raw\acne04\JPEGImages\levle1_310.jpg,acne04,acne_severity,unassigned,1
levle1_311,datasets\raw\acne04\JPEGImages\levle1_311.jpg,acne04,acne_severity,unassigned,1
levle1_312,datasets\raw\acne04\JPEGImages\levle1_312.jpg,acne04,acne_severity,unassigned,1
levle1_313,datasets\raw\acne04\JPEGImages\levle1_313.jpg,acne04,acne_severity,unassigned,1
levle1_314,datasets\raw\acne04\JPEGImages\levle1_314.jpg,acne04,acne_severity,unassigned,1
levle1_315,datasets\raw\acne04\JPEGImages\levle1_315.jpg,acne04,acne_severity,unassigned,1
levle1_316,datasets\raw\acne04\JPEGImages\levle1_316.jpg,acne04,acne_severity,unassigned,1
levle1_317,datasets\raw\acne04\JPEGImages\levle1_317.jpg,acne04,acne_severity,unassigned,1
levle1_318,datasets\raw\acne04\JPEGImages\levle1_318.jpg,acne04,acne_severity,unassigned,1
levle1_319,datasets\raw\acne04\JPEGImages\levle1_319.jpg,acne04,acne_severity,unassigned,1
levle1_32,datasets\raw\acne04\JPEGImages\levle1_32.jpg,acne04,acne_severity,unassigned,1
levle1_320,datasets\raw\acne04\JPEGImages\levle1_320.jpg,acne04,acne_severity,unassigned,1
levle1_321,datasets\raw\acne04\JPEGImages\levle1_321.jpg,acne04,acne_severity,unassigned,1
levle1_322,datasets\raw\acne04\JPEGImages\levle1_322.jpg,acne04,acne_severity,unassigned,1
levle1_323,datasets\raw\acne04\JPEGImages\levle1_323.jpg,acne04,acne_severity,unassigned,1
levle1_324,datasets\raw\acne04\JPEGImages\levle1_324.jpg,acne04,acne_severity,unassigned,1
levle1_325,datasets\raw\acne04\JPEGImages\levle1_325.jpg,acne04,acne_severity,unassigned,1
levle1_326,datasets\raw\acne04\JPEGImages\levle1_326.jpg,acne04,acne_severity,unassigned,1
levle1_327,datasets\raw\acne04\JPEGImages\levle1_327.jpg,acne04,acne_severity,unassigned,1
levle1_328,datasets\raw\acne04\JPEGImages\levle1_328.jpg,acne04,acne_severity,unassigned,1
levle1_329,datasets\raw\acne04\JPEGImages\levle1_329.jpg,acne04,acne_severity,unassigned,1
levle1_33,datasets\raw\acne04\JPEGImages\levle1_33.jpg,acne04,acne_severity,unassigned,1
levle1_330,datasets\raw\acne04\JPEGImages\levle1_330.jpg,acne04,acne_severity,unassigned,1
levle1_331,datasets\raw\acne04\JPEGImages\levle1_331.jpg,acne04,acne_severity,unassigned,1
levle1_332,datasets\raw\acne04\JPEGImages\levle1_332.jpg,acne04,acne_severity,unassigned,1
levle1_333,datasets\raw\acne04\JPEGImages\levle1_333.jpg,acne04,acne_severity,unassigned,1
levle1_334,datasets\raw\acne04\JPEGImages\levle1_334.jpg,acne04,acne_severity,unassigned,1
levle1_335,datasets\raw\acne04\JPEGImages\levle1_335.jpg,acne04,acne_severity,unassigned,1
levle1_336,datasets\raw\acne04\JPEGImages\levle1_336.jpg,acne04,acne_severity,unassigned,1
levle1_337,datasets\raw\acne04\JPEGImages\levle1_337.jpg,acne04,acne_severity,unassigned,1
levle1_338,datasets\raw\acne04\JPEGImages\levle1_338.jpg,acne04,acne_severity,unassigned,1
levle1_339,datasets\raw\acne04\JPEGImages\levle1_339.jpg,acne04,acne_severity,unassigned,1
levle1_34,datasets\raw\acne04\JPEGImages\levle1_34.jpg,acne04,acne_severity,unassigned,1
levle1_340,datasets\raw\acne04\JPEGImages\levle1_340.jpg,acne04,acne_severity,unassigned,1
levle1_341,datasets\raw\acne04\JPEGImages\levle1_341.jpg,acne04,acne_severity,unassigned,1
levle1_342,datasets\raw\acne04\JPEGImages\levle1_342.jpg,acne04,acne_severity,unassigned,1
levle1_343,datasets\raw\acne04\JPEGImages\levle1_343.jpg,acne04,acne_severity,unassigned,1
levle1_344,datasets\raw\acne04\JPEGImages\levle1_344.jpg,acne04,acne_severity,unassigned,1
levle1_345,datasets\raw\acne04\JPEGImages\levle1_345.jpg,acne04,acne_severity,unassigned,1
levle1_346,datasets\raw\acne04\JPEGImages\levle1_346.jpg,acne04,acne_severity,unassigned,1
levle1_347,datasets\raw\acne04\JPEGImages\levle1_347.jpg,acne04,acne_severity,unassigned,1
levle1_348,datasets\raw\acne04\JPEGImages\levle1_348.jpg,acne04,acne_severity,unassigned,1
levle1_349,datasets\raw\acne04\JPEGImages\levle1_349.jpg,acne04,acne_severity,unassigned,1
levle1_35,datasets\raw\acne04\JPEGImages\levle1_35.jpg,acne04,acne_severity,unassigned,1
levle1_350,datasets\raw\acne04\JPEGImages\levle1_350.jpg,acne04,acne_severity,unassigned,1
levle1_351,datasets\raw\acne04\JPEGImages\levle1_351.jpg,acne04,acne_severity,unassigned,1
levle1_352,datasets\raw\acne04\JPEGImages\levle1_352.jpg,acne04,acne_severity,unassigned,1
levle1_353,datasets\raw\acne04\JPEGImages\levle1_353.jpg,acne04,acne_severity,unassigned,1
levle1_354,datasets\raw\acne04\JPEGImages\levle1_354.jpg,acne04,acne_severity,unassigned,1
levle1_355,datasets\raw\acne04\JPEGImages\levle1_355.jpg,acne04,acne_severity,unassigned,1
levle1_356,datasets\raw\acne04\JPEGImages\levle1_356.jpg,acne04,acne_severity,unassigned,1
levle1_357,datasets\raw\acne04\JPEGImages\levle1_357.jpg,acne04,acne_severity,unassigned,1
levle1_358,datasets\raw\acne04\JPEGImages\levle1_358.jpg,acne04,acne_severity,unassigned,1
levle1_359,datasets\raw\acne04\JPEGImages\levle1_359.jpg,acne04,acne_severity,unassigned,1
levle1_36,datasets\raw\acne04\JPEGImages\levle1_36.jpg,acne04,acne_severity,unassigned,1
levle1_360,datasets\raw\acne04\JPEGImages\levle1_360.jpg,acne04,acne_severity,unassigned,1
levle1_361,datasets\raw\acne04\JPEGImages\levle1_361.jpg,acne04,acne_severity,unassigned,1
levle1_362,datasets\raw\acne04\JPEGImages\levle1_362.jpg,acne04,acne_severity,unassigned,1
levle1_363,datasets\raw\acne04\JPEGImages\levle1_363.jpg,acne04,acne_severity,unassigned,1
levle1_364,datasets\raw\acne04\JPEGImages\levle1_364.jpg,acne04,acne_severity,unassigned,1
levle1_365,datasets\raw\acne04\JPEGImages\levle1_365.jpg,acne04,acne_severity,unassigned,1
levle1_366,datasets\raw\acne04\JPEGImages\levle1_366.jpg,acne04,acne_severity,unassigned,1
levle1_367,datasets\raw\acne04\JPEGImages\levle1_367.jpg,acne04,acne_severity,unassigned,1
levle1_368,datasets\raw\acne04\JPEGImages\levle1_368.jpg,acne04,acne_severity,unassigned,1
levle1_369,datasets\raw\acne04\JPEGImages\levle1_369.jpg,acne04,acne_severity,unassigned,1
levle1_37,datasets\raw\acne04\JPEGImages\levle1_37.jpg,acne04,acne_severity,unassigned,1
levle1_370,datasets\raw\acne04\JPEGImages\levle1_370.jpg,acne04,acne_severity,unassigned,1
levle1_371,datasets\raw\acne04\JPEGImages\levle1_371.jpg,acne04,acne_severity,unassigned,1
levle1_372,datasets\raw\acne04\JPEGImages\levle1_372.jpg,acne04,acne_severity,unassigned,1
levle1_373,datasets\raw\acne04\JPEGImages\levle1_373.jpg,acne04,acne_severity,unassigned,1
levle1_374,datasets\raw\acne04\JPEGImages\levle1_374.jpg,acne04,acne_severity,unassigned,1
levle1_375,datasets\raw\acne04\JPEGImages\levle1_375.jpg,acne04,acne_severity,unassigned,1
levle1_376,datasets\raw\acne04\JPEGImages\levle1_376.jpg,acne04,acne_severity,unassigned,1
levle1_377,datasets\raw\acne04\JPEGImages\levle1_377.jpg,acne04,acne_severity,unassigned,1
levle1_378,datasets\raw\acne04\JPEGImages\levle1_378.jpg,acne04,acne_severity,unassigned,1
levle1_379,datasets\raw\acne04\JPEGImages\levle1_379.jpg,acne04,acne_severity,unassigned,1
levle1_38,datasets\raw\acne04\JPEGImages\levle1_38.jpg,acne04,acne_severity,unassigned,1
levle1_380,datasets\raw\acne04\JPEGImages\levle1_380.jpg,acne04,acne_severity,unassigned,1
levle1_381,datasets\raw\acne04\JPEGImages\levle1_381.jpg,acne04,acne_severity,unassigned,1
levle1_382,datasets\raw\acne04\JPEGImages\levle1_382.jpg,acne04,acne_severity,unassigned,1
levle1_383,datasets\raw\acne04\JPEGImages\levle1_383.jpg,acne04,acne_severity,unassigned,1
levle1_384,datasets\raw\acne04\JPEGImages\levle1_384.jpg,acne04,acne_severity,unassigned,1
levle1_385,datasets\raw\acne04\JPEGImages\levle1_385.jpg,acne04,acne_severity,unassigned,1
levle1_386,datasets\raw\acne04\JPEGImages\levle1_386.jpg,acne04,acne_severity,unassigned,1
levle1_387,datasets\raw\acne04\JPEGImages\levle1_387.jpg,acne04,acne_severity,unassigned,1
levle1_388,datasets\raw\acne04\JPEGImages\levle1_388.jpg,acne04,acne_severity,unassigned,1
levle1_389,datasets\raw\acne04\JPEGImages\levle1_389.jpg,acne04,acne_severity,unassigned,1
levle1_39,datasets\raw\acne04\JPEGImages\levle1_39.jpg,acne04,acne_severity,unassigned,1
levle1_390,datasets\raw\acne04\JPEGImages\levle1_390.jpg,acne04,acne_severity,unassigned,1
levle1_391,datasets\raw\acne04\JPEGImages\levle1_391.jpg,acne04,acne_severity,unassigned,1
levle1_392,datasets\raw\acne04\JPEGImages\levle1_392.jpg,acne04,acne_severity,unassigned,1
levle1_393,datasets\raw\acne04\JPEGImages\levle1_393.jpg,acne04,acne_severity,unassigned,1
levle1_394,datasets\raw\acne04\JPEGImages\levle1_394.jpg,acne04,acne_severity,unassigned,1
levle1_395,datasets\raw\acne04\JPEGImages\levle1_395.jpg,acne04,acne_severity,unassigned,1
levle1_396,datasets\raw\acne04\JPEGImages\levle1_396.jpg,acne04,acne_severity,unassigned,1
levle1_397,datasets\raw\acne04\JPEGImages\levle1_397.jpg,acne04,acne_severity,unassigned,1
levle1_398,datasets\raw\acne04\JPEGImages\levle1_398.jpg,acne04,acne_severity,unassigned,1
levle1_399,datasets\raw\acne04\JPEGImages\levle1_399.jpg,acne04,acne_severity,unassigned,1
levle1_4,datasets\raw\acne04\JPEGImages\levle1_4.jpg,acne04,acne_severity,unassigned,1
levle1_40,datasets\raw\acne04\JPEGImages\levle1_40.jpg,acne04,acne_severity,unassigned,1
levle1_400,datasets\raw\acne04\JPEGImages\levle1_400.jpg,acne04,acne_severity,unassigned,1
levle1_401,datasets\raw\acne04\JPEGImages\levle1_401.jpg,acne04,acne_severity,unassigned,1
levle1_402,datasets\raw\acne04\JPEGImages\levle1_402.jpg,acne04,acne_severity,unassigned,1
levle1_403,datasets\raw\acne04\JPEGImages\levle1_403.jpg,acne04,acne_severity,unassigned,1
levle1_404,datasets\raw\acne04\JPEGImages\levle1_404.jpg,acne04,acne_severity,unassigned,1
levle1_405,datasets\raw\acne04\JPEGImages\levle1_405.jpg,acne04,acne_severity,unassigned,1
levle1_406,datasets\raw\acne04\JPEGImages\levle1_406.jpg,acne04,acne_severity,unassigned,1
levle1_407,datasets\raw\acne04\JPEGImages\levle1_407.jpg,acne04,acne_severity,unassigned,1
levle1_408,datasets\raw\acne04\JPEGImages\levle1_408.jpg,acne04,acne_severity,unassigned,1
levle1_409,datasets\raw\acne04\JPEGImages\levle1_409.jpg,acne04,acne_severity,unassigned,1
levle1_41,datasets\raw\acne04\JPEGImages\levle1_41.jpg,acne04,acne_severity,unassigned,1
levle1_410,datasets\raw\acne04\JPEGImages\levle1_410.jpg,acne04,acne_severity,unassigned,1
levle1_411,datasets\raw\acne04\JPEGImages\levle1_411.jpg,acne04,acne_severity,unassigned,1
levle1_412,datasets\raw\acne04\JPEGImages\levle1_412.jpg,acne04,acne_severity,unassigned,1
levle1_413,datasets\raw\acne04\JPEGImages\levle1_413.jpg,acne04,acne_severity,unassigned,1
levle1_414,datasets\raw\acne04\JPEGImages\levle1_414.jpg,acne04,acne_severity,unassigned,1
levle1_415,datasets\raw\acne04\JPEGImages\levle1_415.jpg,acne04,acne_severity,unassigned,1
levle1_416,datasets\raw\acne04\JPEGImages\levle1_416.jpg,acne04,acne_severity,unassigned,1
levle1_417,datasets\raw\acne04\JPEGImages\levle1_417.jpg,acne04,acne_severity,unassigned,1
levle1_418,datasets\raw\acne04\JPEGImages\levle1_418.jpg,acne04,acne_severity,unassigned,1
levle1_419,datasets\raw\acne04\JPEGImages\levle1_419.jpg,acne04,acne_severity,unassigned,1
levle1_42,datasets\raw\acne04\JPEGImages\levle1_42.jpg,acne04,acne_severity,unassigned,1
levle1_420,datasets\raw\acne04\JPEGImages\levle1_420.jpg,acne04,acne_severity,unassigned,1
levle1_421,datasets\raw\acne04\JPEGImages\levle1_421.jpg,acne04,acne_severity,unassigned,1
levle1_422,datasets\raw\acne04\JPEGImages\levle1_422.jpg,acne04,acne_severity,unassigned,1
levle1_423,datasets\raw\acne04\JPEGImages\levle1_423.jpg,acne04,acne_severity,unassigned,1
levle1_424,datasets\raw\acne04\JPEGImages\levle1_424.jpg,acne04,acne_severity,unassigned,1
levle1_425,datasets\raw\acne04\JPEGImages\levle1_425.jpg,acne04,acne_severity,unassigned,1
levle1_426,datasets\raw\acne04\JPEGImages\levle1_426.jpg,acne04,acne_severity,unassigned,1
levle1_427,datasets\raw\acne04\JPEGImages\levle1_427.jpg,acne04,acne_severity,unassigned,1
levle1_428,datasets\raw\acne04\JPEGImages\levle1_428.jpg,acne04,acne_severity,unassigned,1
levle1_429,datasets\raw\acne04\JPEGImages\levle1_429.jpg,acne04,acne_severity,unassigned,1
levle1_43,datasets\raw\acne04\JPEGImages\levle1_43.jpg,acne04,acne_severity,unassigned,1
levle1_430,datasets\raw\acne04\JPEGImages\levle1_430.jpg,acne04,acne_severity,unassigned,1
levle1_431,datasets\raw\acne04\JPEGImages\levle1_431.jpg,acne04,acne_severity,unassigned,1
levle1_432,datasets\raw\acne04\JPEGImages\levle1_432.jpg,acne04,acne_severity,unassigned,1
levle1_433,datasets\raw\acne04\JPEGImages\levle1_433.jpg,acne04,acne_severity,unassigned,1
levle1_434,datasets\raw\acne04\JPEGImages\levle1_434.jpg,acne04,acne_severity,unassigned,1
levle1_435,datasets\raw\acne04\JPEGImages\levle1_435.jpg,acne04,acne_severity,unassigned,1
levle1_436,datasets\raw\acne04\JPEGImages\levle1_436.jpg,acne04,acne_severity,unassigned,1
levle1_437,datasets\raw\acne04\JPEGImages\levle1_437.jpg,acne04,acne_severity,unassigned,1
levle1_439,datasets\raw\acne04\JPEGImages\levle1_439.jpg,acne04,acne_severity,unassigned,1
levle1_44,datasets\raw\acne04\JPEGImages\levle1_44.jpg,acne04,acne_severity,unassigned,1
levle1_440,datasets\raw\acne04\JPEGImages\levle1_440.jpg,acne04,acne_severity,unassigned,1
levle1_441,datasets\raw\acne04\JPEGImages\levle1_441.jpg,acne04,acne_severity,unassigned,1
levle1_442,datasets\raw\acne04\JPEGImages\levle1_442.jpg,acne04,acne_severity,unassigned,1
levle1_443,datasets\raw\acne04\JPEGImages\levle1_443.jpg,acne04,acne_severity,unassigned,1
levle1_444,datasets\raw\acne04\JPEGImages\levle1_444.jpg,acne04,acne_severity,unassigned,1
levle1_445,datasets\raw\acne04\JPEGImages\levle1_445.jpg,acne04,acne_severity,unassigned,1
levle1_446,datasets\raw\acne04\JPEGImages\levle1_446.jpg,acne04,acne_severity,unassigned,1
levle1_447,datasets\raw\acne04\JPEGImages\levle1_447.jpg,acne04,acne_severity,unassigned,1
levle1_448,datasets\raw\acne04\JPEGImages\levle1_448.jpg,acne04,acne_severity,unassigned,1
levle1_449,datasets\raw\acne04\JPEGImages\levle1_449.jpg,acne04,acne_severity,unassigned,1
levle1_45,datasets\raw\acne04\JPEGImages\levle1_45.jpg,acne04,acne_severity,unassigned,1
levle1_450,datasets\raw\acne04\JPEGImages\levle1_450.jpg,acne04,acne_severity,unassigned,1
levle1_451,datasets\raw\acne04\JPEGImages\levle1_451.jpg,acne04,acne_severity,unassigned,1
levle1_452,datasets\raw\acne04\JPEGImages\levle1_452.jpg,acne04,acne_severity,unassigned,1
levle1_453,datasets\raw\acne04\JPEGImages\levle1_453.jpg,acne04,acne_severity,unassigned,1
levle1_454,datasets\raw\acne04\JPEGImages\levle1_454.jpg,acne04,acne_severity,unassigned,1
levle1_455,datasets\raw\acne04\JPEGImages\levle1_455.jpg,acne04,acne_severity,unassigned,1
levle1_456,datasets\raw\acne04\JPEGImages\levle1_456.jpg,acne04,acne_severity,unassigned,1
levle1_457,datasets\raw\acne04\JPEGImages\levle1_457.jpg,acne04,acne_severity,unassigned,1
levle1_458,datasets\raw\acne04\JPEGImages\levle1_458.jpg,acne04,acne_severity,unassigned,1
levle1_459,datasets\raw\acne04\JPEGImages\levle1_459.jpg,acne04,acne_severity,unassigned,1
levle1_46,datasets\raw\acne04\JPEGImages\levle1_46.jpg,acne04,acne_severity,unassigned,1
levle1_460,datasets\raw\acne04\JPEGImages\levle1_460.jpg,acne04,acne_severity,unassigned,1
levle1_461,datasets\raw\acne04\JPEGImages\levle1_461.jpg,acne04,acne_severity,unassigned,1
levle1_462,datasets\raw\acne04\JPEGImages\levle1_462.jpg,acne04,acne_severity,unassigned,1
levle1_463,datasets\raw\acne04\JPEGImages\levle1_463.jpg,acne04,acne_severity,unassigned,1
levle1_464,datasets\raw\acne04\JPEGImages\levle1_464.jpg,acne04,acne_severity,unassigned,1
levle1_465,datasets\raw\acne04\JPEGImages\levle1_465.jpg,acne04,acne_severity,unassigned,1
levle1_466,datasets\raw\acne04\JPEGImages\levle1_466.jpg,acne04,acne_severity,unassigned,1
levle1_467,datasets\raw\acne04\JPEGImages\levle1_467.jpg,acne04,acne_severity,unassigned,1
levle1_468,datasets\raw\acne04\JPEGImages\levle1_468.jpg,acne04,acne_severity,unassigned,1
levle1_469,datasets\raw\acne04\JPEGImages\levle1_469.jpg,acne04,acne_severity,unassigned,1
levle1_47,datasets\raw\acne04\JPEGImages\levle1_47.jpg,acne04,acne_severity,unassigned,1
levle1_470,datasets\raw\acne04\JPEGImages\levle1_470.jpg,acne04,acne_severity,unassigned,1
levle1_471,datasets\raw\acne04\JPEGImages\levle1_471.jpg,acne04,acne_severity,unassigned,1
levle1_472,datasets\raw\acne04\JPEGImages\levle1_472.jpg,acne04,acne_severity,unassigned,1
levle1_474,datasets\raw\acne04\JPEGImages\levle1_474.jpg,acne04,acne_severity,unassigned,1
levle1_475,datasets\raw\acne04\JPEGImages\levle1_475.jpg,acne04,acne_severity,unassigned,1
levle1_476,datasets\raw\acne04\JPEGImages\levle1_476.jpg,acne04,acne_severity,unassigned,1
levle1_477,datasets\raw\acne04\JPEGImages\levle1_477.jpg,acne04,acne_severity,unassigned,1
levle1_478,datasets\raw\acne04\JPEGImages\levle1_478.jpg,acne04,acne_severity,unassigned,1
levle1_479,datasets\raw\acne04\JPEGImages\levle1_479.jpg,acne04,acne_severity,unassigned,1
levle1_48,datasets\raw\acne04\JPEGImages\levle1_48.jpg,acne04,acne_severity,unassigned,1
levle1_480,datasets\raw\acne04\JPEGImages\levle1_480.jpg,acne04,acne_severity,unassigned,1
levle1_481,datasets\raw\acne04\JPEGImages\levle1_481.jpg,acne04,acne_severity,unassigned,1
levle1_482,datasets\raw\acne04\JPEGImages\levle1_482.jpg,acne04,acne_severity,unassigned,1
levle1_483,datasets\raw\acne04\JPEGImages\levle1_483.jpg,acne04,acne_severity,unassigned,1
levle1_484,datasets\raw\acne04\JPEGImages\levle1_484.jpg,acne04,acne_severity,unassigned,1
levle1_485,datasets\raw\acne04\JPEGImages\levle1_485.jpg,acne04,acne_severity,unassigned,1
levle1_486,datasets\raw\acne04\JPEGImages\levle1_486.jpg,acne04,acne_severity,unassigned,1
levle1_487,datasets\raw\acne04\JPEGImages\levle1_487.jpg,acne04,acne_severity,unassigned,1
levle1_488,datasets\raw\acne04\JPEGImages\levle1_488.jpg,acne04,acne_severity,unassigned,1
levle1_489,datasets\raw\acne04\JPEGImages\levle1_489.jpg,acne04,acne_severity,unassigned,1
levle1_49,datasets\raw\acne04\JPEGImages\levle1_49.jpg,acne04,acne_severity,unassigned,1
levle1_490,datasets\raw\acne04\JPEGImages\levle1_490.jpg,acne04,acne_severity,unassigned,1
levle1_491,datasets\raw\acne04\JPEGImages\levle1_491.jpg,acne04,acne_severity,unassigned,1
levle1_492,datasets\raw\acne04\JPEGImages\levle1_492.jpg,acne04,acne_severity,unassigned,1
levle1_493,datasets\raw\acne04\JPEGImages\levle1_493.jpg,acne04,acne_severity,unassigned,1
levle1_494,datasets\raw\acne04\JPEGImages\levle1_494.jpg,acne04,acne_severity,unassigned,1
levle1_495,datasets\raw\acne04\JPEGImages\levle1_495.jpg,acne04,acne_severity,unassigned,1
levle1_496,datasets\raw\acne04\JPEGImages\levle1_496.jpg,acne04,acne_severity,unassigned,1
levle1_497,datasets\raw\acne04\JPEGImages\levle1_497.jpg,acne04,acne_severity,unassigned,1
levle1_498,datasets\raw\acne04\JPEGImages\levle1_498.jpg,acne04,acne_severity,unassigned,1
levle1_499,datasets\raw\acne04\JPEGImages\levle1_499.jpg,acne04,acne_severity,unassigned,1
levle1_5,datasets\raw\acne04\JPEGImages\levle1_5.jpg,acne04,acne_severity,unassigned,1
levle1_50,datasets\raw\acne04\JPEGImages\levle1_50.jpg,acne04,acne_severity,unassigned,1
levle1_500,datasets\raw\acne04\JPEGImages\levle1_500.jpg,acne04,acne_severity,unassigned,1
levle1_501,datasets\raw\acne04\JPEGImages\levle1_501.jpg,acne04,acne_severity,unassigned,1
levle1_502,datasets\raw\acne04\JPEGImages\levle1_502.jpg,acne04,acne_severity,unassigned,1
levle1_503,datasets\raw\acne04\JPEGImages\levle1_503.jpg,acne04,acne_severity,unassigned,1
levle1_504,datasets\raw\acne04\JPEGImages\levle1_504.jpg,acne04,acne_severity,unassigned,1
levle1_505,datasets\raw\acne04\JPEGImages\levle1_505.jpg,acne04,acne_severity,unassigned,1
levle1_506,datasets\raw\acne04\JPEGImages\levle1_506.jpg,acne04,acne_severity,unassigned,1
levle1_507,datasets\raw\acne04\JPEGImages\levle1_507.jpg,acne04,acne_severity,unassigned,1
levle1_508,datasets\raw\acne04\JPEGImages\levle1_508.jpg,acne04,acne_severity,unassigned,1
levle1_509,datasets\raw\acne04\JPEGImages\levle1_509.jpg,acne04,acne_severity,unassigned,1
levle1_51,datasets\raw\acne04\JPEGImages\levle1_51.jpg,acne04,acne_severity,unassigned,1
levle1_510,datasets\raw\acne04\JPEGImages\levle1_510.jpg,acne04,acne_severity,unassigned,1
levle1_511,datasets\raw\acne04\JPEGImages\levle1_511.jpg,acne04,acne_severity,unassigned,1
levle1_512,datasets\raw\acne04\JPEGImages\levle1_512.jpg,acne04,acne_severity,unassigned,1
levle1_513,datasets\raw\acne04\JPEGImages\levle1_513.jpg,acne04,acne_severity,unassigned,1
levle1_514,datasets\raw\acne04\JPEGImages\levle1_514.jpg,acne04,acne_severity,unassigned,1
levle1_515,datasets\raw\acne04\JPEGImages\levle1_515.jpg,acne04,acne_severity,unassigned,1
levle1_516,datasets\raw\acne04\JPEGImages\levle1_516.jpg,acne04,acne_severity,unassigned,1
levle1_517,datasets\raw\acne04\JPEGImages\levle1_517.jpg,acne04,acne_severity,unassigned,1
levle1_518,datasets\raw\acne04\JPEGImages\levle1_518.jpg,acne04,acne_severity,unassigned,1
levle1_519,datasets\raw\acne04\JPEGImages\levle1_519.jpg,acne04,acne_severity,unassigned,1
levle1_52,datasets\raw\acne04\JPEGImages\levle1_52.jpg,acne04,acne_severity,unassigned,1
levle1_520,datasets\raw\acne04\JPEGImages\levle1_520.jpg,acne04,acne_severity,unassigned,1
levle1_521,datasets\raw\acne04\JPEGImages\levle1_521.jpg,acne04,acne_severity,unassigned,1
levle1_522,datasets\raw\acne04\JPEGImages\levle1_522.jpg,acne04,acne_severity,unassigned,1
levle1_523,datasets\raw\acne04\JPEGImages\levle1_523.jpg,acne04,acne_severity,unassigned,1
levle1_524,datasets\raw\acne04\JPEGImages\levle1_524.jpg,acne04,acne_severity,unassigned,1
levle1_525,datasets\raw\acne04\JPEGImages\levle1_525.jpg,acne04,acne_severity,unassigned,1
levle1_526,datasets\raw\acne04\JPEGImages\levle1_526.jpg,acne04,acne_severity,unassigned,1
levle1_527,datasets\raw\acne04\JPEGImages\levle1_527.jpg,acne04,acne_severity,unassigned,1
levle1_528,datasets\raw\acne04\JPEGImages\levle1_528.jpg,acne04,acne_severity,unassigned,1
levle1_529,datasets\raw\acne04\JPEGImages\levle1_529.jpg,acne04,acne_severity,unassigned,1
levle1_53,datasets\raw\acne04\JPEGImages\levle1_53.jpg,acne04,acne_severity,unassigned,1
levle1_530,datasets\raw\acne04\JPEGImages\levle1_530.jpg,acne04,acne_severity,unassigned,1
levle1_531,datasets\raw\acne04\JPEGImages\levle1_531.jpg,acne04,acne_severity,unassigned,1
levle1_532,datasets\raw\acne04\JPEGImages\levle1_532.jpg,acne04,acne_severity,unassigned,1
levle1_533,datasets\raw\acne04\JPEGImages\levle1_533.jpg,acne04,acne_severity,unassigned,1
levle1_534,datasets\raw\acne04\JPEGImages\levle1_534.jpg,acne04,acne_severity,unassigned,1
levle1_535,datasets\raw\acne04\JPEGImages\levle1_535.jpg,acne04,acne_severity,unassigned,1
levle1_536,datasets\raw\acne04\JPEGImages\levle1_536.jpg,acne04,acne_severity,unassigned,1
levle1_537,datasets\raw\acne04\JPEGImages\levle1_537.jpg,acne04,acne_severity,unassigned,1
levle1_538,datasets\raw\acne04\JPEGImages\levle1_538.jpg,acne04,acne_severity,unassigned,1
levle1_539,datasets\raw\acne04\JPEGImages\levle1_539.jpg,acne04,acne_severity,unassigned,1
levle1_54,datasets\raw\acne04\JPEGImages\levle1_54.jpg,acne04,acne_severity,unassigned,1
levle1_540,datasets\raw\acne04\JPEGImages\levle1_540.jpg,acne04,acne_severity,unassigned,1
levle1_541,datasets\raw\acne04\JPEGImages\levle1_541.jpg,acne04,acne_severity,unassigned,1
levle1_542,datasets\raw\acne04\JPEGImages\levle1_542.jpg,acne04,acne_severity,unassigned,1
levle1_543,datasets\raw\acne04\JPEGImages\levle1_543.jpg,acne04,acne_severity,unassigned,1
levle1_544,datasets\raw\acne04\JPEGImages\levle1_544.jpg,acne04,acne_severity,unassigned,1
levle1_545,datasets\raw\acne04\JPEGImages\levle1_545.jpg,acne04,acne_severity,unassigned,1
levle1_546,datasets\raw\acne04\JPEGImages\levle1_546.jpg,acne04,acne_severity,unassigned,1
levle1_547,datasets\raw\acne04\JPEGImages\levle1_547.jpg,acne04,acne_severity,unassigned,1
levle1_548,datasets\raw\acne04\JPEGImages\levle1_548.jpg,acne04,acne_severity,unassigned,1
levle1_549,datasets\raw\acne04\JPEGImages\levle1_549.jpg,acne04,acne_severity,unassigned,1
levle1_55,datasets\raw\acne04\JPEGImages\levle1_55.jpg,acne04,acne_severity,unassigned,1
levle1_550,datasets\raw\acne04\JPEGImages\levle1_550.jpg,acne04,acne_severity,unassigned,1
levle1_551,datasets\raw\acne04\JPEGImages\levle1_551.jpg,acne04,acne_severity,unassigned,1
levle1_552,datasets\raw\acne04\JPEGImages\levle1_552.jpg,acne04,acne_severity,unassigned,1
levle1_553,datasets\raw\acne04\JPEGImages\levle1_553.jpg,acne04,acne_severity,unassigned,1
levle1_554,datasets\raw\acne04\JPEGImages\levle1_554.jpg,acne04,acne_severity,unassigned,1
levle1_555,datasets\raw\acne04\JPEGImages\levle1_555.jpg,acne04,acne_severity,unassigned,1
levle1_556,datasets\raw\acne04\JPEGImages\levle1_556.jpg,acne04,acne_severity,unassigned,1
levle1_557,datasets\raw\acne04\JPEGImages\levle1_557.jpg,acne04,acne_severity,unassigned,1
levle1_558,datasets\raw\acne04\JPEGImages\levle1_558.jpg,acne04,acne_severity,unassigned,1
levle1_559,datasets\raw\acne04\JPEGImages\levle1_559.jpg,acne04,acne_severity,unassigned,1
levle1_56,datasets\raw\acne04\JPEGImages\levle1_56.jpg,acne04,acne_severity,unassigned,1
levle1_560,datasets\raw\acne04\JPEGImages\levle1_560.jpg,acne04,acne_severity,unassigned,1
levle1_561,datasets\raw\acne04\JPEGImages\levle1_561.jpg,acne04,acne_severity,unassigned,1
levle1_562,datasets\raw\acne04\JPEGImages\levle1_562.jpg,acne04,acne_severity,unassigned,1
levle1_563,datasets\raw\acne04\JPEGImages\levle1_563.jpg,acne04,acne_severity,unassigned,1
levle1_564,datasets\raw\acne04\JPEGImages\levle1_564.jpg,acne04,acne_severity,unassigned,1
levle1_565,datasets\raw\acne04\JPEGImages\levle1_565.jpg,acne04,acne_severity,unassigned,1
levle1_566,datasets\raw\acne04\JPEGImages\levle1_566.jpg,acne04,acne_severity,unassigned,1
levle1_567,datasets\raw\acne04\JPEGImages\levle1_567.jpg,acne04,acne_severity,unassigned,1
levle1_568,datasets\raw\acne04\JPEGImages\levle1_568.jpg,acne04,acne_severity,unassigned,1
levle1_569,datasets\raw\acne04\JPEGImages\levle1_569.jpg,acne04,acne_severity,unassigned,1
levle1_57,datasets\raw\acne04\JPEGImages\levle1_57.jpg,acne04,acne_severity,unassigned,1
levle1_570,datasets\raw\acne04\JPEGImages\levle1_570.jpg,acne04,acne_severity,unassigned,1
levle1_571,datasets\raw\acne04\JPEGImages\levle1_571.jpg,acne04,acne_severity,unassigned,1
levle1_572,datasets\raw\acne04\JPEGImages\levle1_572.jpg,acne04,acne_severity,unassigned,1
levle1_573,datasets\raw\acne04\JPEGImages\levle1_573.jpg,acne04,acne_severity,unassigned,1
levle1_574,datasets\raw\acne04\JPEGImages\levle1_574.jpg,acne04,acne_severity,unassigned,1
levle1_575,datasets\raw\acne04\JPEGImages\levle1_575.jpg,acne04,acne_severity,unassigned,1
levle1_576,datasets\raw\acne04\JPEGImages\levle1_576.jpg,acne04,acne_severity,unassigned,1
levle1_577,datasets\raw\acne04\JPEGImages\levle1_577.jpg,acne04,acne_severity,unassigned,1
levle1_578,datasets\raw\acne04\JPEGImages\levle1_578.jpg,acne04,acne_severity,unassigned,1
levle1_579,datasets\raw\acne04\JPEGImages\levle1_579.jpg,acne04,acne_severity,unassigned,1
levle1_58,datasets\raw\acne04\JPEGImages\levle1_58.jpg,acne04,acne_severity,unassigned,1
levle1_580,datasets\raw\acne04\JPEGImages\levle1_580.jpg,acne04,acne_severity,unassigned,1
levle1_581,datasets\raw\acne04\JPEGImages\levle1_581.jpg,acne04,acne_severity,unassigned,1
levle1_582,datasets\raw\acne04\JPEGImages\levle1_582.jpg,acne04,acne_severity,unassigned,1
levle1_583,datasets\raw\acne04\JPEGImages\levle1_583.jpg,acne04,acne_severity,unassigned,1
levle1_584,datasets\raw\acne04\JPEGImages\levle1_584.jpg,acne04,acne_severity,unassigned,1
levle1_585,datasets\raw\acne04\JPEGImages\levle1_585.jpg,acne04,acne_severity,unassigned,1
levle1_586,datasets\raw\acne04\JPEGImages\levle1_586.jpg,acne04,acne_severity,unassigned,1
levle1_587,datasets\raw\acne04\JPEGImages\levle1_587.jpg,acne04,acne_severity,unassigned,1
levle1_588,datasets\raw\acne04\JPEGImages\levle1_588.jpg,acne04,acne_severity,unassigned,1
levle1_589,datasets\raw\acne04\JPEGImages\levle1_589.jpg,acne04,acne_severity,unassigned,1
levle1_59,datasets\raw\acne04\JPEGImages\levle1_59.jpg,acne04,acne_severity,unassigned,1
levle1_590,datasets\raw\acne04\JPEGImages\levle1_590.jpg,acne04,acne_severity,unassigned,1
levle1_591,datasets\raw\acne04\JPEGImages\levle1_591.jpg,acne04,acne_severity,unassigned,1
levle1_592,datasets\raw\acne04\JPEGImages\levle1_592.jpg,acne04,acne_severity,unassigned,1
levle1_593,datasets\raw\acne04\JPEGImages\levle1_593.jpg,acne04,acne_severity,unassigned,1
levle1_594,datasets\raw\acne04\JPEGImages\levle1_594.jpg,acne04,acne_severity,unassigned,1
levle1_595,datasets\raw\acne04\JPEGImages\levle1_595.jpg,acne04,acne_severity,unassigned,1
levle1_596,datasets\raw\acne04\JPEGImages\levle1_596.jpg,acne04,acne_severity,unassigned,1
levle1_597,datasets\raw\acne04\JPEGImages\levle1_597.jpg,acne04,acne_severity,unassigned,1
levle1_598,datasets\raw\acne04\JPEGImages\levle1_598.jpg,acne04,acne_severity,unassigned,1
levle1_599,datasets\raw\acne04\JPEGImages\levle1_599.jpg,acne04,acne_severity,unassigned,1
levle1_6,datasets\raw\acne04\JPEGImages\levle1_6.jpg,acne04,acne_severity,unassigned,1
levle1_60,datasets\raw\acne04\JPEGImages\levle1_60.jpg,acne04,acne_severity,unassigned,1
levle1_600,datasets\raw\acne04\JPEGImages\levle1_600.jpg,acne04,acne_severity,unassigned,1
levle1_601,datasets\raw\acne04\JPEGImages\levle1_601.jpg,acne04,acne_severity,unassigned,1
levle1_603,datasets\raw\acne04\JPEGImages\levle1_603.jpg,acne04,acne_severity,unassigned,1
levle1_604,datasets\raw\acne04\JPEGImages\levle1_604.jpg,acne04,acne_severity,unassigned,1
levle1_605,datasets\raw\acne04\JPEGImages\levle1_605.jpg,acne04,acne_severity,unassigned,1
levle1_606,datasets\raw\acne04\JPEGImages\levle1_606.jpg,acne04,acne_severity,unassigned,1
levle1_607,datasets\raw\acne04\JPEGImages\levle1_607.jpg,acne04,acne_severity,unassigned,1
levle1_608,datasets\raw\acne04\JPEGImages\levle1_608.jpg,acne04,acne_severity,unassigned,1
levle1_609,datasets\raw\acne04\JPEGImages\levle1_609.jpg,acne04,acne_severity,unassigned,1
levle1_61,datasets\raw\acne04\JPEGImages\levle1_61.jpg,acne04,acne_severity,unassigned,1
levle1_610,datasets\raw\acne04\JPEGImages\levle1_610.jpg,acne04,acne_severity,unassigned,1
levle1_611,datasets\raw\acne04\JPEGImages\levle1_611.jpg,acne04,acne_severity,unassigned,1
levle1_612,datasets\raw\acne04\JPEGImages\levle1_612.jpg,acne04,acne_severity,unassigned,1
levle1_613,datasets\raw\acne04\JPEGImages\levle1_613.jpg,acne04,acne_severity,unassigned,1
levle1_614,datasets\raw\acne04\JPEGImages\levle1_614.jpg,acne04,acne_severity,unassigned,1
levle1_615,datasets\raw\acne04\JPEGImages\levle1_615.jpg,acne04,acne_severity,unassigned,1
levle1_616,datasets\raw\acne04\JPEGImages\levle1_616.jpg,acne04,acne_severity,unassigned,1
levle1_617,datasets\raw\acne04\JPEGImages\levle1_617.jpg,acne04,acne_severity,unassigned,1
levle1_618,datasets\raw\acne04\JPEGImages\levle1_618.jpg,acne04,acne_severity,unassigned,1
levle1_619,datasets\raw\acne04\JPEGImages\levle1_619.jpg,acne04,acne_severity,unassigned,1
levle1_62,datasets\raw\acne04\JPEGImages\levle1_62.jpg,acne04,acne_severity,unassigned,1
levle1_620,datasets\raw\acne04\JPEGImages\levle1_620.jpg,acne04,acne_severity,unassigned,1
levle1_621,datasets\raw\acne04\JPEGImages\levle1_621.jpg,acne04,acne_severity,unassigned,1
levle1_622,datasets\raw\acne04\JPEGImages\levle1_622.jpg,acne04,acne_severity,unassigned,1
levle1_623,datasets\raw\acne04\JPEGImages\levle1_623.jpg,acne04,acne_severity,unassigned,1
levle1_624,datasets\raw\acne04\JPEGImages\levle1_624.jpg,acne04,acne_severity,unassigned,1
levle1_625,datasets\raw\acne04\JPEGImages\levle1_625.jpg,acne04,acne_severity,unassigned,1
levle1_626,datasets\raw\acne04\JPEGImages\levle1_626.jpg,acne04,acne_severity,unassigned,1
levle1_627,datasets\raw\acne04\JPEGImages\levle1_627.jpg,acne04,acne_severity,unassigned,1
levle1_628,datasets\raw\acne04\JPEGImages\levle1_628.jpg,acne04,acne_severity,unassigned,1
levle1_629,datasets\raw\acne04\JPEGImages\levle1_629.jpg,acne04,acne_severity,unassigned,1
levle1_63,datasets\raw\acne04\JPEGImages\levle1_63.jpg,acne04,acne_severity,unassigned,1
levle1_630,datasets\raw\acne04\JPEGImages\levle1_630.jpg,acne04,acne_severity,unassigned,1
levle1_631,datasets\raw\acne04\JPEGImages\levle1_631.jpg,acne04,acne_severity,unassigned,1
levle1_632,datasets\raw\acne04\JPEGImages\levle1_632.jpg,acne04,acne_severity,unassigned,1
levle1_633,datasets\raw\acne04\JPEGImages\levle1_633.jpg,acne04,acne_severity,unassigned,1
levle1_634,datasets\raw\acne04\JPEGImages\levle1_634.jpg,acne04,acne_severity,unassigned,1
levle1_635,datasets\raw\acne04\JPEGImages\levle1_635.jpg,acne04,acne_severity,unassigned,1
levle1_636,datasets\raw\acne04\JPEGImages\levle1_636.jpg,acne04,acne_severity,unassigned,1
levle1_637,datasets\raw\acne04\JPEGImages\levle1_637.jpg,acne04,acne_severity,unassigned,1
levle1_638,datasets\raw\acne04\JPEGImages\levle1_638.jpg,acne04,acne_severity,unassigned,1
levle1_639,datasets\raw\acne04\JPEGImages\levle1_639.jpg,acne04,acne_severity,unassigned,1
levle1_64,datasets\raw\acne04\JPEGImages\levle1_64.jpg,acne04,acne_severity,unassigned,1
levle1_640,datasets\raw\acne04\JPEGImages\levle1_640.jpg,acne04,acne_severity,unassigned,1
levle1_641,datasets\raw\acne04\JPEGImages\levle1_641.jpg,acne04,acne_severity,unassigned,1
levle1_642,datasets\raw\acne04\JPEGImages\levle1_642.jpg,acne04,acne_severity,unassigned,1
levle1_65,datasets\raw\acne04\JPEGImages\levle1_65.jpg,acne04,acne_severity,unassigned,1
levle1_66,datasets\raw\acne04\JPEGImages\levle1_66.jpg,acne04,acne_severity,unassigned,1
levle1_67,datasets\raw\acne04\JPEGImages\levle1_67.jpg,acne04,acne_severity,unassigned,1
levle1_68,datasets\raw\acne04\JPEGImages\levle1_68.jpg,acne04,acne_severity,unassigned,1
levle1_69,datasets\raw\acne04\JPEGImages\levle1_69.jpg,acne04,acne_severity,unassigned,1
levle1_7,datasets\raw\acne04\JPEGImages\levle1_7.jpg,acne04,acne_severity,unassigned,1
levle1_70,datasets\raw\acne04\JPEGImages\levle1_70.jpg,acne04,acne_severity,unassigned,1
levle1_71,datasets\raw\acne04\JPEGImages\levle1_71.jpg,acne04,acne_severity,unassigned,1
levle1_72,datasets\raw\acne04\JPEGImages\levle1_72.jpg,acne04,acne_severity,unassigned,1
levle1_74,datasets\raw\acne04\JPEGImages\levle1_74.jpg,acne04,acne_severity,unassigned,1
levle1_75,datasets\raw\acne04\JPEGImages\levle1_75.jpg,acne04,acne_severity,unassigned,1
levle1_76,datasets\raw\acne04\JPEGImages\levle1_76.jpg,acne04,acne_severity,unassigned,1
levle1_77,datasets\raw\acne04\JPEGImages\levle1_77.jpg,acne04,acne_severity,unassigned,1
levle1_78,datasets\raw\acne04\JPEGImages\levle1_78.jpg,acne04,acne_severity,unassigned,1
levle1_79,datasets\raw\acne04\JPEGImages\levle1_79.jpg,acne04,acne_severity,unassigned,1
levle1_8,datasets\raw\acne04\JPEGImages\levle1_8.jpg,acne04,acne_severity,unassigned,1
levle1_80,datasets\raw\acne04\JPEGImages\levle1_80.jpg,acne04,acne_severity,unassigned,1
levle1_81,datasets\raw\acne04\JPEGImages\levle1_81.jpg,acne04,acne_severity,unassigned,1
levle1_82,datasets\raw\acne04\JPEGImages\levle1_82.jpg,acne04,acne_severity,unassigned,1
levle1_83,datasets\raw\acne04\JPEGImages\levle1_83.jpg,acne04,acne_severity,unassigned,1
levle1_84,datasets\raw\acne04\JPEGImages\levle1_84.jpg,acne04,acne_severity,unassigned,1
levle1_85,datasets\raw\acne04\JPEGImages\levle1_85.jpg,acne04,acne_severity,unassigned,1
levle1_87,datasets\raw\acne04\JPEGImages\levle1_87.jpg,acne04,acne_severity,unassigned,1
levle1_88,datasets\raw\acne04\JPEGImages\levle1_88.jpg,acne04,acne_severity,unassigned,1
levle1_89,datasets\raw\acne04\JPEGImages\levle1_89.jpg,acne04,acne_severity,unassigned,1
levle1_9,datasets\raw\acne04\JPEGImages\levle1_9.jpg,acne04,acne_severity,unassigned,1
levle1_90,datasets\raw\acne04\JPEGImages\levle1_90.jpg,acne04,acne_severity,unassigned,1
levle1_91,datasets\raw\acne04\JPEGImages\levle1_91.jpg,acne04,acne_severity,unassigned,1
levle1_92,datasets\raw\acne04\JPEGImages\levle1_92.jpg,acne04,acne_severity,unassigned,1
levle1_93,datasets\raw\acne04\JPEGImages\levle1_93.jpg,acne04,acne_severity,unassigned,1
levle1_94,datasets\raw\acne04\JPEGImages\levle1_94.jpg,acne04,acne_severity,unassigned,1
levle1_95,datasets\raw\acne04\JPEGImages\levle1_95.jpg,acne04,acne_severity,unassigned,1
levle1_96,datasets\raw\acne04\JPEGImages\levle1_96.jpg,acne04,acne_severity,unassigned,1
levle1_97,datasets\raw\acne04\JPEGImages\levle1_97.jpg,acne04,acne_severity,unassigned,1
levle1_98,datasets\raw\acne04\JPEGImages\levle1_98.jpg,acne04,acne_severity,unassigned,1
levle1_99,datasets\raw\acne04\JPEGImages\levle1_99.jpg,acne04,acne_severity,unassigned,1
levle2_0,datasets\raw\acne04\JPEGImages\levle2_0.jpg,acne04,acne_severity,unassigned,2
levle2_1,datasets\raw\acne04\JPEGImages\levle2_1.jpg,acne04,acne_severity,unassigned,2
levle2_10,datasets\raw\acne04\JPEGImages\levle2_10.jpg,acne04,acne_severity,unassigned,2
levle2_100,datasets\raw\acne04\JPEGImages\levle2_100.jpg,acne04,acne_severity,unassigned,2
levle2_101,datasets\raw\acne04\JPEGImages\levle2_101.jpg,acne04,acne_severity,unassigned,2
levle2_102,datasets\raw\acne04\JPEGImages\levle2_102.jpg,acne04,acne_severity,unassigned,2
levle2_105,datasets\raw\acne04\JPEGImages\levle2_105.jpg,acne04,acne_severity,unassigned,2
levle2_106,datasets\raw\acne04\JPEGImages\levle2_106.jpg,acne04,acne_severity,unassigned,2
levle2_107,datasets\raw\acne04\JPEGImages\levle2_107.jpg,acne04,acne_severity,unassigned,2
levle2_108,datasets\raw\acne04\JPEGImages\levle2_108.jpg,acne04,acne_severity,unassigned,2
levle2_109,datasets\raw\acne04\JPEGImages\levle2_109.jpg,acne04,acne_severity,unassigned,2
levle2_11,datasets\raw\acne04\JPEGImages\levle2_11.jpg,acne04,acne_severity,unassigned,2
levle2_110,datasets\raw\acne04\JPEGImages\levle2_110.jpg,acne04,acne_severity,unassigned,2
levle2_111,datasets\raw\acne04\JPEGImages\levle2_111.jpg,acne04,acne_severity,unassigned,2
levle2_112,datasets\raw\acne04\JPEGImages\levle2_112.jpg,acne04,acne_severity,unassigned,2
levle2_113,datasets\raw\acne04\JPEGImages\levle2_113.jpg,acne04,acne_severity,unassigned,2
levle2_114,datasets\raw\acne04\JPEGImages\levle2_114.jpg,acne04,acne_severity,unassigned,2
levle2_115,datasets\raw\acne04\JPEGImages\levle2_115.jpg,acne04,acne_severity,unassigned,2
levle2_116,datasets\raw\acne04\JPEGImages\levle2_116.jpg,acne04,acne_severity,unassigned,2
levle2_117,datasets\raw\acne04\JPEGImages\levle2_117.jpg,acne04,acne_severity,unassigned,2
levle2_118,datasets\raw\acne04\JPEGImages\levle2_118.jpg,acne04,acne_severity,unassigned,2
levle2_119,datasets\raw\acne04\JPEGImages\levle2_119.jpg,acne04,acne_severity,unassigned,2
levle2_12,datasets\raw\acne04\JPEGImages\levle2_12.jpg,acne04,acne_severity,unassigned,2
levle2_120,datasets\raw\acne04\JPEGImages\levle2_120.jpg,acne04,acne_severity,unassigned,2
levle2_121,datasets\raw\acne04\JPEGImages\levle2_121.jpg,acne04,acne_severity,unassigned,2
levle2_122,datasets\raw\acne04\JPEGImages\levle2_122.jpg,acne04,acne_severity,unassigned,2
levle2_123,datasets\raw\acne04\JPEGImages\levle2_123.jpg,acne04,acne_severity,unassigned,2
levle2_124,datasets\raw\acne04\JPEGImages\levle2_124.jpg,acne04,acne_severity,unassigned,2
levle2_125,datasets\raw\acne04\JPEGImages\levle2_125.jpg,acne04,acne_severity,unassigned,2
levle2_126,datasets\raw\acne04\JPEGImages\levle2_126.jpg,acne04,acne_severity,unassigned,2
levle2_127,datasets\raw\acne04\JPEGImages\levle2_127.jpg,acne04,acne_severity,unassigned,2
levle2_128,datasets\raw\acne04\JPEGImages\levle2_128.jpg,acne04,acne_severity,unassigned,2
levle2_129,datasets\raw\acne04\JPEGImages\levle2_129.jpg,acne04,acne_severity,unassigned,2
levle2_13,datasets\raw\acne04\JPEGImages\levle2_13.jpg,acne04,acne_severity,unassigned,2
levle2_130,datasets\raw\acne04\JPEGImages\levle2_130.jpg,acne04,acne_severity,unassigned,2
levle2_131,datasets\raw\acne04\JPEGImages\levle2_131.jpg,acne04,acne_severity,unassigned,2
levle2_132,datasets\raw\acne04\JPEGImages\levle2_132.jpg,acne04,acne_severity,unassigned,2
levle2_134,datasets\raw\acne04\JPEGImages\levle2_134.jpg,acne04,acne_severity,unassigned,2
levle2_135,datasets\raw\acne04\JPEGImages\levle2_135.jpg,acne04,acne_severity,unassigned,2
levle2_136,datasets\raw\acne04\JPEGImages\levle2_136.jpg,acne04,acne_severity,unassigned,2
levle2_137,datasets\raw\acne04\JPEGImages\levle2_137.jpg,acne04,acne_severity,unassigned,2
levle2_138,datasets\raw\acne04\JPEGImages\levle2_138.jpg,acne04,acne_severity,unassigned,2
levle2_139,datasets\raw\acne04\JPEGImages\levle2_139.jpg,acne04,acne_severity,unassigned,2
levle2_14,datasets\raw\acne04\JPEGImages\levle2_14.jpg,acne04,acne_severity,unassigned,2
levle2_140,datasets\raw\acne04\JPEGImages\levle2_140.jpg,acne04,acne_severity,unassigned,2
levle2_141,datasets\raw\acne04\JPEGImages\levle2_141.jpg,acne04,acne_severity,unassigned,2
levle2_142,datasets\raw\acne04\JPEGImages\levle2_142.jpg,acne04,acne_severity,unassigned,2
levle2_143,datasets\raw\acne04\JPEGImages\levle2_143.jpg,acne04,acne_severity,unassigned,2
levle2_144,datasets\raw\acne04\JPEGImages\levle2_144.jpg,acne04,acne_severity,unassigned,2
levle2_145,datasets\raw\acne04\JPEGImages\levle2_145.jpg,acne04,acne_severity,unassigned,2
levle2_146,datasets\raw\acne04\JPEGImages\levle2_146.jpg,acne04,acne_severity,unassigned,2
levle2_147,datasets\raw\acne04\JPEGImages\levle2_147.jpg,acne04,acne_severity,unassigned,2
levle2_148,datasets\raw\acne04\JPEGImages\levle2_148.jpg,acne04,acne_severity,unassigned,2
levle2_149,datasets\raw\acne04\JPEGImages\levle2_149.jpg,acne04,acne_severity,unassigned,2
levle2_15,datasets\raw\acne04\JPEGImages\levle2_15.jpg,acne04,acne_severity,unassigned,2
levle2_150,datasets\raw\acne04\JPEGImages\levle2_150.jpg,acne04,acne_severity,unassigned,2
levle2_151,datasets\raw\acne04\JPEGImages\levle2_151.jpg,acne04,acne_severity,unassigned,2
levle2_152,datasets\raw\acne04\JPEGImages\levle2_152.jpg,acne04,acne_severity,unassigned,2
levle2_153,datasets\raw\acne04\JPEGImages\levle2_153.jpg,acne04,acne_severity,unassigned,2
levle2_154,datasets\raw\acne04\JPEGImages\levle2_154.jpg,acne04,acne_severity,unassigned,2
levle2_155,datasets\raw\acne04\JPEGImages\levle2_155.jpg,acne04,acne_severity,unassigned,2
levle2_156,datasets\raw\acne04\JPEGImages\levle2_156.jpg,acne04,acne_severity,unassigned,2
levle2_157,datasets\raw\acne04\JPEGImages\levle2_157.jpg,acne04,acne_severity,unassigned,2
levle2_158,datasets\raw\acne04\JPEGImages\levle2_158.jpg,acne04,acne_severity,unassigned,2
levle2_159,datasets\raw\acne04\JPEGImages\levle2_159.jpg,acne04,acne_severity,unassigned,2
levle2_16,datasets\raw\acne04\JPEGImages\levle2_16.jpg,acne04,acne_severity,unassigned,2
levle2_160,datasets\raw\acne04\JPEGImages\levle2_160.jpg,acne04,acne_severity,unassigned,2
levle2_161,datasets\raw\acne04\JPEGImages\levle2_161.jpg,acne04,acne_severity,unassigned,2
levle2_162,datasets\raw\acne04\JPEGImages\levle2_162.jpg,acne04,acne_severity,unassigned,2
levle2_163,datasets\raw\acne04\JPEGImages\levle2_163.jpg,acne04,acne_severity,unassigned,2
levle2_164,datasets\raw\acne04\JPEGImages\levle2_164.jpg,acne04,acne_severity,unassigned,2
levle2_165,datasets\raw\acne04\JPEGImages\levle2_165.jpg,acne04,acne_severity,unassigned,2
levle2_166,datasets\raw\acne04\JPEGImages\levle2_166.jpg,acne04,acne_severity,unassigned,2
levle2_167,datasets\raw\acne04\JPEGImages\levle2_167.jpg,acne04,acne_severity,unassigned,2
levle2_168,datasets\raw\acne04\JPEGImages\levle2_168.jpg,acne04,acne_severity,unassigned,2
levle2_169,datasets\raw\acne04\JPEGImages\levle2_169.jpg,acne04,acne_severity,unassigned,2
levle2_17,datasets\raw\acne04\JPEGImages\levle2_17.jpg,acne04,acne_severity,unassigned,2
levle2_170,datasets\raw\acne04\JPEGImages\levle2_170.jpg,acne04,acne_severity,unassigned,2
levle2_171,datasets\raw\acne04\JPEGImages\levle2_171.jpg,acne04,acne_severity,unassigned,2
levle2_172,datasets\raw\acne04\JPEGImages\levle2_172.jpg,acne04,acne_severity,unassigned,2
levle2_173,datasets\raw\acne04\JPEGImages\levle2_173.jpg,acne04,acne_severity,unassigned,2
levle2_174,datasets\raw\acne04\JPEGImages\levle2_174.jpg,acne04,acne_severity,unassigned,2
levle2_175,datasets\raw\acne04\JPEGImages\levle2_175.jpg,acne04,acne_severity,unassigned,2
levle2_176,datasets\raw\acne04\JPEGImages\levle2_176.jpg,acne04,acne_severity,unassigned,2
levle2_177,datasets\raw\acne04\JPEGImages\levle2_177.jpg,acne04,acne_severity,unassigned,2
levle2_178,datasets\raw\acne04\JPEGImages\levle2_178.jpg,acne04,acne_severity,unassigned,2
levle2_179,datasets\raw\acne04\JPEGImages\levle2_179.jpg,acne04,acne_severity,unassigned,2
levle2_18,datasets\raw\acne04\JPEGImages\levle2_18.jpg,acne04,acne_severity,unassigned,2
levle2_180,datasets\raw\acne04\JPEGImages\levle2_180.jpg,acne04,acne_severity,unassigned,2
levle2_181,datasets\raw\acne04\JPEGImages\levle2_181.jpg,acne04,acne_severity,unassigned,2
levle2_182,datasets\raw\acne04\JPEGImages\levle2_182.jpg,acne04,acne_severity,unassigned,2
levle2_183,datasets\raw\acne04\JPEGImages\levle2_183.jpg,acne04,acne_severity,unassigned,2
levle2_184,datasets\raw\acne04\JPEGImages\levle2_184.jpg,acne04,acne_severity,unassigned,2
levle2_185,datasets\raw\acne04\JPEGImages\levle2_185.jpg,acne04,acne_severity,unassigned,2
levle2_186,datasets\raw\acne04\JPEGImages\levle2_186.jpg,acne04,acne_severity,unassigned,2
levle2_187,datasets\raw\acne04\JPEGImages\levle2_187.jpg,acne04,acne_severity,unassigned,2
levle2_188,datasets\raw\acne04\JPEGImages\levle2_188.jpg,acne04,acne_severity,unassigned,2
levle2_189,datasets\raw\acne04\JPEGImages\levle2_189.jpg,acne04,acne_severity,unassigned,2
levle2_19,datasets\raw\acne04\JPEGImages\levle2_19.jpg,acne04,acne_severity,unassigned,2
levle2_190,datasets\raw\acne04\JPEGImages\levle2_190.jpg,acne04,acne_severity,unassigned,2
levle2_2,datasets\raw\acne04\JPEGImages\levle2_2.jpg,acne04,acne_severity,unassigned,2
levle2_20,datasets\raw\acne04\JPEGImages\levle2_20.jpg,acne04,acne_severity,unassigned,2
levle2_21,datasets\raw\acne04\JPEGImages\levle2_21.jpg,acne04,acne_severity,unassigned,2
levle2_22,datasets\raw\acne04\JPEGImages\levle2_22.jpg,acne04,acne_severity,unassigned,2
levle2_23,datasets\raw\acne04\JPEGImages\levle2_23.jpg,acne04,acne_severity,unassigned,2
levle2_24,datasets\raw\acne04\JPEGImages\levle2_24.jpg,acne04,acne_severity,unassigned,2
levle2_25,datasets\raw\acne04\JPEGImages\levle2_25.jpg,acne04,acne_severity,unassigned,2
levle2_26,datasets\raw\acne04\JPEGImages\levle2_26.jpg,acne04,acne_severity,unassigned,2
levle2_27,datasets\raw\acne04\JPEGImages\levle2_27.jpg,acne04,acne_severity,unassigned,2
levle2_28,datasets\raw\acne04\JPEGImages\levle2_28.jpg,acne04,acne_severity,unassigned,2
levle2_29,datasets\raw\acne04\JPEGImages\levle2_29.jpg,acne04,acne_severity,unassigned,2
levle2_3,datasets\raw\acne04\JPEGImages\levle2_3.jpg,acne04,acne_severity,unassigned,2
levle2_30,datasets\raw\acne04\JPEGImages\levle2_30.jpg,acne04,acne_severity,unassigned,2
levle2_31,datasets\raw\acne04\JPEGImages\levle2_31.jpg,acne04,acne_severity,unassigned,2
levle2_32,datasets\raw\acne04\JPEGImages\levle2_32.jpg,acne04,acne_severity,unassigned,2
levle2_33,datasets\raw\acne04\JPEGImages\levle2_33.jpg,acne04,acne_severity,unassigned,2
levle2_34,datasets\raw\acne04\JPEGImages\levle2_34.jpg,acne04,acne_severity,unassigned,2
levle2_35,datasets\raw\acne04\JPEGImages\levle2_35.jpg,acne04,acne_severity,unassigned,2
levle2_36,datasets\raw\acne04\JPEGImages\levle2_36.jpg,acne04,acne_severity,unassigned,2
levle2_37,datasets\raw\acne04\JPEGImages\levle2_37.jpg,acne04,acne_severity,unassigned,2
levle2_38,datasets\raw\acne04\JPEGImages\levle2_38.jpg,acne04,acne_severity,unassigned,2
levle2_39,datasets\raw\acne04\JPEGImages\levle2_39.jpg,acne04,acne_severity,unassigned,2
levle2_4,datasets\raw\acne04\JPEGImages\levle2_4.jpg,acne04,acne_severity,unassigned,2
levle2_40,datasets\raw\acne04\JPEGImages\levle2_40.jpg,acne04,acne_severity,unassigned,2
levle2_41,datasets\raw\acne04\JPEGImages\levle2_41.jpg,acne04,acne_severity,unassigned,2
levle2_42,datasets\raw\acne04\JPEGImages\levle2_42.jpg,acne04,acne_severity,unassigned,2
levle2_43,datasets\raw\acne04\JPEGImages\levle2_43.jpg,acne04,acne_severity,unassigned,2
levle2_44,datasets\raw\acne04\JPEGImages\levle2_44.jpg,acne04,acne_severity,unassigned,2
levle2_45,datasets\raw\acne04\JPEGImages\levle2_45.jpg,acne04,acne_severity,unassigned,2
levle2_46,datasets\raw\acne04\JPEGImages\levle2_46.jpg,acne04,acne_severity,unassigned,2
levle2_47,datasets\raw\acne04\JPEGImages\levle2_47.jpg,acne04,acne_severity,unassigned,2
levle2_48,datasets\raw\acne04\JPEGImages\levle2_48.jpg,acne04,acne_severity,unassigned,2
levle2_49,datasets\raw\acne04\JPEGImages\levle2_49.jpg,acne04,acne_severity,unassigned,2
levle2_5,datasets\raw\acne04\JPEGImages\levle2_5.jpg,acne04,acne_severity,unassigned,2
levle2_50,datasets\raw\acne04\JPEGImages\levle2_50.jpg,acne04,acne_severity,unassigned,2
levle2_51,datasets\raw\acne04\JPEGImages\levle2_51.jpg,acne04,acne_severity,unassigned,2
levle2_52,datasets\raw\acne04\JPEGImages\levle2_52.jpg,acne04,acne_severity,unassigned,2
levle2_53,datasets\raw\acne04\JPEGImages\levle2_53.jpg,acne04,acne_severity,unassigned,2
levle2_54,datasets\raw\acne04\JPEGImages\levle2_54.jpg,acne04,acne_severity,unassigned,2
levle2_55,datasets\raw\acne04\JPEGImages\levle2_55.jpg,acne04,acne_severity,unassigned,2
levle2_56,datasets\raw\acne04\JPEGImages\levle2_56.jpg,acne04,acne_severity,unassigned,2
levle2_57,datasets\raw\acne04\JPEGImages\levle2_57.jpg,acne04,acne_severity,unassigned,2
levle2_58,datasets\raw\acne04\JPEGImages\levle2_58.jpg,acne04,acne_severity,unassigned,2
levle2_59,datasets\raw\acne04\JPEGImages\levle2_59.jpg,acne04,acne_severity,unassigned,2
levle2_6,datasets\raw\acne04\JPEGImages\levle2_6.jpg,acne04,acne_severity,unassigned,2
levle2_60,datasets\raw\acne04\JPEGImages\levle2_60.jpg,acne04,acne_severity,unassigned,2
levle2_61,datasets\raw\acne04\JPEGImages\levle2_61.jpg,acne04,acne_severity,unassigned,2
levle2_62,datasets\raw\acne04\JPEGImages\levle2_62.jpg,acne04,acne_severity,unassigned,2
levle2_63,datasets\raw\acne04\JPEGImages\levle2_63.jpg,acne04,acne_severity,unassigned,2
levle2_64,datasets\raw\acne04\JPEGImages\levle2_64.jpg,acne04,acne_severity,unassigned,2
levle2_65,datasets\raw\acne04\JPEGImages\levle2_65.jpg,acne04,acne_severity,unassigned,2
levle2_66,datasets\raw\acne04\JPEGImages\levle2_66.jpg,acne04,acne_severity,unassigned,2
levle2_67,datasets\raw\acne04\JPEGImages\levle2_67.jpg,acne04,acne_severity,unassigned,2
levle2_68,datasets\raw\acne04\JPEGImages\levle2_68.jpg,acne04,acne_severity,unassigned,2
levle2_69,datasets\raw\acne04\JPEGImages\levle2_69.jpg,acne04,acne_severity,unassigned,2
levle2_7,datasets\raw\acne04\JPEGImages\levle2_7.jpg,acne04,acne_severity,unassigned,2
levle2_70,datasets\raw\acne04\JPEGImages\levle2_70.jpg,acne04,acne_severity,unassigned,2
levle2_71,datasets\raw\acne04\JPEGImages\levle2_71.jpg,acne04,acne_severity,unassigned,2
levle2_72,datasets\raw\acne04\JPEGImages\levle2_72.jpg,acne04,acne_severity,unassigned,2
levle2_73,datasets\raw\acne04\JPEGImages\levle2_73.jpg,acne04,acne_severity,unassigned,2
levle2_74,datasets\raw\acne04\JPEGImages\levle2_74.jpg,acne04,acne_severity,unassigned,2
levle2_75,datasets\raw\acne04\JPEGImages\levle2_75.jpg,acne04,acne_severity,unassigned,2
levle2_76,datasets\raw\acne04\JPEGImages\levle2_76.jpg,acne04,acne_severity,unassigned,2
levle2_77,datasets\raw\acne04\JPEGImages\levle2_77.jpg,acne04,acne_severity,unassigned,2
levle2_78,datasets\raw\acne04\JPEGImages\levle2_78.jpg,acne04,acne_severity,unassigned,2
levle2_79,datasets\raw\acne04\JPEGImages\levle2_79.jpg,acne04,acne_severity,unassigned,2
levle2_8,datasets\raw\acne04\JPEGImages\levle2_8.jpg,acne04,acne_severity,unassigned,2
levle2_81,datasets\raw\acne04\JPEGImages\levle2_81.jpg,acne04,acne_severity,unassigned,2
levle2_82,datasets\raw\acne04\JPEGImages\levle2_82.jpg,acne04,acne_severity,unassigned,2
levle2_83,datasets\raw\acne04\JPEGImages\levle2_83.jpg,acne04,acne_severity,unassigned,2
levle2_84,datasets\raw\acne04\JPEGImages\levle2_84.jpg,acne04,acne_severity,unassigned,2
levle2_85,datasets\raw\acne04\JPEGImages\levle2_85.jpg,acne04,acne_severity,unassigned,2
levle2_86,datasets\raw\acne04\JPEGImages\levle2_86.jpg,acne04,acne_severity,unassigned,2
levle2_87,datasets\raw\acne04\JPEGImages\levle2_87.jpg,acne04,acne_severity,unassigned,2
levle2_88,datasets\raw\acne04\JPEGImages\levle2_88.jpg,acne04,acne_severity,unassigned,2
levle2_89,datasets\raw\acne04\JPEGImages\levle2_89.jpg,acne04,acne_severity,unassigned,2
levle2_9,datasets\raw\acne04\JPEGImages\levle2_9.jpg,acne04,acne_severity,unassigned,2
levle2_90,datasets\raw\acne04\JPEGImages\levle2_90.jpg,acne04,acne_severity,unassigned,2
levle2_92,datasets\raw\acne04\JPEGImages\levle2_92.jpg,acne04,acne_severity,unassigned,2
levle2_93,datasets\raw\acne04\JPEGImages\levle2_93.jpg,acne04,acne_severity,unassigned,2
levle2_94,datasets\raw\acne04\JPEGImages\levle2_94.jpg,acne04,acne_severity,unassigned,2
levle2_95,datasets\raw\acne04\JPEGImages\levle2_95.jpg,acne04,acne_severity,unassigned,2
levle2_96,datasets\raw\acne04\JPEGImages\levle2_96.jpg,acne04,acne_severity,unassigned,2
levle2_97,datasets\raw\acne04\JPEGImages\levle2_97.jpg,acne04,acne_severity,unassigned,2
levle2_98,datasets\raw\acne04\JPEGImages\levle2_98.jpg,acne04,acne_severity,unassigned,2
levle2_99,datasets\raw\acne04\JPEGImages\levle2_99.jpg,acne04,acne_severity,unassigned,2
levle3_0,datasets\raw\acne04\JPEGImages\levle3_0.jpg,acne04,acne_severity,unassigned,3
levle3_1,datasets\raw\acne04\JPEGImages\levle3_1.jpg,acne04,acne_severity,unassigned,3
levle3_10,datasets\raw\acne04\JPEGImages\levle3_10.jpg,acne04,acne_severity,unassigned,3
levle3_100,datasets\raw\acne04\JPEGImages\levle3_100.jpg,acne04,acne_severity,unassigned,3
levle3_101,datasets\raw\acne04\JPEGImages\levle3_101.jpg,acne04,acne_severity,unassigned,3
levle3_102,datasets\raw\acne04\JPEGImages\levle3_102.jpg,acne04,acne_severity,unassigned,3
levle3_103,datasets\raw\acne04\JPEGImages\levle3_103.jpg,acne04,acne_severity,unassigned,3
levle3_104,datasets\raw\acne04\JPEGImages\levle3_104.jpg,acne04,acne_severity,unassigned,3
levle3_105,datasets\raw\acne04\JPEGImages\levle3_105.jpg,acne04,acne_severity,unassigned,3
levle3_106,datasets\raw\acne04\JPEGImages\levle3_106.jpg,acne04,acne_severity,unassigned,3
levle3_107,datasets\raw\acne04\JPEGImages\levle3_107.jpg,acne04,acne_severity,unassigned,3
levle3_108,datasets\raw\acne04\JPEGImages\levle3_108.jpg,acne04,acne_severity,unassigned,3
levle3_109,datasets\raw\acne04\JPEGImages\levle3_109.jpg,acne04,acne_severity,unassigned,3
levle3_11,datasets\raw\acne04\JPEGImages\levle3_11.jpg,acne04,acne_severity,unassigned,3
levle3_110,datasets\raw\acne04\JPEGImages\levle3_110.jpg,acne04,acne_severity,unassigned,3
levle3_111,datasets\raw\acne04\JPEGImages\levle3_111.jpg,acne04,acne_severity,unassigned,3
levle3_112,datasets\raw\acne04\JPEGImages\levle3_112.jpg,acne04,acne_severity,unassigned,3
levle3_113,datasets\raw\acne04\JPEGImages\levle3_113.jpg,acne04,acne_severity,unassigned,3
levle3_114,datasets\raw\acne04\JPEGImages\levle3_114.jpg,acne04,acne_severity,unassigned,3
levle3_115,datasets\raw\acne04\JPEGImages\levle3_115.jpg,acne04,acne_severity,unassigned,3
levle3_116,datasets\raw\acne04\JPEGImages\levle3_116.jpg,acne04,acne_severity,unassigned,3
levle3_117,datasets\raw\acne04\JPEGImages\levle3_117.jpg,acne04,acne_severity,unassigned,3
levle3_118,datasets\raw\acne04\JPEGImages\levle3_118.jpg,acne04,acne_severity,unassigned,3
levle3_119,datasets\raw\acne04\JPEGImages\levle3_119.jpg,acne04,acne_severity,unassigned,3
levle3_12,datasets\raw\acne04\JPEGImages\levle3_12.jpg,acne04,acne_severity,unassigned,3
levle3_120,datasets\raw\acne04\JPEGImages\levle3_120.jpg,acne04,acne_severity,unassigned,3
levle3_121,datasets\raw\acne04\JPEGImages\levle3_121.jpg,acne04,acne_severity,unassigned,3
levle3_122,datasets\raw\acne04\JPEGImages\levle3_122.jpg,acne04,acne_severity,unassigned,3
levle3_123,datasets\raw\acne04\JPEGImages\levle3_123.jpg,acne04,acne_severity,unassigned,3
levle3_124,datasets\raw\acne04\JPEGImages\levle3_124.jpg,acne04,acne_severity,unassigned,3
levle3_125,datasets\raw\acne04\JPEGImages\levle3_125.jpg,acne04,acne_severity,unassigned,3
levle3_126,datasets\raw\acne04\JPEGImages\levle3_126.jpg,acne04,acne_severity,unassigned,3
levle3_127,datasets\raw\acne04\JPEGImages\levle3_127.jpg,acne04,acne_severity,unassigned,3
levle3_128,datasets\raw\acne04\JPEGImages\levle3_128.jpg,acne04,acne_severity,unassigned,3
levle3_129,datasets\raw\acne04\JPEGImages\levle3_129.jpg,acne04,acne_severity,unassigned,3
levle3_13,datasets\raw\acne04\JPEGImages\levle3_13.jpg,acne04,acne_severity,unassigned,3
levle3_130,datasets\raw\acne04\JPEGImages\levle3_130.jpg,acne04,acne_severity,unassigned,3
levle3_131,datasets\raw\acne04\JPEGImages\levle3_131.jpg,acne04,acne_severity,unassigned,3
levle3_132,datasets\raw\acne04\JPEGImages\levle3_132.jpg,acne04,acne_severity,unassigned,3
levle3_133,datasets\raw\acne04\JPEGImages\levle3_133.jpg,acne04,acne_severity,unassigned,3
levle3_136,datasets\raw\acne04\JPEGImages\levle3_136.jpg,acne04,acne_severity,unassigned,3
levle3_137,datasets\raw\acne04\JPEGImages\levle3_137.jpg,acne04,acne_severity,unassigned,3
levle3_14,datasets\raw\acne04\JPEGImages\levle3_14.jpg,acne04,acne_severity,unassigned,3
levle3_140,datasets\raw\acne04\JPEGImages\levle3_140.jpg,acne04,acne_severity,unassigned,3
levle3_141,datasets\raw\acne04\JPEGImages\levle3_141.jpg,acne04,acne_severity,unassigned,3
levle3_142,datasets\raw\acne04\JPEGImages\levle3_142.jpg,acne04,acne_severity,unassigned,3
levle3_143,datasets\raw\acne04\JPEGImages\levle3_143.jpg,acne04,acne_severity,unassigned,3
levle3_144,datasets\raw\acne04\JPEGImages\levle3_144.jpg,acne04,acne_severity,unassigned,3
levle3_145,datasets\raw\acne04\JPEGImages\levle3_145.jpg,acne04,acne_severity,unassigned,3
levle3_15,datasets\raw\acne04\JPEGImages\levle3_15.jpg,acne04,acne_severity,unassigned,3
levle3_16,datasets\raw\acne04\JPEGImages\levle3_16.jpg,acne04,acne_severity,unassigned,3
levle3_17,datasets\raw\acne04\JPEGImages\levle3_17.jpg,acne04,acne_severity,unassigned,3
levle3_18,datasets\raw\acne04\JPEGImages\levle3_18.jpg,acne04,acne_severity,unassigned,3
levle3_19,datasets\raw\acne04\JPEGImages\levle3_19.jpg,acne04,acne_severity,unassigned,3
levle3_2,datasets\raw\acne04\JPEGImages\levle3_2.jpg,acne04,acne_severity,unassigned,3
levle3_20,datasets\raw\acne04\JPEGImages\levle3_20.jpg,acne04,acne_severity,unassigned,3
levle3_21,datasets\raw\acne04\JPEGImages\levle3_21.jpg,acne04,acne_severity,unassigned,3
levle3_22,datasets\raw\acne04\JPEGImages\levle3_22.jpg,acne04,acne_severity,unassigned,3
levle3_23,datasets\raw\acne04\JPEGImages\levle3_23.jpg,acne04,acne_severity,unassigned,3
levle3_24,datasets\raw\acne04\JPEGImages\levle3_24.jpg,acne04,acne_severity,unassigned,3
levle3_25,datasets\raw\acne04\JPEGImages\levle3_25.jpg,acne04,acne_severity,unassigned,3
levle3_26,datasets\raw\acne04\JPEGImages\levle3_26.jpg,acne04,acne_severity,unassigned,3
levle3_27,datasets\raw\acne04\JPEGImages\levle3_27.jpg,acne04,acne_severity,unassigned,3
levle3_28,datasets\raw\acne04\JPEGImages\levle3_28.jpg,acne04,acne_severity,unassigned,3
levle3_29,datasets\raw\acne04\JPEGImages\levle3_29.jpg,acne04,acne_severity,unassigned,3
levle3_3,datasets\raw\acne04\JPEGImages\levle3_3.jpg,acne04,acne_severity,unassigned,3
levle3_30,datasets\raw\acne04\JPEGImages\levle3_30.jpg,acne04,acne_severity,unassigned,3
levle3_31,datasets\raw\acne04\JPEGImages\levle3_31.jpg,acne04,acne_severity,unassigned,3
levle3_33,datasets\raw\acne04\JPEGImages\levle3_33.jpg,acne04,acne_severity,unassigned,3
levle3_34,datasets\raw\acne04\JPEGImages\levle3_34.jpg,acne04,acne_severity,unassigned,3
levle3_36,datasets\raw\acne04\JPEGImages\levle3_36.jpg,acne04,acne_severity,unassigned,3
levle3_37,datasets\raw\acne04\JPEGImages\levle3_37.jpg,acne04,acne_severity,unassigned,3
levle3_38,datasets\raw\acne04\JPEGImages\levle3_38.jpg,acne04,acne_severity,unassigned,3
levle3_39,datasets\raw\acne04\JPEGImages\levle3_39.jpg,acne04,acne_severity,unassigned,3
levle3_4,datasets\raw\acne04\JPEGImages\levle3_4.jpg,acne04,acne_severity,unassigned,3
levle3_40,datasets\raw\acne04\JPEGImages\levle3_40.jpg,acne04,acne_severity,unassigned,3
levle3_41,datasets\raw\acne04\JPEGImages\levle3_41.jpg,acne04,acne_severity,unassigned,3
levle3_42,datasets\raw\acne04\JPEGImages\levle3_42.jpg,acne04,acne_severity,unassigned,3
levle3_43,datasets\raw\acne04\JPEGImages\levle3_43.jpg,acne04,acne_severity,unassigned,3
levle3_44,datasets\raw\acne04\JPEGImages\levle3_44.jpg,acne04,acne_severity,unassigned,3
levle3_45,datasets\raw\acne04\JPEGImages\levle3_45.jpg,acne04,acne_severity,unassigned,3
levle3_46,datasets\raw\acne04\JPEGImages\levle3_46.jpg,acne04,acne_severity,unassigned,3
levle3_47,datasets\raw\acne04\JPEGImages\levle3_47.jpg,acne04,acne_severity,unassigned,3
levle3_48,datasets\raw\acne04\JPEGImages\levle3_48.jpg,acne04,acne_severity,unassigned,3
levle3_49,datasets\raw\acne04\JPEGImages\levle3_49.jpg,acne04,acne_severity,unassigned,3
levle3_5,datasets\raw\acne04\JPEGImages\levle3_5.jpg,acne04,acne_severity,unassigned,3
levle3_50,datasets\raw\acne04\JPEGImages\levle3_50.jpg,acne04,acne_severity,unassigned,3
levle3_51,datasets\raw\acne04\JPEGImages\levle3_51.jpg,acne04,acne_severity,unassigned,3
levle3_52,datasets\raw\acne04\JPEGImages\levle3_52.jpg,acne04,acne_severity,unassigned,3
levle3_53,datasets\raw\acne04\JPEGImages\levle3_53.jpg,acne04,acne_severity,unassigned,3
levle3_54,datasets\raw\acne04\JPEGImages\levle3_54.jpg,acne04,acne_severity,unassigned,3
levle3_55,datasets\raw\acne04\JPEGImages\levle3_55.jpg,acne04,acne_severity,unassigned,3
levle3_56,datasets\raw\acne04\JPEGImages\levle3_56.jpg,acne04,acne_severity,unassigned,3
levle3_57,datasets\raw\acne04\JPEGImages\levle3_57.jpg,acne04,acne_severity,unassigned,3
levle3_58,datasets\raw\acne04\JPEGImages\levle3_58.jpg,acne04,acne_severity,unassigned,3
levle3_59,datasets\raw\acne04\JPEGImages\levle3_59.jpg,acne04,acne_severity,unassigned,3
levle3_6,datasets\raw\acne04\JPEGImages\levle3_6.jpg,acne04,acne_severity,unassigned,3
levle3_60,datasets\raw\acne04\JPEGImages\levle3_60.jpg,acne04,acne_severity,unassigned,3
levle3_61,datasets\raw\acne04\JPEGImages\levle3_61.jpg,acne04,acne_severity,unassigned,3
levle3_62,datasets\raw\acne04\JPEGImages\levle3_62.jpg,acne04,acne_severity,unassigned,3
levle3_63,datasets\raw\acne04\JPEGImages\levle3_63.jpg,acne04,acne_severity,unassigned,3
levle3_64,datasets\raw\acne04\JPEGImages\levle3_64.jpg,acne04,acne_severity,unassigned,3
levle3_65,datasets\raw\acne04\JPEGImages\levle3_65.jpg,acne04,acne_severity,unassigned,3
levle3_66,datasets\raw\acne04\JPEGImages\levle3_66.jpg,acne04,acne_severity,unassigned,3
levle3_67,datasets\raw\acne04\JPEGImages\levle3_67.jpg,acne04,acne_severity,unassigned,3
levle3_68,datasets\raw\acne04\JPEGImages\levle3_68.jpg,acne04,acne_severity,unassigned,3
levle3_7,datasets\raw\acne04\JPEGImages\levle3_7.jpg,acne04,acne_severity,unassigned,3
levle3_70,datasets\raw\acne04\JPEGImages\levle3_70.jpg,acne04,acne_severity,unassigned,3
levle3_71,datasets\raw\acne04\JPEGImages\levle3_71.jpg,acne04,acne_severity,unassigned,3
levle3_72,datasets\raw\acne04\JPEGImages\levle3_72.jpg,acne04,acne_severity,unassigned,3
levle3_73,datasets\raw\acne04\JPEGImages\levle3_73.jpg,acne04,acne_severity,unassigned,3
levle3_74,datasets\raw\acne04\JPEGImages\levle3_74.jpg,acne04,acne_severity,unassigned,3
levle3_75,datasets\raw\acne04\JPEGImages\levle3_75.jpg,acne04,acne_severity,unassigned,3
levle3_76,datasets\raw\acne04\JPEGImages\levle3_76.jpg,acne04,acne_severity,unassigned,3
levle3_77,datasets\raw\acne04\JPEGImages\levle3_77.jpg,acne04,acne_severity,unassigned,3
levle3_78,datasets\raw\acne04\JPEGImages\levle3_78.jpg,acne04,acne_severity,unassigned,3
levle3_79,datasets\raw\acne04\JPEGImages\levle3_79.jpg,acne04,acne_severity,unassigned,3
levle3_8,datasets\raw\acne04\JPEGImages\levle3_8.jpg,acne04,acne_severity,unassigned,3
levle3_80,datasets\raw\acne04\JPEGImages\levle3_80.jpg,acne04,acne_severity,unassigned,3
levle3_81,datasets\raw\acne04\JPEGImages\levle3_81.jpg,acne04,acne_severity,unassigned,3
levle3_82,datasets\raw\acne04\JPEGImages\levle3_82.jpg,acne04,acne_severity,unassigned,3
levle3_83,datasets\raw\acne04\JPEGImages\levle3_83.jpg,acne04,acne_severity,unassigned,3
levle3_84,datasets\raw\acne04\JPEGImages\levle3_84.jpg,acne04,acne_severity,unassigned,3
levle3_85,datasets\raw\acne04\JPEGImages\levle3_85.jpg,acne04,acne_severity,unassigned,3
levle3_86,datasets\raw\acne04\JPEGImages\levle3_86.jpg,acne04,acne_severity,unassigned,3
levle3_87,datasets\raw\acne04\JPEGImages\levle3_87.jpg,acne04,acne_severity,unassigned,3
levle3_88,datasets\raw\acne04\JPEGImages\levle3_88.jpg,acne04,acne_severity,unassigned,3
levle3_89,datasets\raw\acne04\JPEGImages\levle3_89.jpg,acne04,acne_severity,unassigned,3
levle3_9,datasets\raw\acne04\JPEGImages\levle3_9.jpg,acne04,acne_severity,unassigned,3
levle3_90,datasets\raw\acne04\JPEGImages\levle3_90.jpg,acne04,acne_severity,unassigned,3
levle3_91,datasets\raw\acne04\JPEGImages\levle3_91.jpg,acne04,acne_severity,unassigned,3
levle3_92,datasets\raw\acne04\JPEGImages\levle3_92.jpg,acne04,acne_severity,unassigned,3
levle3_93,datasets\raw\acne04\JPEGImages\levle3_93.jpg,acne04,acne_severity,unassigned,3
levle3_94,datasets\raw\acne04\JPEGImages\levle3_94.jpg,acne04,acne_severity,unassigned,3
levle3_95,datasets\raw\acne04\JPEGImages\levle3_95.jpg,acne04,acne_severity,unassigned,3
levle3_96,datasets\raw\acne04\JPEGImages\levle3_96.jpg,acne04,acne_severity,unassigned,3
levle3_97,datasets\raw\acne04\JPEGImages\levle3_97.jpg,acne04,acne_severity,unassigned,3
