image_id,image_path,dataset_name,task,split,portrait_score_raw,portrait_score,std,raters
AF1,datasets\processed\scut_fbp5500\images\AF1.jpg,scut_fbp5500,portrait_score,unassigned,2.333333333333333,2.333333333333333,0.6806444271116835,60
AF10,datasets\processed\scut_fbp5500\images\AF10.jpg,scut_fbp5500,portrait_score,unassigned,3.433333333333333,3.433333333333333,0.5928004971139372,60
AF100,datasets\processed\scut_fbp5500\images\AF100.jpg,scut_fbp5500,portrait_score,unassigned,2.9,2.9,0.4395683553021656,60
AF1000,datasets\processed\scut_fbp5500\images\AF1000.jpg,scut_fbp5500,portrait_score,unassigned,3.966666666666667,3.966666666666667,0.7122812876724767,60
AF1001,datasets\processed\scut_fbp5500\images\AF1001.jpg,scut_fbp5500,portrait_score,unassigned,3.733333333333333,3.733333333333333,0.8410378307593313,60
AF1002,datasets\processed\scut_fbp5500\images\AF1002.jpg,scut_fbp5500,portrait_score,unassigned,2.6166666666666667,2.6166666666666667,0.6131791749276647,60
AF1003,datasets\processed\scut_fbp5500\images\AF1003.jpg,scut_fbp5500,portrait_score,unassigned,2.8666666666666667,2.8666666666666667,0.5030977485864633,60
AF1004,datasets\processed\scut_fbp5500\images\AF1004.jpg,scut_fbp5500,portrait_score,unassigned,3.3,3.3,0.6962368581968814,60
AF1005,datasets\processed\scut_fbp5500\images\AF1005.jpg,scut_fbp5500,portrait_score,unassigned,2.216666666666667,2.216666666666667,0.6911465950282972,60
AF1006,datasets\processed\scut_fbp5500\images\AF1006.jpg,scut_fbp5500,portrait_score,unassigned,3.45,3.45,0.6489887831680653,60
AF1007,datasets\processed\scut_fbp5500\images\AF1007.jpg,scut_fbp5500,portrait_score,unassigned,2.7,2.7,0.5614750549117347,60
AF1008,datasets\processed\scut_fbp5500\images\AF1008.jpg,scut_fbp5500,portrait_score,unassigned,2.783333333333333,2.783333333333333,0.6131791749276647,60
AF1009,datasets\processed\scut_fbp5500\images\AF1009.jpg,scut_fbp5500,portrait_score,unassigned,3.8666666666666663,3.8666666666666663,0.8123342942715871,60
AF101,datasets\processed\scut_fbp5500\images\AF101.jpg,scut_fbp5500,portrait_score,unassigned,2.35,2.35,0.5771055773925835,60
AF1010,datasets\processed\scut_fbp5500\images\AF1010.jpg,scut_fbp5500,portrait_score,unassigned,2.583333333333333,2.583333333333333,0.590652229740289,60
AF1011,datasets\processed\scut_fbp5500\images\AF1011.jpg,scut_fbp5500,portrait_score,unassigned,3.1,3.1,0.6814739757767841,60
AF1012,datasets\processed\scut_fbp5500\images\AF1012.jpg,scut_fbp5500,portrait_score,unassigned,2.7666666666666666,2.7666666666666666,0.7217367628174831,60
AF1013,datasets\processed\scut_fbp5500\images\AF1013.jpg,scut_fbp5500,portrait_score,unassigned,3.816666666666667,3.816666666666667,0.7700245795475263,60
AF1014,datasets\processed\scut_fbp5500\images\AF1014.jpg,scut_fbp5500,portrait_score,unassigned,4.316666666666666,4.316666666666666,0.6762726024084975,60
AF1015,datasets\processed\scut_fbp5500\images\AF1015.jpg,scut_fbp5500,portrait_score,unassigned,3.683333333333333,3.683333333333333,0.8128557456749852,60
AF1016,datasets\processed\scut_fbp5500\images\AF1016.jpg,scut_fbp5500,portrait_score,unassigned,3.816666666666667,3.816666666666667,0.5963637459756623,60
AF1017,datasets\processed\scut_fbp5500\images\AF1017.jpg,scut_fbp5500,portrait_score,unassigned,3.5,3.5,0.6509445549041192,60
AF1018,datasets\processed\scut_fbp5500\images\AF1018.jpg,scut_fbp5500,portrait_score,unassigned,3.316666666666667,3.316666666666667,0.5963637459756623,60
AF1019,datasets\processed\scut_fbp5500\images\AF1019.jpg,scut_fbp5500,portrait_score,unassigned,2.083333333333333,2.083333333333333,0.7199733202840949,60
AF102,datasets\processed\scut_fbp5500\images\AF102.jpg,scut_fbp5500,portrait_score,unassigned,2.8,2.8,0.4801129810537007,60
AF1020,datasets\processed\scut_fbp5500\images\AF1020.jpg,scut_fbp5500,portrait_score,unassigned,2.8666666666666667,2.8666666666666667,0.4304773332746763,60
AF1021,datasets\processed\scut_fbp5500\images\AF1021.jpg,scut_fbp5500,portrait_score,unassigned,2.933333333333333,2.933333333333333,0.6856066636017631,60
AF1022,datasets\processed\scut_fbp5500\images\AF1022.jpg,scut_fbp5500,portrait_score,unassigned,3.7666666666666666,3.7666666666666666,0.6207340287621397,60
AF1023,datasets\processed\scut_fbp5500\images\AF1023.jpg,scut_fbp5500,portrait_score,unassigned,3.4,3.4,0.6937981927069209,60
AF1024,datasets\processed\scut_fbp5500\images\AF1024.jpg,scut_fbp5500,portrait_score,unassigned,3.3666666666666667,3.3666666666666667,0.758380671521798,60
AF1025,datasets\processed\scut_fbp5500\images\AF1025.jpg,scut_fbp5500,portrait_score,unassigned,1.8666666666666667,1.8666666666666667,0.6500760494407537,60
AF1026,datasets\processed\scut_fbp5500\images\AF1026.jpg,scut_fbp5500,portrait_score,unassigned,3.65,3.65,0.6593525329532482,60
AF1027,datasets\processed\scut_fbp5500\images\AF1027.jpg,scut_fbp5500,portrait_score,unassigned,3.983333333333333,3.983333333333333,0.7008872504569529,60
AF1028,datasets\processed\scut_fbp5500\images\AF1028.jpg,scut_fbp5500,portrait_score,unassigned,2.1333333333333333,2.1333333333333333,0.7240813388775702,60
AF1029,datasets\processed\scut_fbp5500\images\AF1029.jpg,scut_fbp5500,portrait_score,unassigned,3.95,3.95,0.6223247830459754,60
AF103,datasets\processed\scut_fbp5500\images\AF103.jpg,scut_fbp5500,portrait_score,unassigned,2.6,2.6,0.616166387389926,60
AF1030,datasets\processed\scut_fbp5500\images\AF1030.jpg,scut_fbp5500,portrait_score,unassigned,2.316666666666667,2.316666666666667,0.6762726024084974,60
AF1031,datasets\processed\scut_fbp5500\images\AF1031.jpg,scut_fbp5500,portrait_score,unassigned,4.033333333333333,4.033333333333333,0.8018340558415717,60
AF1032,datasets\processed\scut_fbp5500\images\AF1032.jpg,scut_fbp5500,portrait_score,unassigned,3.316666666666667,3.316666666666667,0.6762726024084973,60
AF1033,datasets\processed\scut_fbp5500\images\AF1033.jpg,scut_fbp5500,portrait_score,unassigned,2.2666666666666666,2.2666666666666666,0.6604227374117243,60
AF1034,datasets\processed\scut_fbp5500\images\AF1034.jpg,scut_fbp5500,portrait_score,unassigned,3.05,3.05,0.7461766955734741,60
AF1035,datasets\processed\scut_fbp5500\images\AF1035.jpg,scut_fbp5500,portrait_score,unassigned,3.5166666666666666,3.5166666666666666,0.6507275372101721,60
AF1036,datasets\processed\scut_fbp5500\images\AF1036.jpg,scut_fbp5500,portrait_score,unassigned,2.75,2.75,0.4738947891530783,60
AF1037,datasets\processed\scut_fbp5500\images\AF1037.jpg,scut_fbp5500,portrait_score,unassigned,2.0,2.0,0.7130740328122925,60
AF1038,datasets\processed\scut_fbp5500\images\AF1038.jpg,scut_fbp5500,portrait_score,unassigned,2.65,2.65,0.8197767368650349,60
AF1039,datasets\processed\scut_fbp5500\images\AF1039.jpg,scut_fbp5500,portrait_score,unassigned,4.2,4.2,0.731842346642351,60
AF104,datasets\processed\scut_fbp5500\images\AF104.jpg,scut_fbp5500,portrait_score,unassigned,2.833333333333333,2.833333333333333,0.5261522196019801,60
AF1040,datasets\processed\scut_fbp5500\images\AF1040.jpg,scut_fbp5500,portrait_score,unassigned,2.2333333333333334,2.2333333333333334,0.6731324866865128,60
AF1041,datasets\processed\scut_fbp5500\images\AF1041.jpg,scut_fbp5500,portrait_score,unassigned,2.3833333333333333,2.3833333333333333,0.6131791749276648,60
AF1042,datasets\processed\scut_fbp5500\images\AF1042.jpg,scut_fbp5500,portrait_score,unassigned,3.1166666666666667,3.1166666666666667,0.6661721329614916,60
AF1043,datasets\processed\scut_fbp5500\images\AF1043.jpg,scut_fbp5500,portrait_score,unassigned,2.5166666666666666,2.5166666666666666,0.650727537210172,60
AF1044,datasets\processed\scut_fbp5500\images\AF1044.jpg,scut_fbp5500,portrait_score,unassigned,2.9833333333333334,2.9833333333333334,0.6241378234003049,60
AF1045,datasets\processed\scut_fbp5500\images\AF1045.jpg,scut_fbp5500,portrait_score,unassigned,3.816666666666667,3.816666666666667,0.6762726024084973,60
AF1046,datasets\processed\scut_fbp5500\images\AF1046.jpg,scut_fbp5500,portrait_score,unassigned,2.283333333333333,2.283333333333333,0.6661721329614916,60
AF1047,datasets\processed\scut_fbp5500\images\AF1047.jpg,scut_fbp5500,portrait_score,unassigned,3.65,3.65,0.7089022308339535,60
AF1048,datasets\processed\scut_fbp5500\images\AF1048.jpg,scut_fbp5500,portrait_score,unassigned,3.15,3.15,0.5469483909592214,60
AF1049,datasets\processed\scut_fbp5500\images\AF1049.jpg,scut_fbp5500,portrait_score,unassigned,2.95,2.95,0.501692052213544,60
AF105,datasets\processed\scut_fbp5500\images\AF105.jpg,scut_fbp5500,portrait_score,unassigned,4.033333333333333,4.033333333333333,0.7122812876724767,60
AF1050,datasets\processed\scut_fbp5500\images\AF1050.jpg,scut_fbp5500,portrait_score,unassigned,3.183333333333333,3.183333333333333,0.7246662976417858,60
AF1051,datasets\processed\scut_fbp5500\images\AF1051.jpg,scut_fbp5500,portrait_score,unassigned,2.7,2.7,0.5908913118102866,60
AF1052,datasets\processed\scut_fbp5500\images\AF1052.jpg,scut_fbp5500,portrait_score,unassigned,2.783333333333333,2.783333333333333,0.7385663314751769,60
AF1053,datasets\processed\scut_fbp5500\images\AF1053.jpg,scut_fbp5500,portrait_score,unassigned,2.6666666666666665,2.6666666666666665,0.5724365605193374,60
AF1054,datasets\processed\scut_fbp5500\images\AF1054.jpg,scut_fbp5500,portrait_score,unassigned,3.216666666666667,3.216666666666667,0.7385663314751766,60
AF1055,datasets\processed\scut_fbp5500\images\AF1055.jpg,scut_fbp5500,portrait_score,unassigned,3.45,3.45,0.7231053560389409,60
AF1056,datasets\processed\scut_fbp5500\images\AF1056.jpg,scut_fbp5500,portrait_score,unassigned,4.216666666666667,4.216666666666667,0.6402241838994507,60
AF1057,datasets\processed\scut_fbp5500\images\AF1057.jpg,scut_fbp5500,portrait_score,unassigned,3.15,3.15,0.6057632809459261,60
AF1058,datasets\processed\scut_fbp5500\images\AF1058.jpg,scut_fbp5500,portrait_score,unassigned,3.783333333333333,3.783333333333333,0.761169186891749,60
AF1059,datasets\processed\scut_fbp5500\images\AF1059.jpg,scut_fbp5500,portrait_score,unassigned,3.033333333333333,3.033333333333333,0.485961101416971,60
AF106,datasets\processed\scut_fbp5500\images\AF106.jpg,scut_fbp5500,portrait_score,unassigned,3.033333333333333,3.033333333333333,0.4497331286503695,60
AF1060,datasets\processed\scut_fbp5500\images\AF1060.jpg,scut_fbp5500,portrait_score,unassigned,2.433333333333333,2.433333333333333,0.6731324866865127,60
AF1061,datasets\processed\scut_fbp5500\images\AF1061.jpg,scut_fbp5500,portrait_score,unassigned,2.7666666666666666,2.7666666666666666,0.6474635430261866,60
AF1062,datasets\processed\scut_fbp5500\images\AF1062.jpg,scut_fbp5500,portrait_score,unassigned,4.183333333333334,4.183333333333334,0.6762726024084974,60
AF1063,datasets\processed\scut_fbp5500\images\AF1063.jpg,scut_fbp5500,portrait_score,unassigned,4.316666666666666,4.316666666666666,0.650727537210172,60
AF1064,datasets\processed\scut_fbp5500\images\AF1064.jpg,scut_fbp5500,portrait_score,unassigned,3.883333333333333,3.883333333333333,0.7831199372753781,60
AF1065,datasets\processed\scut_fbp5500\images\AF1065.jpg,scut_fbp5500,portrait_score,unassigned,3.85,3.85,0.6593525329532484,60
AF1066,datasets\processed\scut_fbp5500\images\AF1066.jpg,scut_fbp5500,portrait_score,unassigned,1.6833333333333331,1.6833333333333331,0.6241378234003047,60
AF1067,datasets\processed\scut_fbp5500\images\AF1067.jpg,scut_fbp5500,portrait_score,unassigned,2.583333333333333,2.583333333333333,0.590652229740289,60
AF1068,datasets\processed\scut_fbp5500\images\AF1068.jpg,scut_fbp5500,portrait_score,unassigned,4.116666666666666,4.116666666666666,0.6131791749276648,60
AF1069,datasets\processed\scut_fbp5500\images\AF1069.jpg,scut_fbp5500,portrait_score,unassigned,3.183333333333333,3.183333333333333,0.6241378234003048,60
AF107,datasets\processed\scut_fbp5500\images\AF107.jpg,scut_fbp5500,portrait_score,unassigned,1.8833333333333333,1.8833333333333333,0.6911465950282972,60
AF1070,datasets\processed\scut_fbp5500\images\AF1070.jpg,scut_fbp5500,portrait_score,unassigned,2.5,2.5,0.6764814252025458,60
AF1071,datasets\processed\scut_fbp5500\images\AF1071.jpg,scut_fbp5500,portrait_score,unassigned,3.1333333333333333,3.1333333333333333,0.6234585511256954,60
AF1072,datasets\processed\scut_fbp5500\images\AF1072.jpg,scut_fbp5500,portrait_score,unassigned,3.2333333333333334,3.2333333333333334,0.6474635430261866,60
AF1073,datasets\processed\scut_fbp5500\images\AF1073.jpg,scut_fbp5500,portrait_score,unassigned,2.6666666666666665,2.6666666666666665,0.6013168224022631,60
AF1074,datasets\processed\scut_fbp5500\images\AF1074.jpg,scut_fbp5500,portrait_score,unassigned,3.1166666666666667,3.1166666666666667,0.5848849420870963,60
AF1075,datasets\processed\scut_fbp5500\images\AF1075.jpg,scut_fbp5500,portrait_score,unassigned,3.9,3.9,0.729522713718023,60
AF1076,datasets\processed\scut_fbp5500\images\AF1076.jpg,scut_fbp5500,portrait_score,unassigned,1.4,1.4,0.5584482131582669,60
AF1077,datasets\processed\scut_fbp5500\images\AF1077.jpg,scut_fbp5500,portrait_score,unassigned,3.1166666666666667,3.1166666666666667,0.761169186891749,60
AF1078,datasets\processed\scut_fbp5500\images\AF1078.jpg,scut_fbp5500,portrait_score,unassigned,3.4833333333333334,3.4833333333333334,0.6507275372101721,60
AF1079,datasets\processed\scut_fbp5500\images\AF1079.jpg,scut_fbp5500,portrait_score,unassigned,2.966666666666667,2.966666666666667,0.5196696038591648,60
AF108,datasets\processed\scut_fbp5500\images\AF108.jpg,scut_fbp5500,portrait_score,unassigned,2.783333333333333,2.783333333333333,0.7611691868917491,60
AF1080,datasets\processed\scut_fbp5500\images\AF1080.jpg,scut_fbp5500,portrait_score,unassigned,3.9166666666666665,3.9166666666666665,0.618682763281733,60
AF1081,datasets\processed\scut_fbp5500\images\AF1081.jpg,scut_fbp5500,portrait_score,unassigned,2.9,2.9,0.681473975776784,60
AF1082,datasets\processed\scut_fbp5500\images\AF1082.jpg,scut_fbp5500,portrait_score,unassigned,2.6333333333333333,2.6333333333333333,0.6097142055335258,60
AF1083,datasets\processed\scut_fbp5500\images\AF1083.jpg,scut_fbp5500,portrait_score,unassigned,4.4,4.4,0.5880159112340473,60
AF1084,datasets\processed\scut_fbp5500\images\AF1084.jpg,scut_fbp5500,portrait_score,unassigned,1.8333333333333333,1.8333333333333333,0.668077602989218,60
AF1085,datasets\processed\scut_fbp5500\images\AF1085.jpg,scut_fbp5500,portrait_score,unassigned,2.283333333333333,2.283333333333333,0.6911465950282972,60
AF1086,datasets\processed\scut_fbp5500\images\AF1086.jpg,scut_fbp5500,portrait_score,unassigned,3.65,3.65,0.7552079071691764,60
AF1087,datasets\processed\scut_fbp5500\images\AF1087.jpg,scut_fbp5500,portrait_score,unassigned,2.7666666666666666,2.7666666666666666,0.5325559305923083,60
AF1088,datasets\processed\scut_fbp5500\images\AF1088.jpg,scut_fbp5500,portrait_score,unassigned,3.8666666666666663,3.8666666666666663,0.5664838521990365,60
AF1089,datasets\processed\scut_fbp5500\images\AF1089.jpg,scut_fbp5500,portrait_score,unassigned,2.033333333333333,2.033333333333333,0.6880743620304536,60
AF109,datasets\processed\scut_fbp5500\images\AF109.jpg,scut_fbp5500,portrait_score,unassigned,2.333333333333333,2.333333333333333,0.6806444271116837,60
AF1090,datasets\processed\scut_fbp5500\images\AF1090.jpg,scut_fbp5500,portrait_score,unassigned,3.966666666666667,3.966666666666667,0.5812513288970897,60
AF1091,datasets\processed\scut_fbp5500\images\AF1091.jpg,scut_fbp5500,portrait_score,unassigned,2.9166666666666665,2.9166666666666665,0.618682763281733,60
AF1092,datasets\processed\scut_fbp5500\images\AF1092.jpg,scut_fbp5500,portrait_score,unassigned,2.25,2.25,0.6001412263171259,60
AF1093,datasets\processed\scut_fbp5500\images\AF1093.jpg,scut_fbp5500,portrait_score,unassigned,3.633333333333333,3.633333333333333,0.5812513288970896,60
AF1094,datasets\processed\scut_fbp5500\images\AF1094.jpg,scut_fbp5500,portrait_score,unassigned,4.066666666666666,4.066666666666666,0.6856066636017631,60
AF1095,datasets\processed\scut_fbp5500\images\AF1095.jpg,scut_fbp5500,portrait_score,unassigned,2.6666666666666665,2.6666666666666665,0.655269815475615,60
AF1096,datasets\processed\scut_fbp5500\images\AF1096.jpg,scut_fbp5500,portrait_score,unassigned,2.3666666666666667,2.3666666666666667,0.7122812876724768,60
AF1097,datasets\processed\scut_fbp5500\images\AF1097.jpg,scut_fbp5500,portrait_score,unassigned,2.466666666666667,2.466666666666667,0.6756457467795108,60
AF1098,datasets\processed\scut_fbp5500\images\AF1098.jpg,scut_fbp5500,portrait_score,unassigned,1.55,1.55,0.5944660045019181,60
AF1099,datasets\processed\scut_fbp5500\images\AF1099.jpg,scut_fbp5500,portrait_score,unassigned,4.183333333333334,4.183333333333334,0.650727537210172,60
AF11,datasets\processed\scut_fbp5500\images\AF11.jpg,scut_fbp5500,portrait_score,unassigned,2.316666666666667,2.316666666666667,0.6241378234003048,60
AF110,datasets\processed\scut_fbp5500\images\AF110.jpg,scut_fbp5500,portrait_score,unassigned,3.25,3.25,0.5407151573203144,60
AF1100,datasets\processed\scut_fbp5500\images\AF1100.jpg,scut_fbp5500,portrait_score,unassigned,2.6666666666666665,2.6666666666666665,0.50979113924206,60
AF1101,datasets\processed\scut_fbp5500\images\AF1101.jpg,scut_fbp5500,portrait_score,unassigned,3.8,3.8,0.731842346642351,60
AF1102,datasets\processed\scut_fbp5500\images\AF1102.jpg,scut_fbp5500,portrait_score,unassigned,3.8333333333333335,3.8333333333333335,0.668077602989218,60
AF1103,datasets\processed\scut_fbp5500\images\AF1103.jpg,scut_fbp5500,portrait_score,unassigned,3.05,3.05,0.4288336566604186,60
AF1104,datasets\processed\scut_fbp5500\images\AF1104.jpg,scut_fbp5500,portrait_score,unassigned,4.133333333333334,4.133333333333334,0.6234585511256955,60
AF1105,datasets\processed\scut_fbp5500\images\AF1105.jpg,scut_fbp5500,portrait_score,unassigned,1.7166666666666666,1.7166666666666666,0.7831199372753781,60
AF1106,datasets\processed\scut_fbp5500\images\AF1106.jpg,scut_fbp5500,portrait_score,unassigned,3.5166666666666666,3.5166666666666666,0.6507275372101721,60
AF1107,datasets\processed\scut_fbp5500\images\AF1107.jpg,scut_fbp5500,portrait_score,unassigned,4.216666666666667,4.216666666666667,0.5551505114790765,60
AF1108,datasets\processed\scut_fbp5500\images\AF1108.jpg,scut_fbp5500,portrait_score,unassigned,1.8666666666666667,1.8666666666666667,0.7240813388775701,60
AF1109,datasets\processed\scut_fbp5500\images\AF1109.jpg,scut_fbp5500,portrait_score,unassigned,3.883333333333333,3.883333333333333,0.6661721329614914,60
AF111,datasets\processed\scut_fbp5500\images\AF111.jpg,scut_fbp5500,portrait_score,unassigned,2.75,2.75,0.5084039498973099,60
AF1110,datasets\processed\scut_fbp5500\images\AF1110.jpg,scut_fbp5500,portrait_score,unassigned,4.233333333333333,4.233333333333333,0.5928004971139373,60
AF1111,datasets\processed\scut_fbp5500\images\AF1111.jpg,scut_fbp5500,portrait_score,unassigned,2.3833333333333333,2.3833333333333333,0.6661721329614916,60
AF1112,datasets\processed\scut_fbp5500\images\AF1112.jpg,scut_fbp5500,portrait_score,unassigned,4.233333333333333,4.233333333333333,0.6207340287621397,60
AF1113,datasets\processed\scut_fbp5500\images\AF1113.jpg,scut_fbp5500,portrait_score,unassigned,3.35,3.35,0.684575830567082,60
AF1114,datasets\processed\scut_fbp5500\images\AF1114.jpg,scut_fbp5500,portrait_score,unassigned,2.966666666666667,2.966666666666667,0.4103188783384258,60
AF1115,datasets\processed\scut_fbp5500\images\AF1115.jpg,scut_fbp5500,portrait_score,unassigned,4.016666666666667,4.016666666666667,0.624137823400305,60
AF1116,datasets\processed\scut_fbp5500\images\AF1116.jpg,scut_fbp5500,portrait_score,unassigned,4.016666666666667,4.016666666666667,0.6762726024084974,60
AF1117,datasets\processed\scut_fbp5500\images\AF1117.jpg,scut_fbp5500,portrait_score,unassigned,1.9666666666666663,1.9666666666666663,0.7356921488320418,60
AF1118,datasets\processed\scut_fbp5500\images\AF1118.jpg,scut_fbp5500,portrait_score,unassigned,1.8333333333333333,1.8333333333333333,0.668077602989218,60
AF1119,datasets\processed\scut_fbp5500\images\AF1119.jpg,scut_fbp5500,portrait_score,unassigned,2.7,2.7,0.5614750549117349,60
AF112,datasets\processed\scut_fbp5500\images\AF112.jpg,scut_fbp5500,portrait_score,unassigned,2.65,2.65,0.5469483909592215,60
AF1120,datasets\processed\scut_fbp5500\images\AF1120.jpg,scut_fbp5500,portrait_score,unassigned,2.9,2.9,0.4765696633943422,60
AF1121,datasets\processed\scut_fbp5500\images\AF1121.jpg,scut_fbp5500,portrait_score,unassigned,1.9666666666666663,1.9666666666666663,0.7583806715217979,60
AF1122,datasets\processed\scut_fbp5500\images\AF1122.jpg,scut_fbp5500,portrait_score,unassigned,3.6,3.6,0.717812118376484,60
AF1123,datasets\processed\scut_fbp5500\images\AF1123.jpg,scut_fbp5500,portrait_score,unassigned,2.5166666666666666,2.5166666666666666,0.5672313570575752,60
AF1124,datasets\processed\scut_fbp5500\images\AF1124.jpg,scut_fbp5500,portrait_score,unassigned,3.55,3.55,0.6992732304667881,60
AF1125,datasets\processed\scut_fbp5500\images\AF1125.jpg,scut_fbp5500,portrait_score,unassigned,2.75,2.75,0.5712015287450464,60
AF1126,datasets\processed\scut_fbp5500\images\AF1126.jpg,scut_fbp5500,portrait_score,unassigned,2.583333333333333,2.583333333333333,0.7431419023347087,60
AF1127,datasets\processed\scut_fbp5500\images\AF1127.jpg,scut_fbp5500,portrait_score,unassigned,2.8666666666666667,2.8666666666666667,0.4681976500881039,60
AF1128,datasets\processed\scut_fbp5500\images\AF1128.jpg,scut_fbp5500,portrait_score,unassigned,2.533333333333333,2.533333333333333,0.6500760494407536,60
AF1129,datasets\processed\scut_fbp5500\images\AF1129.jpg,scut_fbp5500,portrait_score,unassigned,4.166666666666667,4.166666666666667,0.7170246117012378,60
AF113,datasets\processed\scut_fbp5500\images\AF113.jpg,scut_fbp5500,portrait_score,unassigned,3.3666666666666667,3.3666666666666667,0.609714205533526,60
AF1130,datasets\processed\scut_fbp5500\images\AF1130.jpg,scut_fbp5500,portrait_score,unassigned,2.833333333333333,2.833333333333333,0.6422066478409216,60
AF1131,datasets\processed\scut_fbp5500\images\AF1131.jpg,scut_fbp5500,portrait_score,unassigned,3.066666666666667,3.066666666666667,0.6069279874259417,60
AF1132,datasets\processed\scut_fbp5500\images\AF1132.jpg,scut_fbp5500,portrait_score,unassigned,3.2333333333333334,3.2333333333333334,0.6731324866865127,60
AF1133,datasets\processed\scut_fbp5500\images\AF1133.jpg,scut_fbp5500,portrait_score,unassigned,3.2333333333333334,3.2333333333333334,0.5634839166238779,60
AF1134,datasets\processed\scut_fbp5500\images\AF1134.jpg,scut_fbp5500,portrait_score,unassigned,3.333333333333333,3.333333333333333,0.5420196589926082,60
AF1135,datasets\processed\scut_fbp5500\images\AF1135.jpg,scut_fbp5500,portrait_score,unassigned,3.4,3.4,0.8274936632457461,60
AF1136,datasets\processed\scut_fbp5500\images\AF1136.jpg,scut_fbp5500,portrait_score,unassigned,3.3666666666666667,3.3666666666666667,0.8430506884386227,60
AF1137,datasets\processed\scut_fbp5500\images\AF1137.jpg,scut_fbp5500,portrait_score,unassigned,2.7,2.7,0.6962368581968815,60
AF1138,datasets\processed\scut_fbp5500\images\AF1138.jpg,scut_fbp5500,portrait_score,unassigned,2.333333333333333,2.333333333333333,0.7051064751106302,60
AF1139,datasets\processed\scut_fbp5500\images\AF1139.jpg,scut_fbp5500,portrait_score,unassigned,2.8833333333333333,2.8833333333333333,0.5551505114790765,60
AF114,datasets\processed\scut_fbp5500\images\AF114.jpg,scut_fbp5500,portrait_score,unassigned,2.5166666666666666,2.5166666666666666,0.6762726024084973,60
AF1140,datasets\processed\scut_fbp5500\images\AF1140.jpg,scut_fbp5500,portrait_score,unassigned,3.9,3.9,0.8171882342333933,60
AF1141,datasets\processed\scut_fbp5500\images\AF1141.jpg,scut_fbp5500,portrait_score,unassigned,3.15,3.15,0.6057632809459261,60
AF1142,datasets\processed\scut_fbp5500\images\AF1142.jpg,scut_fbp5500,portrait_score,unassigned,2.6666666666666665,2.6666666666666665,0.6288721857330795,60
AF1143,datasets\processed\scut_fbp5500\images\AF1143.jpg,scut_fbp5500,portrait_score,unassigned,1.9833333333333332,1.9833333333333332,0.7008872504569528,60
AF1144,datasets\processed\scut_fbp5500\images\AF1144.jpg,scut_fbp5500,portrait_score,unassigned,2.716666666666667,2.716666666666667,0.5237306419436755,60
AF1145,datasets\processed\scut_fbp5500\images\AF1145.jpg,scut_fbp5500,portrait_score,unassigned,2.0166666666666666,2.0166666666666666,0.7246662976417858,60
AF1146,datasets\processed\scut_fbp5500\images\AF1146.jpg,scut_fbp5500,portrait_score,unassigned,3.1,3.1,0.602255647052628,60
AF1147,datasets\processed\scut_fbp5500\images\AF1147.jpg,scut_fbp5500,portrait_score,unassigned,3.55,3.55,0.5344092255369317,60
AF1148,datasets\processed\scut_fbp5500\images\AF1148.jpg,scut_fbp5500,portrait_score,unassigned,3.816666666666667,3.816666666666667,0.7476894729916953,60
AF1149,datasets\processed\scut_fbp5500\images\AF1149.jpg,scut_fbp5500,portrait_score,unassigned,3.5,3.5,0.6764814252025461,60
AF115,datasets\processed\scut_fbp5500\images\AF115.jpg,scut_fbp5500,portrait_score,unassigned,2.95,2.95,0.4288336566604185,60
AF1150,datasets\processed\scut_fbp5500\images\AF1150.jpg,scut_fbp5500,portrait_score,unassigned,2.9,2.9,0.6297699337786183,60
AF1151,datasets\processed\scut_fbp5500\images\AF1151.jpg,scut_fbp5500,portrait_score,unassigned,2.1666666666666665,2.1666666666666665,0.7628374033532983,60
AF1152,datasets\processed\scut_fbp5500\images\AF1152.jpg,scut_fbp5500,portrait_score,unassigned,3.3,3.3,0.7657941485582803,60
AF1153,datasets\processed\scut_fbp5500\images\AF1153.jpg,scut_fbp5500,portrait_score,unassigned,3.2666666666666666,3.2666666666666666,0.634239613242227,60
AF1154,datasets\processed\scut_fbp5500\images\AF1154.jpg,scut_fbp5500,portrait_score,unassigned,4.1,4.1,0.681473975776784,60
AF1155,datasets\processed\scut_fbp5500\images\AF1155.jpg,scut_fbp5500,portrait_score,unassigned,2.7666666666666666,2.7666666666666666,0.6207340287621397,60
AF1156,datasets\processed\scut_fbp5500\images\AF1156.jpg,scut_fbp5500,portrait_score,unassigned,4.183333333333334,4.183333333333334,0.650727537210172,60
AF1157,datasets\processed\scut_fbp5500\images\AF1157.jpg,scut_fbp5500,portrait_score,unassigned,3.0166666666666666,3.0166666666666666,0.5963637459756623,60
AF1158,datasets\processed\scut_fbp5500\images\AF1158.jpg,scut_fbp5500,portrait_score,unassigned,4.416666666666667,4.416666666666667,0.6186827632817329,60
AF1159,datasets\processed\scut_fbp5500\images\AF1159.jpg,scut_fbp5500,portrait_score,unassigned,3.983333333333333,3.983333333333333,0.700887250456953,60
AF116,datasets\processed\scut_fbp5500\images\AF116.jpg,scut_fbp5500,portrait_score,unassigned,1.9833333333333332,1.9833333333333332,0.7246662976417856,60
AF1160,datasets\processed\scut_fbp5500\images\AF1160.jpg,scut_fbp5500,portrait_score,unassigned,3.683333333333333,3.683333333333333,0.6241378234003047,60
AF1161,datasets\processed\scut_fbp5500\images\AF1161.jpg,scut_fbp5500,portrait_score,unassigned,2.066666666666667,2.066666666666667,0.6856066636017631,60
AF1162,datasets\processed\scut_fbp5500\images\AF1162.jpg,scut_fbp5500,portrait_score,unassigned,4.1,4.1,0.6814739757767843,60
AF1163,datasets\processed\scut_fbp5500\images\AF1163.jpg,scut_fbp5500,portrait_score,unassigned,3.1333333333333333,3.1333333333333333,0.5664838521990365,60
AF1164,datasets\processed\scut_fbp5500\images\AF1164.jpg,scut_fbp5500,portrait_score,unassigned,2.9166666666666665,2.9166666666666665,0.5301636033600229,60
AF1165,datasets\processed\scut_fbp5500\images\AF1165.jpg,scut_fbp5500,portrait_score,unassigned,3.066666666666667,3.066666666666667,0.5783280010825677,60
AF1166,datasets\processed\scut_fbp5500\images\AF1166.jpg,scut_fbp5500,portrait_score,unassigned,3.75,3.75,0.7277781371744776,60
AF1167,datasets\processed\scut_fbp5500\images\AF1167.jpg,scut_fbp5500,portrait_score,unassigned,4.1,4.1,0.681473975776784,60
AF1168,datasets\processed\scut_fbp5500\images\AF1168.jpg,scut_fbp5500,portrait_score,unassigned,3.883333333333333,3.883333333333333,0.761169186891749,60
AF1169,datasets\processed\scut_fbp5500\images\AF1169.jpg,scut_fbp5500,portrait_score,unassigned,3.6,3.6,0.717812118376484,60
AF117,datasets\processed\scut_fbp5500\images\AF117.jpg,scut_fbp5500,portrait_score,unassigned,2.4,2.4,0.7178121183764842,60
AF1170,datasets\processed\scut_fbp5500\images\AF1170.jpg,scut_fbp5500,portrait_score,unassigned,4.283333333333333,4.283333333333333,0.4903014177279,60
AF1171,datasets\processed\scut_fbp5500\images\AF1171.jpg,scut_fbp5500,portrait_score,unassigned,4.283333333333333,4.283333333333333,0.5237306419436755,60
AF1172,datasets\processed\scut_fbp5500\images\AF1172.jpg,scut_fbp5500,portrait_score,unassigned,3.9166666666666665,3.9166666666666665,0.9259290646525584,60
AF1173,datasets\processed\scut_fbp5500\images\AF1173.jpg,scut_fbp5500,portrait_score,unassigned,2.216666666666667,2.216666666666667,0.7152495514881189,60
AF1174,datasets\processed\scut_fbp5500\images\AF1174.jpg,scut_fbp5500,portrait_score,unassigned,4.5,4.5,0.6243640832675885,60
AF1175,datasets\processed\scut_fbp5500\images\AF1175.jpg,scut_fbp5500,portrait_score,unassigned,4.333333333333333,4.333333333333333,0.5420196589926081,60
AF1176,datasets\processed\scut_fbp5500\images\AF1176.jpg,scut_fbp5500,portrait_score,unassigned,2.3666666666666667,2.3666666666666667,0.7122812876724767,60
AF1177,datasets\processed\scut_fbp5500\images\AF1177.jpg,scut_fbp5500,portrait_score,unassigned,3.683333333333333,3.683333333333333,0.6507275372101721,60
AF1178,datasets\processed\scut_fbp5500\images\AF1178.jpg,scut_fbp5500,portrait_score,unassigned,3.983333333333333,3.983333333333333,0.5963637459756626,60
AF1179,datasets\processed\scut_fbp5500\images\AF1179.jpg,scut_fbp5500,portrait_score,unassigned,3.933333333333333,3.933333333333333,0.6856066636017631,60
AF118,datasets\processed\scut_fbp5500\images\AF118.jpg,scut_fbp5500,portrait_score,unassigned,2.8,2.8,0.576370878714833,60
AF1180,datasets\processed\scut_fbp5500\images\AF1180.jpg,scut_fbp5500,portrait_score,unassigned,3.65,3.65,0.7988338958884623,60
AF1181,datasets\processed\scut_fbp5500\images\AF1181.jpg,scut_fbp5500,portrait_score,unassigned,2.5,2.5,0.6509445549041193,60
AF1182,datasets\processed\scut_fbp5500\images\AF1182.jpg,scut_fbp5500,portrait_score,unassigned,2.9166666666666665,2.9166666666666665,0.4971671160112442,60
AF1183,datasets\processed\scut_fbp5500\images\AF1183.jpg,scut_fbp5500,portrait_score,unassigned,3.6166666666666663,3.6166666666666663,0.6402241838994507,60
AF1184,datasets\processed\scut_fbp5500\images\AF1184.jpg,scut_fbp5500,portrait_score,unassigned,2.333333333333333,2.333333333333333,0.6552698154756149,60
AF1185,datasets\processed\scut_fbp5500\images\AF1185.jpg,scut_fbp5500,portrait_score,unassigned,2.6166666666666667,2.6166666666666667,0.6131791749276647,60
AF1186,datasets\processed\scut_fbp5500\images\AF1186.jpg,scut_fbp5500,portrait_score,unassigned,2.2,2.2,0.6324555320336759,60
AF1187,datasets\processed\scut_fbp5500\images\AF1187.jpg,scut_fbp5500,portrait_score,unassigned,3.8,3.8,0.6587095756740945,60
AF1188,datasets\processed\scut_fbp5500\images\AF1188.jpg,scut_fbp5500,portrait_score,unassigned,2.5166666666666666,2.5166666666666666,0.6241378234003048,60
AF1189,datasets\processed\scut_fbp5500\images\AF1189.jpg,scut_fbp5500,portrait_score,unassigned,2.7333333333333334,2.7333333333333334,0.7782350014707153,60
AF119,datasets\processed\scut_fbp5500\images\AF119.jpg,scut_fbp5500,portrait_score,unassigned,2.2666666666666666,2.2666666666666666,0.6604227374117244,60
AF1190,datasets\processed\scut_fbp5500\images\AF1190.jpg,scut_fbp5500,portrait_score,unassigned,2.65,2.65,0.6593525329532484,60
AF1191,datasets\processed\scut_fbp5500\images\AF1191.jpg,scut_fbp5500,portrait_score,unassigned,4.233333333333333,4.233333333333333,0.5928004971139371,60
AF1192,datasets\processed\scut_fbp5500\images\AF1192.jpg,scut_fbp5500,portrait_score,unassigned,2.9833333333333334,2.9833333333333334,0.503939284299098,60
AF1193,datasets\processed\scut_fbp5500\images\AF1193.jpg,scut_fbp5500,portrait_score,unassigned,2.3,2.3,0.6714517537598056,60
AF1194,datasets\processed\scut_fbp5500\images\AF1194.jpg,scut_fbp5500,portrait_score,unassigned,4.233333333333333,4.233333333333333,0.5634839166238779,60
AF1195,datasets\processed\scut_fbp5500\images\AF1195.jpg,scut_fbp5500,portrait_score,unassigned,3.433333333333333,3.433333333333333,0.6474635430261866,60
AF1196,datasets\processed\scut_fbp5500\images\AF1196.jpg,scut_fbp5500,portrait_score,unassigned,3.6666666666666665,3.6666666666666665,0.6288721857330793,60
AF1197,datasets\processed\scut_fbp5500\images\AF1197.jpg,scut_fbp5500,portrait_score,unassigned,3.683333333333333,3.683333333333333,0.7008872504569529,60
AF1198,datasets\processed\scut_fbp5500\images\AF1198.jpg,scut_fbp5500,portrait_score,unassigned,3.7666666666666666,3.7666666666666666,0.7217367628174831,60
AF1199,datasets\processed\scut_fbp5500\images\AF1199.jpg,scut_fbp5500,portrait_score,unassigned,4.116666666666666,4.116666666666666,0.6402241838994506,60
AF12,datasets\processed\scut_fbp5500\images\AF12.jpg,scut_fbp5500,portrait_score,unassigned,2.083333333333333,2.083333333333333,0.6960339624157418,60
AF120,datasets\processed\scut_fbp5500\images\AF120.jpg,scut_fbp5500,portrait_score,unassigned,2.3666666666666667,2.3666666666666667,0.5812513288970897,60
AF1200,datasets\processed\scut_fbp5500\images\AF1200.jpg,scut_fbp5500,portrait_score,unassigned,3.7,3.7,0.743331939903941,60
AF1201,datasets\processed\scut_fbp5500\images\AF1201.jpg,scut_fbp5500,portrait_score,unassigned,3.283333333333333,3.283333333333333,0.6911465950282972,60
AF1202,datasets\processed\scut_fbp5500\images\AF1202.jpg,scut_fbp5500,portrait_score,unassigned,3.333333333333333,3.333333333333333,0.6013168224022629,60
AF1203,datasets\processed\scut_fbp5500\images\AF1203.jpg,scut_fbp5500,portrait_score,unassigned,3.3666666666666667,3.3666666666666667,0.6369063647932279,60
AF1204,datasets\processed\scut_fbp5500\images\AF1204.jpg,scut_fbp5500,portrait_score,unassigned,2.8,2.8,0.4801129810537007,60
AF1205,datasets\processed\scut_fbp5500\images\AF1205.jpg,scut_fbp5500,portrait_score,unassigned,4.133333333333334,4.133333333333334,0.5664838521990367,60
AF1206,datasets\processed\scut_fbp5500\images\AF1206.jpg,scut_fbp5500,portrait_score,unassigned,3.283333333333333,3.283333333333333,0.6402241838994506,60
AF1207,datasets\processed\scut_fbp5500\images\AF1207.jpg,scut_fbp5500,portrait_score,unassigned,4.05,4.05,0.6745996929755542,60
AF1208,datasets\processed\scut_fbp5500\images\AF1208.jpg,scut_fbp5500,portrait_score,unassigned,4.316666666666666,4.316666666666666,0.5963637459756623,60
AF1209,datasets\processed\scut_fbp5500\images\AF1209.jpg,scut_fbp5500,portrait_score,unassigned,3.2666666666666666,3.2666666666666666,0.6604227374117244,60
AF121,datasets\processed\scut_fbp5500\images\AF121.jpg,scut_fbp5500,portrait_score,unassigned,2.3833333333333333,2.3833333333333333,0.6402241838994506,60
AF1210,datasets\processed\scut_fbp5500\images\AF1210.jpg,scut_fbp5500,portrait_score,unassigned,2.6166666666666667,2.6166666666666667,0.6131791749276647,60
AF1211,datasets\processed\scut_fbp5500\images\AF1211.jpg,scut_fbp5500,portrait_score,unassigned,4.166666666666667,4.166666666666667,0.7402854847084714,60
AF1212,datasets\processed\scut_fbp5500\images\AF1212.jpg,scut_fbp5500,portrait_score,unassigned,3.883333333333333,3.883333333333333,0.5237306419436755,60
AF1213,datasets\processed\scut_fbp5500\images\AF1213.jpg,scut_fbp5500,portrait_score,unassigned,3.433333333333333,3.433333333333333,0.7448504949901058,60
AF1214,datasets\processed\scut_fbp5500\images\AF1214.jpg,scut_fbp5500,portrait_score,unassigned,3.1166666666666667,3.1166666666666667,0.5551505114790765,60
AF1215,datasets\processed\scut_fbp5500\images\AF1215.jpg,scut_fbp5500,portrait_score,unassigned,3.183333333333333,3.183333333333333,0.7246662976417857,60
AF1216,datasets\processed\scut_fbp5500\images\AF1216.jpg,scut_fbp5500,portrait_score,unassigned,2.783333333333333,2.783333333333333,0.6131791749276648,60
AF1217,datasets\processed\scut_fbp5500\images\AF1217.jpg,scut_fbp5500,portrait_score,unassigned,3.216666666666667,3.216666666666667,0.5848849420870963,60
AF1218,datasets\processed\scut_fbp5500\images\AF1218.jpg,scut_fbp5500,portrait_score,unassigned,3.35,3.35,0.684575830567082,60
AF1219,datasets\processed\scut_fbp5500\images\AF1219.jpg,scut_fbp5500,portrait_score,unassigned,3.2,3.2,0.5461731270812973,60
AF122,datasets\processed\scut_fbp5500\images\AF122.jpg,scut_fbp5500,portrait_score,unassigned,2.2666666666666666,2.2666666666666666,0.6604227374117243,60
AF1220,datasets\processed\scut_fbp5500\images\AF1220.jpg,scut_fbp5500,portrait_score,unassigned,2.833333333333333,2.833333333333333,0.5574356135706044,60
AF1221,datasets\processed\scut_fbp5500\images\AF1221.jpg,scut_fbp5500,portrait_score,unassigned,4.2,4.2,0.7083042533080238,60
AF1222,datasets\processed\scut_fbp5500\images\AF1222.jpg,scut_fbp5500,portrait_score,unassigned,3.7,3.7,0.6457159999120146,60
AF1223,datasets\processed\scut_fbp5500\images\AF1223.jpg,scut_fbp5500,portrait_score,unassigned,2.1333333333333333,2.1333333333333333,0.7002824288999323,60
AF1224,datasets\processed\scut_fbp5500\images\AF1224.jpg,scut_fbp5500,portrait_score,unassigned,3.95,3.95,0.6489887831680655,60
AF1225,datasets\processed\scut_fbp5500\images\AF1225.jpg,scut_fbp5500,portrait_score,unassigned,2.8,2.8,0.7983032854706417,60
AF1226,datasets\processed\scut_fbp5500\images\AF1226.jpg,scut_fbp5500,portrait_score,unassigned,2.3,2.3,0.6714517537598056,60
AF1227,datasets\processed\scut_fbp5500\images\AF1227.jpg,scut_fbp5500,portrait_score,unassigned,3.433333333333333,3.433333333333333,0.5928004971139371,60
AF1228,datasets\processed\scut_fbp5500\images\AF1228.jpg,scut_fbp5500,portrait_score,unassigned,3.333333333333333,3.333333333333333,0.50979113924206,60
AF1229,datasets\processed\scut_fbp5500\images\AF1229.jpg,scut_fbp5500,portrait_score,unassigned,2.8833333333333333,2.8833333333333333,0.454419602505485,60
AF123,datasets\processed\scut_fbp5500\images\AF123.jpg,scut_fbp5500,portrait_score,unassigned,2.033333333333333,2.033333333333333,0.7122812876724767,60
AF1230,datasets\processed\scut_fbp5500\images\AF1230.jpg,scut_fbp5500,portrait_score,unassigned,2.0166666666666666,2.0166666666666666,0.7008872504569528,60
AF1231,datasets\processed\scut_fbp5500\images\AF1231.jpg,scut_fbp5500,portrait_score,unassigned,3.983333333333333,3.983333333333333,0.7246662976417857,60
AF1232,datasets\processed\scut_fbp5500\images\AF1232.jpg,scut_fbp5500,portrait_score,unassigned,3.183333333333333,3.183333333333333,0.5672313570575753,60
AF1233,datasets\processed\scut_fbp5500\images\AF1233.jpg,scut_fbp5500,portrait_score,unassigned,2.7666666666666666,2.7666666666666666,0.592800497113937,60
AF1234,datasets\processed\scut_fbp5500\images\AF1234.jpg,scut_fbp5500,portrait_score,unassigned,3.216666666666667,3.216666666666667,0.6131791749276648,60
AF1235,datasets\processed\scut_fbp5500\images\AF1235.jpg,scut_fbp5500,portrait_score,unassigned,2.533333333333333,2.533333333333333,0.5664838521990366,60
AF1236,datasets\processed\scut_fbp5500\images\AF1236.jpg,scut_fbp5500,portrait_score,unassigned,4.316666666666666,4.316666666666666,0.5672313570575754,60
AF1237,datasets\processed\scut_fbp5500\images\AF1237.jpg,scut_fbp5500,portrait_score,unassigned,3.3666666666666667,3.3666666666666667,0.6629841797500677,60
AF1238,datasets\processed\scut_fbp5500\images\AF1238.jpg,scut_fbp5500,portrait_score,unassigned,3.2,3.2,0.546173127081297,60
AF1239,datasets\processed\scut_fbp5500\images\AF1239.jpg,scut_fbp5500,portrait_score,unassigned,3.566666666666667,3.566666666666667,0.6207340287621396,60
AF124,datasets\processed\scut_fbp5500\images\AF124.jpg,scut_fbp5500,portrait_score,unassigned,2.566666666666667,2.566666666666667,0.5634839166238779,60
AF1240,datasets\processed\scut_fbp5500\images\AF1240.jpg,scut_fbp5500,portrait_score,unassigned,2.716666666666667,2.716666666666667,0.6131791749276647,60
AF1241,datasets\processed\scut_fbp5500\images\AF1241.jpg,scut_fbp5500,portrait_score,unassigned,3.933333333333333,3.933333333333333,0.6856066636017631,60
AF1242,datasets\processed\scut_fbp5500\images\AF1242.jpg,scut_fbp5500,portrait_score,unassigned,4.15,4.15,0.6331251516304803,60
AF1243,datasets\processed\scut_fbp5500\images\AF1243.jpg,scut_fbp5500,portrait_score,unassigned,2.2,2.2,0.6587095756740947,60
AF1244,datasets\processed\scut_fbp5500\images\AF1244.jpg,scut_fbp5500,portrait_score,unassigned,3.9166666666666665,3.9166666666666665,0.719973320284095,60
AF1245,datasets\processed\scut_fbp5500\images\AF1245.jpg,scut_fbp5500,portrait_score,unassigned,2.833333333333333,2.833333333333333,0.5261522196019802,60
AF1246,datasets\processed\scut_fbp5500\images\AF1246.jpg,scut_fbp5500,portrait_score,unassigned,3.066666666666667,3.066666666666667,0.5783280010825675,60
AF1247,datasets\processed\scut_fbp5500\images\AF1247.jpg,scut_fbp5500,portrait_score,unassigned,3.85,3.85,0.6593525329532484,60
AF1248,datasets\processed\scut_fbp5500\images\AF1248.jpg,scut_fbp5500,portrait_score,unassigned,3.216666666666667,3.216666666666667,0.6911465950282972,60
AF1249,datasets\processed\scut_fbp5500\images\AF1249.jpg,scut_fbp5500,portrait_score,unassigned,4.316666666666666,4.316666666666666,0.6241378234003049,60
AF125,datasets\processed\scut_fbp5500\images\AF125.jpg,scut_fbp5500,portrait_score,unassigned,2.85,2.85,0.5771055773925834,60
AF1250,datasets\processed\scut_fbp5500\images\AF1250.jpg,scut_fbp5500,portrait_score,unassigned,2.433333333333333,2.433333333333333,0.6207340287621398,60
AF1251,datasets\processed\scut_fbp5500\images\AF1251.jpg,scut_fbp5500,portrait_score,unassigned,3.683333333333333,3.683333333333333,0.5365194379932872,60
AF1252,datasets\processed\scut_fbp5500\images\AF1252.jpg,scut_fbp5500,portrait_score,unassigned,3.3833333333333333,3.3833333333333333,0.6661721329614916,60
AF1253,datasets\processed\scut_fbp5500\images\AF1253.jpg,scut_fbp5500,portrait_score,unassigned,4.35,4.35,0.6845758305670818,60
AF1254,datasets\processed\scut_fbp5500\images\AF1254.jpg,scut_fbp5500,portrait_score,unassigned,3.6666666666666665,3.6666666666666665,0.816496580927726,60
AF1255,datasets\processed\scut_fbp5500\images\AF1255.jpg,scut_fbp5500,portrait_score,unassigned,4.216666666666667,4.216666666666667,0.6131791749276648,60
AF1256,datasets\processed\scut_fbp5500\images\AF1256.jpg,scut_fbp5500,portrait_score,unassigned,2.35,2.35,0.6331251516304802,60
AF1257,datasets\processed\scut_fbp5500\images\AF1257.jpg,scut_fbp5500,portrait_score,unassigned,4.2,4.2,0.605063380907533,60
AF1258,datasets\processed\scut_fbp5500\images\AF1258.jpg,scut_fbp5500,portrait_score,unassigned,3.316666666666667,3.316666666666667,0.5963637459756622,60
AF1259,datasets\processed\scut_fbp5500\images\AF1259.jpg,scut_fbp5500,portrait_score,unassigned,2.6666666666666665,2.6666666666666665,0.6288721857330793,60
AF126,datasets\processed\scut_fbp5500\images\AF126.jpg,scut_fbp5500,portrait_score,unassigned,2.75,2.75,0.50840394989731,60
AF1260,datasets\processed\scut_fbp5500\images\AF1260.jpg,scut_fbp5500,portrait_score,unassigned,3.716666666666667,3.716666666666667,0.6911465950282972,60
AF1261,datasets\processed\scut_fbp5500\images\AF1261.jpg,scut_fbp5500,portrait_score,unassigned,3.8333333333333335,3.8333333333333335,0.7402854847084714,60
AF1262,datasets\processed\scut_fbp5500\images\AF1262.jpg,scut_fbp5500,portrait_score,unassigned,3.8,3.8,0.6839565850033841,60
AF1263,datasets\processed\scut_fbp5500\images\AF1263.jpg,scut_fbp5500,portrait_score,unassigned,3.1166666666666667,3.1166666666666667,0.6402241838994506,60
AF1264,datasets\processed\scut_fbp5500\images\AF1264.jpg,scut_fbp5500,portrait_score,unassigned,2.9,2.9,0.5734226707429991,60
AF1265,datasets\processed\scut_fbp5500\images\AF1265.jpg,scut_fbp5500,portrait_score,unassigned,4.383333333333334,4.383333333333334,0.5551505114790767,60
AF1266,datasets\processed\scut_fbp5500\images\AF1266.jpg,scut_fbp5500,portrait_score,unassigned,3.816666666666667,3.816666666666667,0.6762726024084973,60
AF1267,datasets\processed\scut_fbp5500\images\AF1267.jpg,scut_fbp5500,portrait_score,unassigned,3.433333333333333,3.433333333333333,0.6207340287621397,60
AF1268,datasets\processed\scut_fbp5500\images\AF1268.jpg,scut_fbp5500,portrait_score,unassigned,4.05,4.05,0.6223247830459755,60
AF1269,datasets\processed\scut_fbp5500\images\AF1269.jpg,scut_fbp5500,portrait_score,unassigned,3.4833333333333334,3.4833333333333334,0.6762726024084973,60
AF127,datasets\processed\scut_fbp5500\images\AF127.jpg,scut_fbp5500,portrait_score,unassigned,2.9,2.9,0.4395683553021655,60
AF1270,datasets\processed\scut_fbp5500\images\AF1270.jpg,scut_fbp5500,portrait_score,unassigned,4.166666666666667,4.166666666666667,0.6422066478409215,60
AF1271,datasets\processed\scut_fbp5500\images\AF1271.jpg,scut_fbp5500,portrait_score,unassigned,3.333333333333333,3.333333333333333,0.6806444271116836,60
AF1272,datasets\processed\scut_fbp5500\images\AF1272.jpg,scut_fbp5500,portrait_score,unassigned,3.9,3.9,0.656131446111426,60
AF1273,datasets\processed\scut_fbp5500\images\AF1273.jpg,scut_fbp5500,portrait_score,unassigned,1.2833333333333334,1.2833333333333334,0.4903014177279,60
AF1274,datasets\processed\scut_fbp5500\images\AF1274.jpg,scut_fbp5500,portrait_score,unassigned,3.1166666666666667,3.1166666666666667,0.5848849420870964,60
AF1275,datasets\processed\scut_fbp5500\images\AF1275.jpg,scut_fbp5500,portrait_score,unassigned,3.55,3.55,0.6223247830459754,60
AF1276,datasets\processed\scut_fbp5500\images\AF1276.jpg,scut_fbp5500,portrait_score,unassigned,2.0166666666666666,2.0166666666666666,0.7008872504569527,60
AF1277,datasets\processed\scut_fbp5500\images\AF1277.jpg,scut_fbp5500,portrait_score,unassigned,3.716666666666667,3.716666666666667,0.7152495514881185,60
AF1278,datasets\processed\scut_fbp5500\images\AF1278.jpg,scut_fbp5500,portrait_score,unassigned,3.566666666666667,3.566666666666667,0.6474635430261866,60
AF1279,datasets\processed\scut_fbp5500\images\AF1279.jpg,scut_fbp5500,portrait_score,unassigned,4.133333333333334,4.133333333333334,0.6500760494407538,60
AF128,datasets\processed\scut_fbp5500\images\AF128.jpg,scut_fbp5500,portrait_score,unassigned,2.8666666666666667,2.8666666666666667,0.6234585511256956,60
AF1280,datasets\processed\scut_fbp5500\images\AF1280.jpg,scut_fbp5500,portrait_score,unassigned,4.316666666666666,4.316666666666666,0.6241378234003049,60
AF1281,datasets\processed\scut_fbp5500\images\AF1281.jpg,scut_fbp5500,portrait_score,unassigned,3.0166666666666666,3.0166666666666666,0.5963637459756621,60
AF1282,datasets\processed\scut_fbp5500\images\AF1282.jpg,scut_fbp5500,portrait_score,unassigned,3.466666666666667,3.466666666666667,0.595652801459882,60
AF1283,datasets\processed\scut_fbp5500\images\AF1283.jpg,scut_fbp5500,portrait_score,unassigned,4.333333333333333,4.333333333333333,0.6013168224022629,60
AF1284,datasets\processed\scut_fbp5500\images\AF1284.jpg,scut_fbp5500,portrait_score,unassigned,3.4,3.4,0.5880159112340472,60
AF1285,datasets\processed\scut_fbp5500\images\AF1285.jpg,scut_fbp5500,portrait_score,unassigned,3.966666666666667,3.966666666666667,0.7583806715217978,60
AF1286,datasets\processed\scut_fbp5500\images\AF1286.jpg,scut_fbp5500,portrait_score,unassigned,3.9,3.9,0.656131446111426,60
AF1287,datasets\processed\scut_fbp5500\images\AF1287.jpg,scut_fbp5500,portrait_score,unassigned,3.3,3.3,0.5614750549117348,60
AF1288,datasets\processed\scut_fbp5500\images\AF1288.jpg,scut_fbp5500,portrait_score,unassigned,3.283333333333333,3.283333333333333,0.7611691868917491,60
AF1289,datasets\processed\scut_fbp5500\images\AF1289.jpg,scut_fbp5500,portrait_score,unassigned,2.716666666666667,2.716666666666667,0.5848849420870963,60
AF129,datasets\processed\scut_fbp5500\images\AF129.jpg,scut_fbp5500,portrait_score,unassigned,3.1,3.1,0.5108981788502894,60
AF1290,datasets\processed\scut_fbp5500\images\AF1290.jpg,scut_fbp5500,portrait_score,unassigned,2.9833333333333334,2.9833333333333334,0.8923719424185295,60
AF1291,datasets\processed\scut_fbp5500\images\AF1291.jpg,scut_fbp5500,portrait_score,unassigned,4.4,4.4,0.5272249061784878,60
AF1292,datasets\processed\scut_fbp5500\images\AF1292.jpg,scut_fbp5500,portrait_score,unassigned,3.1666666666666665,3.1666666666666665,0.4572084295183094,60
AF1293,datasets\processed\scut_fbp5500\images\AF1293.jpg,scut_fbp5500,portrait_score,unassigned,4.033333333333333,4.033333333333333,0.6629841797500675,60
AF1294,datasets\processed\scut_fbp5500\images\AF1294.jpg,scut_fbp5500,portrait_score,unassigned,2.2666666666666666,2.2666666666666666,0.7782350014707153,60
AF1295,datasets\processed\scut_fbp5500\images\AF1295.jpg,scut_fbp5500,portrait_score,unassigned,4.083333333333333,4.083333333333333,0.6712413662397547,60
AF1296,datasets\processed\scut_fbp5500\images\AF1296.jpg,scut_fbp5500,portrait_score,unassigned,2.933333333333333,2.933333333333333,0.4824607357929979,60
AF1297,datasets\processed\scut_fbp5500\images\AF1297.jpg,scut_fbp5500,portrait_score,unassigned,3.3833333333333333,3.3833333333333333,0.6402241838994506,60
AF1298,datasets\processed\scut_fbp5500\images\AF1298.jpg,scut_fbp5500,portrait_score,unassigned,3.8,3.8,0.731842346642351,60
AF1299,datasets\processed\scut_fbp5500\images\AF1299.jpg,scut_fbp5500,portrait_score,unassigned,3.716666666666667,3.716666666666667,0.7152495514881186,60
AF13,datasets\processed\scut_fbp5500\images\AF13.jpg,scut_fbp5500,portrait_score,unassigned,3.35,3.35,0.6331251516304803,60
AF130,datasets\processed\scut_fbp5500\images\AF130.jpg,scut_fbp5500,portrait_score,unassigned,2.5166666666666666,2.5166666666666666,0.650727537210172,60
AF1300,datasets\processed\scut_fbp5500\images\AF1300.jpg,scut_fbp5500,portrait_score,unassigned,2.6166666666666667,2.6166666666666667,0.5551505114790766,60
AF1301,datasets\processed\scut_fbp5500\images\AF1301.jpg,scut_fbp5500,portrait_score,unassigned,4.033333333333333,4.033333333333333,0.6880743620304537,60
AF1302,datasets\processed\scut_fbp5500\images\AF1302.jpg,scut_fbp5500,portrait_score,unassigned,3.633333333333333,3.633333333333333,0.7356921488320418,60
AF1303,datasets\processed\scut_fbp5500\images\AF1303.jpg,scut_fbp5500,portrait_score,unassigned,3.75,3.75,0.6541911813032297,60
AF1304,datasets\processed\scut_fbp5500\images\AF1304.jpg,scut_fbp5500,portrait_score,unassigned,2.333333333333333,2.333333333333333,0.7051064751106303,60
AF1305,datasets\processed\scut_fbp5500\images\AF1305.jpg,scut_fbp5500,portrait_score,unassigned,4.083333333333333,4.083333333333333,0.6186827632817331,60
AF1306,datasets\processed\scut_fbp5500\images\AF1306.jpg,scut_fbp5500,portrait_score,unassigned,2.033333333333333,2.033333333333333,0.6880743620304537,60
AF1307,datasets\processed\scut_fbp5500\images\AF1307.jpg,scut_fbp5500,portrait_score,unassigned,2.833333333333333,2.833333333333333,0.6422066478409215,60
AF1308,datasets\processed\scut_fbp5500\images\AF1308.jpg,scut_fbp5500,portrait_score,unassigned,3.55,3.55,0.6489887831680653,60
AF1309,datasets\processed\scut_fbp5500\images\AF1309.jpg,scut_fbp5500,portrait_score,unassigned,3.7666666666666666,3.7666666666666666,0.6978579008061127,60
AF131,datasets\processed\scut_fbp5500\images\AF131.jpg,scut_fbp5500,portrait_score,unassigned,2.816666666666667,2.816666666666667,0.4691017983072983,60
AF1310,datasets\processed\scut_fbp5500\images\AF1310.jpg,scut_fbp5500,portrait_score,unassigned,2.25,2.25,0.7729538324626147,60
AF1311,datasets\processed\scut_fbp5500\images\AF1311.jpg,scut_fbp5500,portrait_score,unassigned,4.033333333333333,4.033333333333333,0.735692148832042,60
AF1312,datasets\processed\scut_fbp5500\images\AF1312.jpg,scut_fbp5500,portrait_score,unassigned,4.0,4.0,0.6106401198187057,60
AF1313,datasets\processed\scut_fbp5500\images\AF1313.jpg,scut_fbp5500,portrait_score,unassigned,2.5166666666666666,2.5166666666666666,0.6762726024084975,60
AF1314,datasets\processed\scut_fbp5500\images\AF1314.jpg,scut_fbp5500,portrait_score,unassigned,2.75,2.75,0.6796060673505359,60
AF1315,datasets\processed\scut_fbp5500\images\AF1315.jpg,scut_fbp5500,portrait_score,unassigned,2.8,2.8,0.708304253308024,60
AF1316,datasets\processed\scut_fbp5500\images\AF1316.jpg,scut_fbp5500,portrait_score,unassigned,4.05,4.05,0.6992732304667884,60
AF1317,datasets\processed\scut_fbp5500\images\AF1317.jpg,scut_fbp5500,portrait_score,unassigned,4.033333333333333,4.033333333333333,0.7122812876724769,60
AF1318,datasets\processed\scut_fbp5500\images\AF1318.jpg,scut_fbp5500,portrait_score,unassigned,4.116666666666666,4.116666666666666,0.6661721329614917,60
AF1319,datasets\processed\scut_fbp5500\images\AF1319.jpg,scut_fbp5500,portrait_score,unassigned,4.15,4.15,0.6593525329532482,60
AF132,datasets\processed\scut_fbp5500\images\AF132.jpg,scut_fbp5500,portrait_score,unassigned,2.2333333333333334,2.2333333333333334,0.6474635430261868,60
AF1320,datasets\processed\scut_fbp5500\images\AF1320.jpg,scut_fbp5500,portrait_score,unassigned,4.166666666666667,4.166666666666667,0.5870543146605619,60
AF1321,datasets\processed\scut_fbp5500\images\AF1321.jpg,scut_fbp5500,portrait_score,unassigned,1.8166666666666669,1.8166666666666669,0.6762726024084974,60
AF1322,datasets\processed\scut_fbp5500\images\AF1322.jpg,scut_fbp5500,portrait_score,unassigned,2.9166666666666665,2.9166666666666665,0.4618190513157639,60
AF1323,datasets\processed\scut_fbp5500\images\AF1323.jpg,scut_fbp5500,portrait_score,unassigned,2.9166666666666665,2.9166666666666665,0.4618190513157638,60
AF1324,datasets\processed\scut_fbp5500\images\AF1324.jpg,scut_fbp5500,portrait_score,unassigned,4.05,4.05,0.5944660045019179,60
AF1325,datasets\processed\scut_fbp5500\images\AF1325.jpg,scut_fbp5500,portrait_score,unassigned,2.2,2.2,0.6324555320336759,60
AF1326,datasets\processed\scut_fbp5500\images\AF1326.jpg,scut_fbp5500,portrait_score,unassigned,3.566666666666667,3.566666666666667,0.6207340287621396,60
AF1327,datasets\processed\scut_fbp5500\images\AF1327.jpg,scut_fbp5500,portrait_score,unassigned,3.083333333333333,3.083333333333333,0.497167116011244,60
AF1328,datasets\processed\scut_fbp5500\images\AF1328.jpg,scut_fbp5500,portrait_score,unassigned,3.716666666666667,3.716666666666667,0.7831199372753782,60
AF1329,datasets\processed\scut_fbp5500\images\AF1329.jpg,scut_fbp5500,portrait_score,unassigned,3.4166666666666665,3.4166666666666665,0.618682763281733,60
AF133,datasets\processed\scut_fbp5500\images\AF133.jpg,scut_fbp5500,portrait_score,unassigned,2.833333333333333,2.833333333333333,0.4572084295183095,60
AF1330,datasets\processed\scut_fbp5500\images\AF1330.jpg,scut_fbp5500,portrait_score,unassigned,4.016666666666667,4.016666666666667,0.6762726024084974,60
AF1331,datasets\processed\scut_fbp5500\images\AF1331.jpg,scut_fbp5500,portrait_score,unassigned,3.9,3.9,0.6297699337786183,60
AF1332,datasets\processed\scut_fbp5500\images\AF1332.jpg,scut_fbp5500,portrait_score,unassigned,2.316666666666667,2.316666666666667,0.5672313570575753,60
AF1333,datasets\processed\scut_fbp5500\images\AF1333.jpg,scut_fbp5500,portrait_score,unassigned,4.383333333333334,4.383333333333334,0.5551505114790765,60
AF1334,datasets\processed\scut_fbp5500\images\AF1334.jpg,scut_fbp5500,portrait_score,unassigned,3.7666666666666666,3.7666666666666666,0.6207340287621397,60
AF1335,datasets\processed\scut_fbp5500\images\AF1335.jpg,scut_fbp5500,portrait_score,unassigned,4.066666666666666,4.066666666666666,0.6069279874259415,60
AF1336,datasets\processed\scut_fbp5500\images\AF1336.jpg,scut_fbp5500,portrait_score,unassigned,3.783333333333333,3.783333333333333,0.7611691868917491,60
AF1337,datasets\processed\scut_fbp5500\images\AF1337.jpg,scut_fbp5500,portrait_score,unassigned,2.466666666666667,2.466666666666667,0.6234585511256954,60
AF1338,datasets\processed\scut_fbp5500\images\AF1338.jpg,scut_fbp5500,portrait_score,unassigned,2.9166666666666665,2.9166666666666665,0.497167116011244,60
AF1339,datasets\processed\scut_fbp5500\images\AF1339.jpg,scut_fbp5500,portrait_score,unassigned,3.333333333333333,3.333333333333333,0.6806444271116837,60
AF134,datasets\processed\scut_fbp5500\images\AF134.jpg,scut_fbp5500,portrait_score,unassigned,2.316666666666667,2.316666666666667,0.7008872504569529,60
AF1340,datasets\processed\scut_fbp5500\images\AF1340.jpg,scut_fbp5500,portrait_score,unassigned,3.9,3.9,0.705907277725455,60
AF1341,datasets\processed\scut_fbp5500\images\AF1341.jpg,scut_fbp5500,portrait_score,unassigned,2.2333333333333334,2.2333333333333334,0.6731324866865128,60
AF1342,datasets\processed\scut_fbp5500\images\AF1342.jpg,scut_fbp5500,portrait_score,unassigned,4.333333333333333,4.333333333333333,0.7287478619712606,60
AF1343,datasets\processed\scut_fbp5500\images\AF1343.jpg,scut_fbp5500,portrait_score,unassigned,3.6166666666666663,3.6166666666666663,0.903696114115064,60
AF1344,datasets\processed\scut_fbp5500\images\AF1344.jpg,scut_fbp5500,portrait_score,unassigned,3.716666666666667,3.716666666666667,0.8044719642367519,60
AF1345,datasets\processed\scut_fbp5500\images\AF1345.jpg,scut_fbp5500,portrait_score,unassigned,4.083333333333333,4.083333333333333,0.6960339624157418,60
AF1346,datasets\processed\scut_fbp5500\images\AF1346.jpg,scut_fbp5500,portrait_score,unassigned,3.6166666666666663,3.6166666666666663,0.7152495514881186,60
AF1347,datasets\processed\scut_fbp5500\images\AF1347.jpg,scut_fbp5500,portrait_score,unassigned,3.3833333333333333,3.3833333333333333,0.5848849420870964,60
AF1348,datasets\processed\scut_fbp5500\images\AF1348.jpg,scut_fbp5500,portrait_score,unassigned,3.9166666666666665,3.9166666666666665,0.6712413662397546,60
AF1349,datasets\processed\scut_fbp5500\images\AF1349.jpg,scut_fbp5500,portrait_score,unassigned,2.3833333333333333,2.3833333333333333,0.8044719642367519,60
AF135,datasets\processed\scut_fbp5500\images\AF135.jpg,scut_fbp5500,portrait_score,unassigned,2.8833333333333333,2.8833333333333333,0.5551505114790765,60
AF1350,datasets\processed\scut_fbp5500\images\AF1350.jpg,scut_fbp5500,portrait_score,unassigned,1.5333333333333334,1.5333333333333334,0.5664838521990365,60
AF1351,datasets\processed\scut_fbp5500\images\AF1351.jpg,scut_fbp5500,portrait_score,unassigned,2.45,2.45,0.6223247830459754,60
AF1352,datasets\processed\scut_fbp5500\images\AF1352.jpg,scut_fbp5500,portrait_score,unassigned,3.466666666666667,3.466666666666667,0.747122540414543,60
AF1353,datasets\processed\scut_fbp5500\images\AF1353.jpg,scut_fbp5500,portrait_score,unassigned,2.9166666666666665,2.9166666666666665,0.6712413662397547,60
AF1354,datasets\processed\scut_fbp5500\images\AF1354.jpg,scut_fbp5500,portrait_score,unassigned,3.283333333333333,3.283333333333333,0.6131791749276649,60
AF1355,datasets\processed\scut_fbp5500\images\AF1355.jpg,scut_fbp5500,portrait_score,unassigned,4.133333333333334,4.133333333333334,0.6500760494407538,60
AF1356,datasets\processed\scut_fbp5500\images\AF1356.jpg,scut_fbp5500,portrait_score,unassigned,3.3,3.3,0.5614750549117348,60
AF1357,datasets\processed\scut_fbp5500\images\AF1357.jpg,scut_fbp5500,portrait_score,unassigned,4.283333333333333,4.283333333333333,0.6402241838994507,60
AF1358,datasets\processed\scut_fbp5500\images\AF1358.jpg,scut_fbp5500,portrait_score,unassigned,2.4166666666666665,2.4166666666666665,0.5906522297402891,60
AF1359,datasets\processed\scut_fbp5500\images\AF1359.jpg,scut_fbp5500,portrait_score,unassigned,3.9166666666666665,3.9166666666666665,0.7199733202840949,60
AF136,datasets\processed\scut_fbp5500\images\AF136.jpg,scut_fbp5500,portrait_score,unassigned,2.316666666666667,2.316666666666667,0.7246662976417858,60
AF1360,datasets\processed\scut_fbp5500\images\AF1360.jpg,scut_fbp5500,portrait_score,unassigned,3.883333333333333,3.883333333333333,0.6402241838994506,60
AF1361,datasets\processed\scut_fbp5500\images\AF1361.jpg,scut_fbp5500,portrait_score,unassigned,3.983333333333333,3.983333333333333,0.7917298517752696,60
AF1362,datasets\processed\scut_fbp5500\images\AF1362.jpg,scut_fbp5500,portrait_score,unassigned,4.016666666666667,4.016666666666667,0.6241378234003047,60
AF1363,datasets\processed\scut_fbp5500\images\AF1363.jpg,scut_fbp5500,portrait_score,unassigned,2.933333333333333,2.933333333333333,0.4061671471357936,60
AF1364,datasets\processed\scut_fbp5500\images\AF1364.jpg,scut_fbp5500,portrait_score,unassigned,3.95,3.95,0.6223247830459753,60
AF1365,datasets\processed\scut_fbp5500\images\AF1365.jpg,scut_fbp5500,portrait_score,unassigned,4.483333333333333,4.483333333333333,0.5672313570575754,60
AF1366,datasets\processed\scut_fbp5500\images\AF1366.jpg,scut_fbp5500,portrait_score,unassigned,3.533333333333333,3.533333333333333,0.6234585511256955,60
AF1367,datasets\processed\scut_fbp5500\images\AF1367.jpg,scut_fbp5500,portrait_score,unassigned,3.083333333333333,3.083333333333333,0.719973320284095,60
AF1368,datasets\processed\scut_fbp5500\images\AF1368.jpg,scut_fbp5500,portrait_score,unassigned,3.083333333333333,3.083333333333333,0.4971671160112441,60
AF1369,datasets\processed\scut_fbp5500\images\AF1369.jpg,scut_fbp5500,portrait_score,unassigned,2.5,2.5,0.5966005392134929,60
AF137,datasets\processed\scut_fbp5500\images\AF137.jpg,scut_fbp5500,portrait_score,unassigned,2.716666666666667,2.716666666666667,0.5237306419436756,60
AF1370,datasets\processed\scut_fbp5500\images\AF1370.jpg,scut_fbp5500,portrait_score,unassigned,3.6666666666666665,3.6666666666666665,0.7051064751106304,60
AF1371,datasets\processed\scut_fbp5500\images\AF1371.jpg,scut_fbp5500,portrait_score,unassigned,3.633333333333333,3.633333333333333,0.7122812876724768,60
AF1372,datasets\processed\scut_fbp5500\images\AF1372.jpg,scut_fbp5500,portrait_score,unassigned,3.1333333333333333,3.1333333333333333,0.7002824288999323,60
AF1373,datasets\processed\scut_fbp5500\images\AF1373.jpg,scut_fbp5500,portrait_score,unassigned,2.783333333333333,2.783333333333333,0.6402241838994506,60
AF1374,datasets\processed\scut_fbp5500\images\AF1374.jpg,scut_fbp5500,portrait_score,unassigned,4.3,4.3,0.5614750549117348,60
AF1375,datasets\processed\scut_fbp5500\images\AF1375.jpg,scut_fbp5500,portrait_score,unassigned,3.3833333333333333,3.3833333333333333,0.5848849420870962,60
AF1376,datasets\processed\scut_fbp5500\images\AF1376.jpg,scut_fbp5500,portrait_score,unassigned,3.5166666666666666,3.5166666666666666,0.6507275372101721,60
AF1377,datasets\processed\scut_fbp5500\images\AF1377.jpg,scut_fbp5500,portrait_score,unassigned,3.6666666666666665,3.6666666666666665,0.7287478619712606,60
AF1378,datasets\processed\scut_fbp5500\images\AF1378.jpg,scut_fbp5500,portrait_score,unassigned,2.7,2.7,0.4974511303823161,60
AF1379,datasets\processed\scut_fbp5500\images\AF1379.jpg,scut_fbp5500,portrait_score,unassigned,2.7333333333333334,2.7333333333333334,0.5482380612028067,60
AF138,datasets\processed\scut_fbp5500\images\AF138.jpg,scut_fbp5500,portrait_score,unassigned,2.4166666666666665,2.4166666666666665,0.6454972243679029,60
AF1380,datasets\processed\scut_fbp5500\images\AF1380.jpg,scut_fbp5500,portrait_score,unassigned,2.3666666666666667,2.3666666666666667,0.6097142055335258,60
AF1381,datasets\processed\scut_fbp5500\images\AF1381.jpg,scut_fbp5500,portrait_score,unassigned,3.633333333333333,3.633333333333333,0.6097142055335258,60
AF1382,datasets\processed\scut_fbp5500\images\AF1382.jpg,scut_fbp5500,portrait_score,unassigned,4.05,4.05,0.6489887831680655,60
AF1383,datasets\processed\scut_fbp5500\images\AF1383.jpg,scut_fbp5500,portrait_score,unassigned,2.033333333333333,2.033333333333333,0.6629841797500676,60
AF1384,datasets\processed\scut_fbp5500\images\AF1384.jpg,scut_fbp5500,portrait_score,unassigned,3.966666666666667,3.966666666666667,0.6097142055335258,60
AF1385,datasets\processed\scut_fbp5500\images\AF1385.jpg,scut_fbp5500,portrait_score,unassigned,3.8,3.8,0.7546466228796952,60
AF1386,datasets\processed\scut_fbp5500\images\AF1386.jpg,scut_fbp5500,portrait_score,unassigned,2.933333333333333,2.933333333333333,0.4824607357929979,60
AF1387,datasets\processed\scut_fbp5500\images\AF1387.jpg,scut_fbp5500,portrait_score,unassigned,4.016666666666667,4.016666666666667,0.6241378234003047,60
AF1388,datasets\processed\scut_fbp5500\images\AF1388.jpg,scut_fbp5500,portrait_score,unassigned,4.166666666666667,4.166666666666667,0.668077602989218,60
AF1389,datasets\processed\scut_fbp5500\images\AF1389.jpg,scut_fbp5500,portrait_score,unassigned,3.683333333333333,3.683333333333333,0.6241378234003048,60
AF139,datasets\processed\scut_fbp5500\images\AF139.jpg,scut_fbp5500,portrait_score,unassigned,2.1333333333333333,2.1333333333333333,0.7240813388775702,60
AF1390,datasets\processed\scut_fbp5500\images\AF1390.jpg,scut_fbp5500,portrait_score,unassigned,4.133333333333334,4.133333333333334,0.7694741031901113,60
AF1391,datasets\processed\scut_fbp5500\images\AF1391.jpg,scut_fbp5500,portrait_score,unassigned,2.966666666666667,2.966666666666667,0.4859611014169709,60
AF1392,datasets\processed\scut_fbp5500\images\AF1392.jpg,scut_fbp5500,portrait_score,unassigned,4.033333333333333,4.033333333333333,0.6097142055335257,60
AF1393,datasets\processed\scut_fbp5500\images\AF1393.jpg,scut_fbp5500,portrait_score,unassigned,3.566666666666667,3.566666666666667,0.6731324866865128,60
AF1394,datasets\processed\scut_fbp5500\images\AF1394.jpg,scut_fbp5500,portrait_score,unassigned,3.283333333333333,3.283333333333333,0.7385663314751766,60
AF1395,datasets\processed\scut_fbp5500\images\AF1395.jpg,scut_fbp5500,portrait_score,unassigned,3.816666666666667,3.816666666666667,0.7008872504569529,60
AF1396,datasets\processed\scut_fbp5500\images\AF1396.jpg,scut_fbp5500,portrait_score,unassigned,4.05,4.05,0.7461766955734743,60
AF1397,datasets\processed\scut_fbp5500\images\AF1397.jpg,scut_fbp5500,portrait_score,unassigned,3.583333333333333,3.583333333333333,0.6186827632817329,60
AF1398,datasets\processed\scut_fbp5500\images\AF1398.jpg,scut_fbp5500,portrait_score,unassigned,1.3666666666666667,1.3666666666666667,0.5196696038591647,60
AF1399,datasets\processed\scut_fbp5500\images\AF1399.jpg,scut_fbp5500,portrait_score,unassigned,3.183333333333333,3.183333333333333,0.4691017983072983,60
AF14,datasets\processed\scut_fbp5500\images\AF14.jpg,scut_fbp5500,portrait_score,unassigned,1.7166666666666666,1.7166666666666666,0.7385663314751767,60
AF140,datasets\processed\scut_fbp5500\images\AF140.jpg,scut_fbp5500,portrait_score,unassigned,2.0166666666666666,2.0166666666666666,0.6762726024084973,60
AF1400,datasets\processed\scut_fbp5500\images\AF1400.jpg,scut_fbp5500,portrait_score,unassigned,3.583333333333333,3.583333333333333,0.765609686518134,60
AF1401,datasets\processed\scut_fbp5500\images\AF1401.jpg,scut_fbp5500,portrait_score,unassigned,4.233333333333333,4.233333333333333,0.6731324866865128,60
AF1402,datasets\processed\scut_fbp5500\images\AF1402.jpg,scut_fbp5500,portrait_score,unassigned,3.8333333333333335,3.8333333333333335,0.7402854847084714,60
AF1403,datasets\processed\scut_fbp5500\images\AF1403.jpg,scut_fbp5500,portrait_score,unassigned,4.266666666666667,4.266666666666667,0.5482380612028067,60
AF1404,datasets\processed\scut_fbp5500\images\AF1404.jpg,scut_fbp5500,portrait_score,unassigned,2.85,2.85,0.4809947319913076,60
AF1405,datasets\processed\scut_fbp5500\images\AF1405.jpg,scut_fbp5500,portrait_score,unassigned,4.116666666666666,4.116666666666666,0.5848849420870963,60
AF1406,datasets\processed\scut_fbp5500\images\AF1406.jpg,scut_fbp5500,portrait_score,unassigned,3.7666666666666666,3.7666666666666666,0.6731324866865129,60
AF1407,datasets\processed\scut_fbp5500\images\AF1407.jpg,scut_fbp5500,portrait_score,unassigned,3.25,3.25,0.704104191057266,60
AF1408,datasets\processed\scut_fbp5500\images\AF1408.jpg,scut_fbp5500,portrait_score,unassigned,3.65,3.65,0.684575830567082,60
AF1409,datasets\processed\scut_fbp5500\images\AF1409.jpg,scut_fbp5500,portrait_score,unassigned,3.5,3.5,0.8130294884889122,60
AF141,datasets\processed\scut_fbp5500\images\AF141.jpg,scut_fbp5500,portrait_score,unassigned,2.333333333333333,2.333333333333333,0.7051064751106304,60
AF1410,datasets\processed\scut_fbp5500\images\AF1410.jpg,scut_fbp5500,portrait_score,unassigned,3.216666666666667,3.216666666666667,0.7385663314751766,60
AF1411,datasets\processed\scut_fbp5500\images\AF1411.jpg,scut_fbp5500,portrait_score,unassigned,3.1333333333333333,3.1333333333333333,0.747122540414543,60
AF1412,datasets\processed\scut_fbp5500\images\AF1412.jpg,scut_fbp5500,portrait_score,unassigned,3.2333333333333334,3.2333333333333334,0.6731324866865128,60
AF1413,datasets\processed\scut_fbp5500\images\AF1413.jpg,scut_fbp5500,portrait_score,unassigned,3.3666666666666667,3.3666666666666667,0.6369063647932278,60
AF1414,datasets\processed\scut_fbp5500\images\AF1414.jpg,scut_fbp5500,portrait_score,unassigned,3.733333333333333,3.733333333333333,0.6856066636017631,60
AF1415,datasets\processed\scut_fbp5500\images\AF1415.jpg,scut_fbp5500,portrait_score,unassigned,1.7333333333333334,1.7333333333333334,0.6856066636017631,60
AF1416,datasets\processed\scut_fbp5500\images\AF1416.jpg,scut_fbp5500,portrait_score,unassigned,3.3833333333333333,3.3833333333333333,0.6402241838994506,60
AF1417,datasets\processed\scut_fbp5500\images\AF1417.jpg,scut_fbp5500,portrait_score,unassigned,3.75,3.75,0.6796060673505357,60
AF1418,datasets\processed\scut_fbp5500\images\AF1418.jpg,scut_fbp5500,portrait_score,unassigned,2.966666666666667,2.966666666666667,0.5513209612012653,60
AF1419,datasets\processed\scut_fbp5500\images\AF1419.jpg,scut_fbp5500,portrait_score,unassigned,3.816666666666667,3.816666666666667,0.650727537210172,60
AF142,datasets\processed\scut_fbp5500\images\AF142.jpg,scut_fbp5500,portrait_score,unassigned,2.1666666666666665,2.1666666666666665,0.668077602989218,60
AF1420,datasets\processed\scut_fbp5500\images\AF1420.jpg,scut_fbp5500,portrait_score,unassigned,3.433333333333333,3.433333333333333,0.6978579008061128,60
AF1421,datasets\processed\scut_fbp5500\images\AF1421.jpg,scut_fbp5500,portrait_score,unassigned,3.1666666666666665,3.1666666666666665,0.6422066478409217,60
AF1422,datasets\processed\scut_fbp5500\images\AF1422.jpg,scut_fbp5500,portrait_score,unassigned,3.966666666666667,3.966666666666667,0.636906364793228,60
AF1423,datasets\processed\scut_fbp5500\images\AF1423.jpg,scut_fbp5500,portrait_score,unassigned,3.733333333333333,3.733333333333333,0.6069279874259416,60
AF1424,datasets\processed\scut_fbp5500\images\AF1424.jpg,scut_fbp5500,portrait_score,unassigned,2.9833333333333334,2.9833333333333334,0.5365194379932872,60
AF1425,datasets\processed\scut_fbp5500\images\AF1425.jpg,scut_fbp5500,portrait_score,unassigned,3.4833333333333334,3.4833333333333334,0.6241378234003049,60
AF1426,datasets\processed\scut_fbp5500\images\AF1426.jpg,scut_fbp5500,portrait_score,unassigned,3.5,3.5,0.6764814252025461,60
AF1427,datasets\processed\scut_fbp5500\images\AF1427.jpg,scut_fbp5500,portrait_score,unassigned,3.566666666666667,3.566666666666667,0.7672682483797642,60
AF1428,datasets\processed\scut_fbp5500\images\AF1428.jpg,scut_fbp5500,portrait_score,unassigned,3.75,3.75,0.6277481952265331,60
AF1429,datasets\processed\scut_fbp5500\images\AF1429.jpg,scut_fbp5500,portrait_score,unassigned,3.716666666666667,3.716666666666667,0.761169186891749,60
AF143,datasets\processed\scut_fbp5500\images\AF143.jpg,scut_fbp5500,portrait_score,unassigned,1.7833333333333334,1.7833333333333334,0.6911465950282972,60
AF1430,datasets\processed\scut_fbp5500\images\AF1430.jpg,scut_fbp5500,portrait_score,unassigned,3.883333333333333,3.883333333333333,0.7152495514881186,60
AF1431,datasets\processed\scut_fbp5500\images\AF1431.jpg,scut_fbp5500,portrait_score,unassigned,3.65,3.65,0.732421106991123,60
AF1432,datasets\processed\scut_fbp5500\images\AF1432.jpg,scut_fbp5500,portrait_score,unassigned,3.216666666666667,3.216666666666667,0.5848849420870963,60
AF1433,datasets\processed\scut_fbp5500\images\AF1433.jpg,scut_fbp5500,portrait_score,unassigned,3.216666666666667,3.216666666666667,0.8044719642367519,60
AF1434,datasets\processed\scut_fbp5500\images\AF1434.jpg,scut_fbp5500,portrait_score,unassigned,3.6166666666666663,3.6166666666666663,0.6131791749276648,60
AF1435,datasets\processed\scut_fbp5500\images\AF1435.jpg,scut_fbp5500,portrait_score,unassigned,2.7,2.7,0.6189110173988075,60
AF1436,datasets\processed\scut_fbp5500\images\AF1436.jpg,scut_fbp5500,portrait_score,unassigned,2.933333333333333,2.933333333333333,0.5482380612028068,60
AF1437,datasets\processed\scut_fbp5500\images\AF1437.jpg,scut_fbp5500,portrait_score,unassigned,4.316666666666666,4.316666666666666,0.6762726024084973,60
AF1438,datasets\processed\scut_fbp5500\images\AF1438.jpg,scut_fbp5500,portrait_score,unassigned,3.1666666666666665,3.1666666666666665,0.4572084295183095,60
AF1439,datasets\processed\scut_fbp5500\images\AF1439.jpg,scut_fbp5500,portrait_score,unassigned,3.85,3.85,0.6593525329532484,60
AF144,datasets\processed\scut_fbp5500\images\AF144.jpg,scut_fbp5500,portrait_score,unassigned,2.0166666666666666,2.0166666666666666,0.7246662976417857,60
AF1440,datasets\processed\scut_fbp5500\images\AF1440.jpg,scut_fbp5500,portrait_score,unassigned,3.633333333333333,3.633333333333333,0.6880743620304537,60
AF1441,datasets\processed\scut_fbp5500\images\AF1441.jpg,scut_fbp5500,portrait_score,unassigned,2.95,2.95,0.501692052213544,60
AF1442,datasets\processed\scut_fbp5500\images\AF1442.jpg,scut_fbp5500,portrait_score,unassigned,3.683333333333333,3.683333333333333,0.5963637459756621,60
AF1443,datasets\processed\scut_fbp5500\images\AF1443.jpg,scut_fbp5500,portrait_score,unassigned,3.2,3.2,0.8396932450381579,60
AF1444,datasets\processed\scut_fbp5500\images\AF1444.jpg,scut_fbp5500,portrait_score,unassigned,4.116666666666666,4.116666666666666,0.6131791749276648,60
AF1445,datasets\processed\scut_fbp5500\images\AF1445.jpg,scut_fbp5500,portrait_score,unassigned,3.9,3.9,0.7523972985831716,60
AF1446,datasets\processed\scut_fbp5500\images\AF1446.jpg,scut_fbp5500,portrait_score,unassigned,3.7666666666666666,3.7666666666666666,0.6978579008061127,60
AF1447,datasets\processed\scut_fbp5500\images\AF1447.jpg,scut_fbp5500,portrait_score,unassigned,4.316666666666666,4.316666666666666,0.5365194379932872,60
AF1448,datasets\processed\scut_fbp5500\images\AF1448.jpg,scut_fbp5500,portrait_score,unassigned,3.9,3.9,0.6297699337786183,60
AF1449,datasets\processed\scut_fbp5500\images\AF1449.jpg,scut_fbp5500,portrait_score,unassigned,3.85,3.85,0.5469483909592215,60
AF145,datasets\processed\scut_fbp5500\images\AF145.jpg,scut_fbp5500,portrait_score,unassigned,2.9,2.9,0.4395683553021655,60
AF1450,datasets\processed\scut_fbp5500\images\AF1450.jpg,scut_fbp5500,portrait_score,unassigned,2.7666666666666666,2.7666666666666666,0.6731324866865129,60
AF1451,datasets\processed\scut_fbp5500\images\AF1451.jpg,scut_fbp5500,portrait_score,unassigned,4.066666666666666,4.066666666666666,0.685606663601763,60
AF1452,datasets\processed\scut_fbp5500\images\AF1452.jpg,scut_fbp5500,portrait_score,unassigned,3.0166666666666666,3.0166666666666666,0.4691017983072983,60
AF1453,datasets\processed\scut_fbp5500\images\AF1453.jpg,scut_fbp5500,portrait_score,unassigned,1.15,1.15,0.3600847357902756,60
AF1454,datasets\processed\scut_fbp5500\images\AF1454.jpg,scut_fbp5500,portrait_score,unassigned,2.7333333333333334,2.7333333333333334,0.7333846926031609,60
AF1455,datasets\processed\scut_fbp5500\images\AF1455.jpg,scut_fbp5500,portrait_score,unassigned,3.033333333333333,3.033333333333333,0.6369063647932279,60
AF1456,datasets\processed\scut_fbp5500\images\AF1456.jpg,scut_fbp5500,portrait_score,unassigned,4.066666666666666,4.066666666666666,0.7098977407062844,60
AF1457,datasets\processed\scut_fbp5500\images\AF1457.jpg,scut_fbp5500,portrait_score,unassigned,3.966666666666667,3.966666666666667,0.6880743620304536,60
AF1458,datasets\processed\scut_fbp5500\images\AF1458.jpg,scut_fbp5500,portrait_score,unassigned,3.8333333333333335,3.8333333333333335,0.7170246117012375,60
AF1459,datasets\processed\scut_fbp5500\images\AF1459.jpg,scut_fbp5500,portrait_score,unassigned,4.0,4.0,0.6377928041432805,60
AF146,datasets\processed\scut_fbp5500\images\AF146.jpg,scut_fbp5500,portrait_score,unassigned,2.9166666666666665,2.9166666666666665,0.4971671160112441,60
AF1460,datasets\processed\scut_fbp5500\images\AF1460.jpg,scut_fbp5500,portrait_score,unassigned,3.6666666666666665,3.6666666666666665,0.8164965809277261,60
AF1461,datasets\processed\scut_fbp5500\images\AF1461.jpg,scut_fbp5500,portrait_score,unassigned,3.316666666666667,3.316666666666667,0.5963637459756623,60
AF1462,datasets\processed\scut_fbp5500\images\AF1462.jpg,scut_fbp5500,portrait_score,unassigned,3.933333333333333,3.933333333333333,0.685606663601763,60
AF1463,datasets\processed\scut_fbp5500\images\AF1463.jpg,scut_fbp5500,portrait_score,unassigned,2.933333333333333,2.933333333333333,0.5482380612028067,60
AF1464,datasets\processed\scut_fbp5500\images\AF1464.jpg,scut_fbp5500,portrait_score,unassigned,3.433333333333333,3.433333333333333,0.6731324866865128,60
AF1465,datasets\processed\scut_fbp5500\images\AF1465.jpg,scut_fbp5500,portrait_score,unassigned,4.033333333333333,4.033333333333333,0.7122812876724767,60
AF1466,datasets\processed\scut_fbp5500\images\AF1466.jpg,scut_fbp5500,portrait_score,unassigned,3.7,3.7,0.6189110173988076,60
AF1467,datasets\processed\scut_fbp5500\images\AF1467.jpg,scut_fbp5500,portrait_score,unassigned,3.716666666666667,3.716666666666667,0.6661721329614916,60
AF1468,datasets\processed\scut_fbp5500\images\AF1468.jpg,scut_fbp5500,portrait_score,unassigned,4.383333333333334,4.383333333333334,0.6402241838994507,60
AF1469,datasets\processed\scut_fbp5500\images\AF1469.jpg,scut_fbp5500,portrait_score,unassigned,4.033333333333333,4.033333333333333,0.6880743620304537,60
AF147,datasets\processed\scut_fbp5500\images\AF147.jpg,scut_fbp5500,portrait_score,unassigned,2.35,2.35,0.605763280945926,60
AF1470,datasets\processed\scut_fbp5500\images\AF1470.jpg,scut_fbp5500,portrait_score,unassigned,3.216666666666667,3.216666666666667,0.6661721329614918,60
AF1471,datasets\processed\scut_fbp5500\images\AF1471.jpg,scut_fbp5500,portrait_score,unassigned,3.2666666666666666,3.2666666666666666,0.5163977794943223,60
AF1472,datasets\processed\scut_fbp5500\images\AF1472.jpg,scut_fbp5500,portrait_score,unassigned,3.8,3.8,0.6050633809075331,60
AF1473,datasets\processed\scut_fbp5500\images\AF1473.jpg,scut_fbp5500,portrait_score,unassigned,2.816666666666667,2.816666666666667,0.5672313570575753,60
AF1474,datasets\processed\scut_fbp5500\images\AF1474.jpg,scut_fbp5500,portrait_score,unassigned,4.033333333333333,4.033333333333333,0.7356921488320419,60
AF1475,datasets\processed\scut_fbp5500\images\AF1475.jpg,scut_fbp5500,portrait_score,unassigned,1.6833333333333331,1.6833333333333331,0.7700245795475263,60
AF1476,datasets\processed\scut_fbp5500\images\AF1476.jpg,scut_fbp5500,portrait_score,unassigned,4.283333333333333,4.283333333333333,0.613179174927665,60
AF1477,datasets\processed\scut_fbp5500\images\AF1477.jpg,scut_fbp5500,portrait_score,unassigned,4.1,4.1,0.6297699337786186,60
AF1478,datasets\processed\scut_fbp5500\images\AF1478.jpg,scut_fbp5500,portrait_score,unassigned,3.95,3.95,0.5344092255369315,60
AF1479,datasets\processed\scut_fbp5500\images\AF1479.jpg,scut_fbp5500,portrait_score,unassigned,3.9,3.9,0.6022556470526281,60
AF148,datasets\processed\scut_fbp5500\images\AF148.jpg,scut_fbp5500,portrait_score,unassigned,1.9166666666666667,1.9166666666666667,0.6712413662397547,60
AF1480,datasets\processed\scut_fbp5500\images\AF1480.jpg,scut_fbp5500,portrait_score,unassigned,2.7333333333333334,2.7333333333333334,0.5163977794943222,60
AF1481,datasets\processed\scut_fbp5500\images\AF1481.jpg,scut_fbp5500,portrait_score,unassigned,3.933333333333333,3.933333333333333,0.7098977407062844,60
AF1482,datasets\processed\scut_fbp5500\images\AF1482.jpg,scut_fbp5500,portrait_score,unassigned,3.316666666666667,3.316666666666667,0.5963637459756623,60
AF1483,datasets\processed\scut_fbp5500\images\AF1483.jpg,scut_fbp5500,portrait_score,unassigned,2.5166666666666666,2.5166666666666666,0.5672313570575754,60
AF1484,datasets\processed\scut_fbp5500\images\AF1484.jpg,scut_fbp5500,portrait_score,unassigned,3.6,3.6,0.7410482726333564,60
AF1485,datasets\processed\scut_fbp5500\images\AF1485.jpg,scut_fbp5500,portrait_score,unassigned,2.95,2.95,0.7685557664227723,60
AF1486,datasets\processed\scut_fbp5500\images\AF1486.jpg,scut_fbp5500,portrait_score,unassigned,4.033333333333333,4.033333333333333,0.636906364793228,60
AF1487,datasets\processed\scut_fbp5500\images\AF1487.jpg,scut_fbp5500,portrait_score,unassigned,3.183333333333333,3.183333333333333,0.8128557456749852,60
AF1488,datasets\processed\scut_fbp5500\images\AF1488.jpg,scut_fbp5500,portrait_score,unassigned,3.85,3.85,0.6593525329532482,60
AF1489,datasets\processed\scut_fbp5500\images\AF1489.jpg,scut_fbp5500,portrait_score,unassigned,3.1,3.1,0.5430610041581775,60
AF149,datasets\processed\scut_fbp5500\images\AF149.jpg,scut_fbp5500,portrait_score,unassigned,2.35,2.35,0.605763280945926,60
AF1490,datasets\processed\scut_fbp5500\images\AF1490.jpg,scut_fbp5500,portrait_score,unassigned,3.65,3.65,0.605763280945926,60
AF1491,datasets\processed\scut_fbp5500\images\AF1491.jpg,scut_fbp5500,portrait_score,unassigned,4.2,4.2,0.6587095756740944,60
AF1492,datasets\processed\scut_fbp5500\images\AF1492.jpg,scut_fbp5500,portrait_score,unassigned,3.5166666666666666,3.5166666666666666,0.7246662976417857,60
AF1493,datasets\processed\scut_fbp5500\images\AF1493.jpg,scut_fbp5500,portrait_score,unassigned,3.216666666666667,3.216666666666667,0.7385663314751766,60
AF1494,datasets\processed\scut_fbp5500\images\AF1494.jpg,scut_fbp5500,portrait_score,unassigned,3.7,3.7,0.6189110173988075,60
AF1495,datasets\processed\scut_fbp5500\images\AF1495.jpg,scut_fbp5500,portrait_score,unassigned,4.033333333333333,4.033333333333333,0.6880743620304537,60
AF1496,datasets\processed\scut_fbp5500\images\AF1496.jpg,scut_fbp5500,portrait_score,unassigned,3.683333333333333,3.683333333333333,0.8535403174111506,60
AF1497,datasets\processed\scut_fbp5500\images\AF1497.jpg,scut_fbp5500,portrait_score,unassigned,2.85,2.85,0.5150283849343991,60
AF1498,datasets\processed\scut_fbp5500\images\AF1498.jpg,scut_fbp5500,portrait_score,unassigned,4.066666666666666,4.066666666666666,0.6856066636017631,60
AF1499,datasets\processed\scut_fbp5500\images\AF1499.jpg,scut_fbp5500,portrait_score,unassigned,3.466666666666667,3.466666666666667,0.6756457467795108,60
AF15,datasets\processed\scut_fbp5500\images\AF15.jpg,scut_fbp5500,portrait_score,unassigned,2.8,2.8,0.4801129810537007,60
AF150,datasets\processed\scut_fbp5500\images\AF150.jpg,scut_fbp5500,portrait_score,unassigned,2.466666666666667,2.466666666666667,0.5956528014598821,60
AF1500,datasets\processed\scut_fbp5500\images\AF1500.jpg,scut_fbp5500,portrait_score,unassigned,4.45,4.45,0.6223247830459754,60
AF1501,datasets\processed\scut_fbp5500\images\AF1501.jpg,scut_fbp5500,portrait_score,unassigned,3.933333333333333,3.933333333333333,0.5482380612028066,60
AF1502,datasets\processed\scut_fbp5500\images\AF1502.jpg,scut_fbp5500,portrait_score,unassigned,3.683333333333333,3.683333333333333,0.650727537210172,60
AF1503,datasets\processed\scut_fbp5500\images\AF1503.jpg,scut_fbp5500,portrait_score,unassigned,2.9166666666666665,2.9166666666666665,0.6186827632817329,60
AF1504,datasets\processed\scut_fbp5500\images\AF1504.jpg,scut_fbp5500,portrait_score,unassigned,3.333333333333333,3.333333333333333,0.6013168224022633,60
AF1505,datasets\processed\scut_fbp5500\images\AF1505.jpg,scut_fbp5500,portrait_score,unassigned,3.033333333333333,3.033333333333333,0.6369063647932279,60
AF1506,datasets\processed\scut_fbp5500\images\AF1506.jpg,scut_fbp5500,portrait_score,unassigned,3.55,3.55,0.7231053560389408,60
AF1507,datasets\processed\scut_fbp5500\images\AF1507.jpg,scut_fbp5500,portrait_score,unassigned,2.7666666666666666,2.7666666666666666,0.5928004971139372,60
AF1508,datasets\processed\scut_fbp5500\images\AF1508.jpg,scut_fbp5500,portrait_score,unassigned,3.9166666666666665,3.9166666666666665,0.6186827632817329,60
AF1509,datasets\processed\scut_fbp5500\images\AF1509.jpg,scut_fbp5500,portrait_score,unassigned,1.7,1.7,0.720169471580551,60
AF151,datasets\processed\scut_fbp5500\images\AF151.jpg,scut_fbp5500,portrait_score,unassigned,2.2666666666666666,2.2666666666666666,0.7333846926031609,60
AF1510,datasets\processed\scut_fbp5500\images\AF1510.jpg,scut_fbp5500,portrait_score,unassigned,3.6666666666666665,3.6666666666666665,0.8369975936353776,60
AF1511,datasets\processed\scut_fbp5500\images\AF1511.jpg,scut_fbp5500,portrait_score,unassigned,3.883333333333333,3.883333333333333,0.5551505114790763,60
AF1512,datasets\processed\scut_fbp5500\images\AF1512.jpg,scut_fbp5500,portrait_score,unassigned,2.9833333333333334,2.9833333333333334,0.7008872504569529,60
AF1513,datasets\processed\scut_fbp5500\images\AF1513.jpg,scut_fbp5500,portrait_score,unassigned,3.716666666666667,3.716666666666667,0.783119937275378,60
AF1514,datasets\processed\scut_fbp5500\images\AF1514.jpg,scut_fbp5500,portrait_score,unassigned,4.033333333333333,4.033333333333333,0.7356921488320419,60
AF1515,datasets\processed\scut_fbp5500\images\AF1515.jpg,scut_fbp5500,portrait_score,unassigned,3.8,3.8,0.731842346642351,60
AF1516,datasets\processed\scut_fbp5500\images\AF1516.jpg,scut_fbp5500,portrait_score,unassigned,3.466666666666667,3.466666666666667,0.5664838521990366,60
AF1517,datasets\processed\scut_fbp5500\images\AF1517.jpg,scut_fbp5500,portrait_score,unassigned,3.433333333333333,3.433333333333333,0.6978579008061125,60
AF1518,datasets\processed\scut_fbp5500\images\AF1518.jpg,scut_fbp5500,portrait_score,unassigned,3.433333333333333,3.433333333333333,0.8102451327476413,60
AF1519,datasets\processed\scut_fbp5500\images\AF1519.jpg,scut_fbp5500,portrait_score,unassigned,3.933333333333333,3.933333333333333,0.6342396132422271,60
AF152,datasets\processed\scut_fbp5500\images\AF152.jpg,scut_fbp5500,portrait_score,unassigned,2.683333333333333,2.683333333333333,0.5672313570575754,60
AF1520,datasets\processed\scut_fbp5500\images\AF1520.jpg,scut_fbp5500,portrait_score,unassigned,3.2333333333333334,3.2333333333333334,0.7217367628174832,60
AF1521,datasets\processed\scut_fbp5500\images\AF1521.jpg,scut_fbp5500,portrait_score,unassigned,3.65,3.65,0.605763280945926,60
AF1522,datasets\processed\scut_fbp5500\images\AF1522.jpg,scut_fbp5500,portrait_score,unassigned,2.0,2.0,0.7364596943186587,60
AF1523,datasets\processed\scut_fbp5500\images\AF1523.jpg,scut_fbp5500,portrait_score,unassigned,3.8,3.8,0.7083042533080239,60
AF1524,datasets\processed\scut_fbp5500\images\AF1524.jpg,scut_fbp5500,portrait_score,unassigned,3.9,3.9,0.6297699337786183,60
AF1525,datasets\processed\scut_fbp5500\images\AF1525.jpg,scut_fbp5500,portrait_score,unassigned,3.75,3.75,0.6541911813032296,60
AF1526,datasets\processed\scut_fbp5500\images\AF1526.jpg,scut_fbp5500,portrait_score,unassigned,4.2,4.2,0.6587095756740947,60
AF1527,datasets\processed\scut_fbp5500\images\AF1527.jpg,scut_fbp5500,portrait_score,unassigned,3.8333333333333335,3.8333333333333335,0.6929833971319694,60
AF1528,datasets\processed\scut_fbp5500\images\AF1528.jpg,scut_fbp5500,portrait_score,unassigned,3.3833333333333333,3.3833333333333333,0.6661721329614918,60
AF1529,datasets\processed\scut_fbp5500\images\AF1529.jpg,scut_fbp5500,portrait_score,unassigned,3.733333333333333,3.733333333333333,0.6604227374117245,60
AF153,datasets\processed\scut_fbp5500\images\AF153.jpg,scut_fbp5500,portrait_score,unassigned,2.1333333333333333,2.1333333333333333,0.7240813388775701,60
AF1530,datasets\processed\scut_fbp5500\images\AF1530.jpg,scut_fbp5500,portrait_score,unassigned,3.5166666666666666,3.5166666666666666,0.5963637459756623,60
AF1531,datasets\processed\scut_fbp5500\images\AF1531.jpg,scut_fbp5500,portrait_score,unassigned,3.2333333333333334,3.2333333333333334,0.6474635430261868,60
AF1532,datasets\processed\scut_fbp5500\images\AF1532.jpg,scut_fbp5500,portrait_score,unassigned,3.55,3.55,0.7685557664227721,60
AF1533,datasets\processed\scut_fbp5500\images\AF1533.jpg,scut_fbp5500,portrait_score,unassigned,4.116666666666666,4.116666666666666,0.6402241838994507,60
AF1534,datasets\processed\scut_fbp5500\images\AF1534.jpg,scut_fbp5500,portrait_score,unassigned,4.2,4.2,0.6324555320336759,60
AF1535,datasets\processed\scut_fbp5500\images\AF1535.jpg,scut_fbp5500,portrait_score,unassigned,3.2333333333333334,3.2333333333333334,0.6207340287621397,60
AF1536,datasets\processed\scut_fbp5500\images\AF1536.jpg,scut_fbp5500,portrait_score,unassigned,3.7,3.7,0.6962368581968814,60
AF1537,datasets\processed\scut_fbp5500\images\AF1537.jpg,scut_fbp5500,portrait_score,unassigned,3.633333333333333,3.633333333333333,0.7583806715217979,60
AF1538,datasets\processed\scut_fbp5500\images\AF1538.jpg,scut_fbp5500,portrait_score,unassigned,4.033333333333333,4.033333333333333,0.6097142055335258,60
AF1539,datasets\processed\scut_fbp5500\images\AF1539.jpg,scut_fbp5500,portrait_score,unassigned,1.6166666666666667,1.6166666666666667,0.6911465950282972,60
AF154,datasets\processed\scut_fbp5500\images\AF154.jpg,scut_fbp5500,portrait_score,unassigned,3.0,3.0,0.4509876168016973,60
AF1540,datasets\processed\scut_fbp5500\images\AF1540.jpg,scut_fbp5500,portrait_score,unassigned,1.3833333333333333,1.3833333333333333,0.5848849420870962,60
AF1541,datasets\processed\scut_fbp5500\images\AF1541.jpg,scut_fbp5500,portrait_score,unassigned,3.55,3.55,0.674599692975554,60
AF1542,datasets\processed\scut_fbp5500\images\AF1542.jpg,scut_fbp5500,portrait_score,unassigned,2.316666666666667,2.316666666666667,0.6762726024084973,60
AF1543,datasets\processed\scut_fbp5500\images\AF1543.jpg,scut_fbp5500,portrait_score,unassigned,3.9,3.9,0.602255647052628,60
AF1544,datasets\processed\scut_fbp5500\images\AF1544.jpg,scut_fbp5500,portrait_score,unassigned,3.033333333333333,3.033333333333333,0.5196696038591647,60
AF1545,datasets\processed\scut_fbp5500\images\AF1545.jpg,scut_fbp5500,portrait_score,unassigned,4.216666666666667,4.216666666666667,0.7385663314751766,60
AF1546,datasets\processed\scut_fbp5500\images\AF1546.jpg,scut_fbp5500,portrait_score,unassigned,3.966666666666667,3.966666666666667,0.6880743620304537,60
AF1547,datasets\processed\scut_fbp5500\images\AF1547.jpg,scut_fbp5500,portrait_score,unassigned,4.0,4.0,0.6888949638271721,60
AF1548,datasets\processed\scut_fbp5500\images\AF1548.jpg,scut_fbp5500,portrait_score,unassigned,4.066666666666666,4.066666666666666,0.6069279874259419,60
AF1549,datasets\processed\scut_fbp5500\images\AF1549.jpg,scut_fbp5500,portrait_score,unassigned,2.85,2.85,0.5771055773925835,60
AF155,datasets\processed\scut_fbp5500\images\AF155.jpg,scut_fbp5500,portrait_score,unassigned,2.55,2.55,0.5944660045019181,60
AF1550,datasets\processed\scut_fbp5500\images\AF1550.jpg,scut_fbp5500,portrait_score,unassigned,3.3833333333333333,3.3833333333333333,0.5848849420870962,60
AF1551,datasets\processed\scut_fbp5500\images\AF1551.jpg,scut_fbp5500,portrait_score,unassigned,3.6166666666666663,3.6166666666666663,0.6661721329614917,60
AF1552,datasets\processed\scut_fbp5500\images\AF1552.jpg,scut_fbp5500,portrait_score,unassigned,3.5,3.5,0.7248611789946813,60
AF1553,datasets\processed\scut_fbp5500\images\AF1553.jpg,scut_fbp5500,portrait_score,unassigned,3.8333333333333335,3.8333333333333335,0.6422066478409215,60
AF1554,datasets\processed\scut_fbp5500\images\AF1554.jpg,scut_fbp5500,portrait_score,unassigned,4.233333333333333,4.233333333333333,0.6731324866865125,60
AF1555,datasets\processed\scut_fbp5500\images\AF1555.jpg,scut_fbp5500,portrait_score,unassigned,3.1666666666666665,3.1666666666666665,0.8268106308031118,60
AF1556,datasets\processed\scut_fbp5500\images\AF1556.jpg,scut_fbp5500,portrait_score,unassigned,3.2333333333333334,3.2333333333333334,0.6978579008061125,60
AF1557,datasets\processed\scut_fbp5500\images\AF1557.jpg,scut_fbp5500,portrait_score,unassigned,3.533333333333333,3.533333333333333,0.6500760494407536,60
AF1558,datasets\processed\scut_fbp5500\images\AF1558.jpg,scut_fbp5500,portrait_score,unassigned,3.7,3.7,0.6962368581968815,60
AF1559,datasets\processed\scut_fbp5500\images\AF1559.jpg,scut_fbp5500,portrait_score,unassigned,4.133333333333334,4.133333333333334,0.6234585511256954,60
AF156,datasets\processed\scut_fbp5500\images\AF156.jpg,scut_fbp5500,portrait_score,unassigned,2.4833333333333334,2.4833333333333334,0.6507275372101722,60
AF1560,datasets\processed\scut_fbp5500\images\AF1560.jpg,scut_fbp5500,portrait_score,unassigned,3.983333333333333,3.983333333333333,0.5963637459756623,60
AF1561,datasets\processed\scut_fbp5500\images\AF1561.jpg,scut_fbp5500,portrait_score,unassigned,3.95,3.95,0.7231053560389409,60
AF1562,datasets\processed\scut_fbp5500\images\AF1562.jpg,scut_fbp5500,portrait_score,unassigned,3.4,3.4,0.8477287701833707,60
AF1563,datasets\processed\scut_fbp5500\images\AF1563.jpg,scut_fbp5500,portrait_score,unassigned,4.133333333333334,4.133333333333334,0.595652801459882,60
AF1564,datasets\processed\scut_fbp5500\images\AF1564.jpg,scut_fbp5500,portrait_score,unassigned,3.983333333333333,3.983333333333333,0.6241378234003048,60
AF1565,datasets\processed\scut_fbp5500\images\AF1565.jpg,scut_fbp5500,portrait_score,unassigned,3.3,3.3,0.5908913118102866,60
AF1566,datasets\processed\scut_fbp5500\images\AF1566.jpg,scut_fbp5500,portrait_score,unassigned,3.75,3.75,0.6796060673505359,60
AF1567,datasets\processed\scut_fbp5500\images\AF1567.jpg,scut_fbp5500,portrait_score,unassigned,4.016666666666667,4.016666666666667,0.650727537210172,60
AF1568,datasets\processed\scut_fbp5500\images\AF1568.jpg,scut_fbp5500,portrait_score,unassigned,3.8333333333333335,3.8333333333333335,0.5870543146605619,60
AF1569,datasets\processed\scut_fbp5500\images\AF1569.jpg,scut_fbp5500,portrait_score,unassigned,3.966666666666667,3.966666666666667,0.5513209612012652,60
AF157,datasets\processed\scut_fbp5500\images\AF157.jpg,scut_fbp5500,portrait_score,unassigned,2.3666666666666667,2.3666666666666667,0.6629841797500676,60
AF1570,datasets\processed\scut_fbp5500\images\AF1570.jpg,scut_fbp5500,portrait_score,unassigned,2.5,2.5,0.7010887416930995,60
AF1571,datasets\processed\scut_fbp5500\images\AF1571.jpg,scut_fbp5500,portrait_score,unassigned,3.7,3.7,0.7201694715805511,60
AF1572,datasets\processed\scut_fbp5500\images\AF1572.jpg,scut_fbp5500,portrait_score,unassigned,4.3,4.3,0.5614750549117347,60
AF1573,datasets\processed\scut_fbp5500\images\AF1573.jpg,scut_fbp5500,portrait_score,unassigned,3.583333333333333,3.583333333333333,0.6712413662397547,60
AF1574,datasets\processed\scut_fbp5500\images\AF1574.jpg,scut_fbp5500,portrait_score,unassigned,3.7666666666666666,3.7666666666666666,0.5634839166238778,60
AF1575,datasets\processed\scut_fbp5500\images\AF1575.jpg,scut_fbp5500,portrait_score,unassigned,3.066666666666667,3.066666666666667,0.4061671471357936,60
AF1576,datasets\processed\scut_fbp5500\images\AF1576.jpg,scut_fbp5500,portrait_score,unassigned,3.35,3.35,0.7552079071691764,60
AF1577,datasets\processed\scut_fbp5500\images\AF1577.jpg,scut_fbp5500,portrait_score,unassigned,3.4,3.4,0.7410482726333566,60
AF1578,datasets\processed\scut_fbp5500\images\AF1578.jpg,scut_fbp5500,portrait_score,unassigned,2.7666666666666666,2.7666666666666666,0.5325559305923084,60
AF1579,datasets\processed\scut_fbp5500\images\AF1579.jpg,scut_fbp5500,portrait_score,unassigned,4.1,4.1,0.6297699337786183,60
AF158,datasets\processed\scut_fbp5500\images\AF158.jpg,scut_fbp5500,portrait_score,unassigned,2.5166666666666666,2.5166666666666666,0.5672313570575753,60
AF1580,datasets\processed\scut_fbp5500\images\AF1580.jpg,scut_fbp5500,portrait_score,unassigned,3.466666666666667,3.466666666666667,0.675645746779511,60
AF1581,datasets\processed\scut_fbp5500\images\AF1581.jpg,scut_fbp5500,portrait_score,unassigned,4.116666666666666,4.116666666666666,0.6911465950282972,60
AF1582,datasets\processed\scut_fbp5500\images\AF1582.jpg,scut_fbp5500,portrait_score,unassigned,4.216666666666667,4.216666666666667,0.5848849420870962,60
AF1583,datasets\processed\scut_fbp5500\images\AF1583.jpg,scut_fbp5500,portrait_score,unassigned,3.8,3.8,0.6839565850033842,60
AF1584,datasets\processed\scut_fbp5500\images\AF1584.jpg,scut_fbp5500,portrait_score,unassigned,3.8333333333333335,3.8333333333333335,0.7847414918554698,60
AF1585,datasets\processed\scut_fbp5500\images\AF1585.jpg,scut_fbp5500,portrait_score,unassigned,3.75,3.75,0.6796060673505359,60
AF1586,datasets\processed\scut_fbp5500\images\AF1586.jpg,scut_fbp5500,portrait_score,unassigned,3.7666666666666666,3.7666666666666666,0.7672682483797642,60
AF1587,datasets\processed\scut_fbp5500\images\AF1587.jpg,scut_fbp5500,portrait_score,unassigned,3.533333333333333,3.533333333333333,0.7002824288999323,60
AF1588,datasets\processed\scut_fbp5500\images\AF1588.jpg,scut_fbp5500,portrait_score,unassigned,3.933333333333333,3.933333333333333,0.6069279874259416,60
AF1589,datasets\processed\scut_fbp5500\images\AF1589.jpg,scut_fbp5500,portrait_score,unassigned,3.716666666666667,3.716666666666667,0.8044719642367519,60
AF159,datasets\processed\scut_fbp5500\images\AF159.jpg,scut_fbp5500,portrait_score,unassigned,2.783333333333333,2.783333333333333,0.4903014177279,60
AF1590,datasets\processed\scut_fbp5500\images\AF1590.jpg,scut_fbp5500,portrait_score,unassigned,1.0666666666666669,1.0666666666666669,0.3117292755628478,60
AF1591,datasets\processed\scut_fbp5500\images\AF1591.jpg,scut_fbp5500,portrait_score,unassigned,3.7,3.7,0.6457159999120147,60
AF1592,datasets\processed\scut_fbp5500\images\AF1592.jpg,scut_fbp5500,portrait_score,unassigned,4.466666666666667,4.466666666666667,0.5956528014598819,60
AF1593,datasets\processed\scut_fbp5500\images\AF1593.jpg,scut_fbp5500,portrait_score,unassigned,4.15,4.15,0.6593525329532484,60
AF1594,datasets\processed\scut_fbp5500\images\AF1594.jpg,scut_fbp5500,portrait_score,unassigned,3.816666666666667,3.816666666666667,0.650727537210172,60
AF1595,datasets\processed\scut_fbp5500\images\AF1595.jpg,scut_fbp5500,portrait_score,unassigned,3.9166666666666665,3.9166666666666665,0.849559540249757,60
AF1596,datasets\processed\scut_fbp5500\images\AF1596.jpg,scut_fbp5500,portrait_score,unassigned,3.066666666666667,3.066666666666667,0.5163977794943222,60
AF1597,datasets\processed\scut_fbp5500\images\AF1597.jpg,scut_fbp5500,portrait_score,unassigned,3.75,3.75,0.65419118130323,60
AF1598,datasets\processed\scut_fbp5500\images\AF1598.jpg,scut_fbp5500,portrait_score,unassigned,3.583333333333333,3.583333333333333,0.6186827632817331,60
AF1599,datasets\processed\scut_fbp5500\images\AF1599.jpg,scut_fbp5500,portrait_score,unassigned,3.466666666666667,3.466666666666667,0.7002824288999322,60
AF16,datasets\processed\scut_fbp5500\images\AF16.jpg,scut_fbp5500,portrait_score,unassigned,2.1,2.1,0.6814739757767841,60
AF160,datasets\processed\scut_fbp5500\images\AF160.jpg,scut_fbp5500,portrait_score,unassigned,1.9833333333333332,1.9833333333333332,0.6762726024084973,60
AF1600,datasets\processed\scut_fbp5500\images\AF1600.jpg,scut_fbp5500,portrait_score,unassigned,3.0166666666666666,3.0166666666666666,0.650727537210172,60
AF1601,datasets\processed\scut_fbp5500\images\AF1601.jpg,scut_fbp5500,portrait_score,unassigned,4.483333333333333,4.483333333333333,0.5672313570575754,60
AF1602,datasets\processed\scut_fbp5500\images\AF1602.jpg,scut_fbp5500,portrait_score,unassigned,3.7,3.7,0.6457159999120146,60
AF1603,datasets\processed\scut_fbp5500\images\AF1603.jpg,scut_fbp5500,portrait_score,unassigned,3.95,3.95,0.6223247830459754,60
AF1604,datasets\processed\scut_fbp5500\images\AF1604.jpg,scut_fbp5500,portrait_score,unassigned,3.7,3.7,0.6714517537598056,60
AF1605,datasets\processed\scut_fbp5500\images\AF1605.jpg,scut_fbp5500,portrait_score,unassigned,3.466666666666667,3.466666666666667,0.6234585511256954,60
AF1606,datasets\processed\scut_fbp5500\images\AF1606.jpg,scut_fbp5500,portrait_score,unassigned,3.1666666666666665,3.1666666666666665,0.4572084295183094,60
AF1607,datasets\processed\scut_fbp5500\images\AF1607.jpg,scut_fbp5500,portrait_score,unassigned,3.433333333333333,3.433333333333333,0.6731324866865128,60
AF1608,datasets\processed\scut_fbp5500\images\AF1608.jpg,scut_fbp5500,portrait_score,unassigned,3.3,3.3,0.6457159999120146,60
AF1609,datasets\processed\scut_fbp5500\images\AF1609.jpg,scut_fbp5500,portrait_score,unassigned,3.5166666666666666,3.5166666666666666,0.650727537210172,60
AF161,datasets\processed\scut_fbp5500\images\AF161.jpg,scut_fbp5500,portrait_score,unassigned,1.95,1.95,0.6992732304667879,60
AF1610,datasets\processed\scut_fbp5500\images\AF1610.jpg,scut_fbp5500,portrait_score,unassigned,4.2,4.2,0.632455532033676,60
AF1611,datasets\processed\scut_fbp5500\images\AF1611.jpg,scut_fbp5500,portrait_score,unassigned,3.333333333333333,3.333333333333333,0.7516460280028289,60
AF1612,datasets\processed\scut_fbp5500\images\AF1612.jpg,scut_fbp5500,portrait_score,unassigned,3.8666666666666663,3.8666666666666663,0.7471225404145427,60
AF1613,datasets\processed\scut_fbp5500\images\AF1613.jpg,scut_fbp5500,portrait_score,unassigned,4.0,4.0,0.6106401198187057,60
AF1614,datasets\processed\scut_fbp5500\images\AF1614.jpg,scut_fbp5500,portrait_score,unassigned,2.966666666666667,2.966666666666667,0.6629841797500677,60
AF1615,datasets\processed\scut_fbp5500\images\AF1615.jpg,scut_fbp5500,portrait_score,unassigned,3.3666666666666667,3.3666666666666667,0.609714205533526,60
AF1616,datasets\processed\scut_fbp5500\images\AF1616.jpg,scut_fbp5500,portrait_score,unassigned,2.783333333333333,2.783333333333333,0.6402241838994507,60
AF1617,datasets\processed\scut_fbp5500\images\AF1617.jpg,scut_fbp5500,portrait_score,unassigned,3.6166666666666663,3.6166666666666663,0.7385663314751766,60
AF1618,datasets\processed\scut_fbp5500\images\AF1618.jpg,scut_fbp5500,portrait_score,unassigned,2.533333333333333,2.533333333333333,0.6756457467795108,60
AF1619,datasets\processed\scut_fbp5500\images\AF1619.jpg,scut_fbp5500,portrait_score,unassigned,1.6333333333333333,1.6333333333333333,0.6629841797500677,60
AF162,datasets\processed\scut_fbp5500\images\AF162.jpg,scut_fbp5500,portrait_score,unassigned,2.1166666666666667,2.1166666666666667,0.6661721329614917,60
AF1620,datasets\processed\scut_fbp5500\images\AF1620.jpg,scut_fbp5500,portrait_score,unassigned,3.883333333333333,3.883333333333333,0.6911465950282972,60
AF1621,datasets\processed\scut_fbp5500\images\AF1621.jpg,scut_fbp5500,portrait_score,unassigned,3.55,3.55,0.8522154577574137,60
AF1622,datasets\processed\scut_fbp5500\images\AF1622.jpg,scut_fbp5500,portrait_score,unassigned,3.9,3.9,0.729522713718023,60
AF1623,datasets\processed\scut_fbp5500\images\AF1623.jpg,scut_fbp5500,portrait_score,unassigned,3.983333333333333,3.983333333333333,0.650727537210172,60
AF1624,datasets\processed\scut_fbp5500\images\AF1624.jpg,scut_fbp5500,portrait_score,unassigned,3.15,3.15,0.5469483909592215,60
AF1625,datasets\processed\scut_fbp5500\images\AF1625.jpg,scut_fbp5500,portrait_score,unassigned,2.083333333333333,2.083333333333333,0.6960339624157418,60
AF1626,datasets\processed\scut_fbp5500\images\AF1626.jpg,scut_fbp5500,portrait_score,unassigned,3.066666666666667,3.066666666666667,0.9719222028339416,60
AF1627,datasets\processed\scut_fbp5500\images\AF1627.jpg,scut_fbp5500,portrait_score,unassigned,3.7666666666666666,3.7666666666666666,0.6207340287621396,60
AF1628,datasets\processed\scut_fbp5500\images\AF1628.jpg,scut_fbp5500,portrait_score,unassigned,4.1,4.1,0.7059072777254549,60
AF1629,datasets\processed\scut_fbp5500\images\AF1629.jpg,scut_fbp5500,portrait_score,unassigned,4.033333333333333,4.033333333333333,0.6880743620304539,60
AF163,datasets\processed\scut_fbp5500\images\AF163.jpg,scut_fbp5500,portrait_score,unassigned,2.8,2.8,0.546173127081297,60
AF1630,datasets\processed\scut_fbp5500\images\AF1630.jpg,scut_fbp5500,portrait_score,unassigned,2.7666666666666666,2.7666666666666666,0.5928004971139373,60
AF1631,datasets\processed\scut_fbp5500\images\AF1631.jpg,scut_fbp5500,portrait_score,unassigned,1.1166666666666667,1.1166666666666667,0.3237317715130933,60
AF1632,datasets\processed\scut_fbp5500\images\AF1632.jpg,scut_fbp5500,portrait_score,unassigned,3.433333333333333,3.433333333333333,0.6207340287621397,60
AF1633,datasets\processed\scut_fbp5500\images\AF1633.jpg,scut_fbp5500,portrait_score,unassigned,1.6333333333333333,1.6333333333333333,0.5812513288970896,60
AF1634,datasets\processed\scut_fbp5500\images\AF1634.jpg,scut_fbp5500,portrait_score,unassigned,4.0,4.0,0.6377928041432805,60
AF1635,datasets\processed\scut_fbp5500\images\AF1635.jpg,scut_fbp5500,portrait_score,unassigned,3.783333333333333,3.783333333333333,0.5848849420870963,60
AF1636,datasets\processed\scut_fbp5500\images\AF1636.jpg,scut_fbp5500,portrait_score,unassigned,2.466666666666667,2.466666666666667,0.5956528014598821,60
AF1637,datasets\processed\scut_fbp5500\images\AF1637.jpg,scut_fbp5500,portrait_score,unassigned,3.983333333333333,3.983333333333333,0.7246662976417858,60
AF1638,datasets\processed\scut_fbp5500\images\AF1638.jpg,scut_fbp5500,portrait_score,unassigned,3.8333333333333335,3.8333333333333335,0.6680776029892181,60
AF1639,datasets\processed\scut_fbp5500\images\AF1639.jpg,scut_fbp5500,portrait_score,unassigned,3.3666666666666667,3.3666666666666667,0.843050688438623,60
AF164,datasets\processed\scut_fbp5500\images\AF164.jpg,scut_fbp5500,portrait_score,unassigned,3.083333333333333,3.083333333333333,0.618682763281733,60
AF1640,datasets\processed\scut_fbp5500\images\AF1640.jpg,scut_fbp5500,portrait_score,unassigned,3.8666666666666663,3.8666666666666663,0.6234585511256955,60
AF1641,datasets\processed\scut_fbp5500\images\AF1641.jpg,scut_fbp5500,portrait_score,unassigned,1.1666666666666667,1.1666666666666667,0.4184987968176886,60
AF1642,datasets\processed\scut_fbp5500\images\AF1642.jpg,scut_fbp5500,portrait_score,unassigned,2.8,2.8,0.5763708787148327,60
AF1643,datasets\processed\scut_fbp5500\images\AF1643.jpg,scut_fbp5500,portrait_score,unassigned,3.6166666666666663,3.6166666666666663,0.761169186891749,60
AF1644,datasets\processed\scut_fbp5500\images\AF1644.jpg,scut_fbp5500,portrait_score,unassigned,3.816666666666667,3.816666666666667,0.6241378234003048,60
AF1645,datasets\processed\scut_fbp5500\images\AF1645.jpg,scut_fbp5500,portrait_score,unassigned,3.333333333333333,3.333333333333333,0.6013168224022631,60
AF1646,datasets\processed\scut_fbp5500\images\AF1646.jpg,scut_fbp5500,portrait_score,unassigned,4.383333333333334,4.383333333333334,0.7152495514881186,60
AF1647,datasets\processed\scut_fbp5500\images\AF1647.jpg,scut_fbp5500,portrait_score,unassigned,3.633333333333333,3.633333333333333,0.7122812876724767,60
AF1648,datasets\processed\scut_fbp5500\images\AF1648.jpg,scut_fbp5500,portrait_score,unassigned,3.2,3.2,0.605063380907533,60
AF1649,datasets\processed\scut_fbp5500\images\AF1649.jpg,scut_fbp5500,portrait_score,unassigned,3.283333333333333,3.283333333333333,0.5551505114790765,60
AF165,datasets\processed\scut_fbp5500\images\AF165.jpg,scut_fbp5500,portrait_score,unassigned,2.6,2.6,0.693798192706921,60
AF1650,datasets\processed\scut_fbp5500\images\AF1650.jpg,scut_fbp5500,portrait_score,unassigned,3.2,3.2,0.6587095756740946,60
AF1651,datasets\processed\scut_fbp5500\images\AF1651.jpg,scut_fbp5500,portrait_score,unassigned,1.8,1.8,0.6587095756740946,60
AF1652,datasets\processed\scut_fbp5500\images\AF1652.jpg,scut_fbp5500,portrait_score,unassigned,4.066666666666666,4.066666666666666,0.6604227374117246,60
AF1653,datasets\processed\scut_fbp5500\images\AF1653.jpg,scut_fbp5500,portrait_score,unassigned,2.6166666666666667,2.6166666666666667,0.6131791749276647,60
AF1654,datasets\processed\scut_fbp5500\images\AF1654.jpg,scut_fbp5500,portrait_score,unassigned,2.966666666666667,2.966666666666667,0.5513209612012653,60
AF1655,datasets\processed\scut_fbp5500\images\AF1655.jpg,scut_fbp5500,portrait_score,unassigned,3.0,3.0,0.5207556439232954,60
AF1656,datasets\processed\scut_fbp5500\images\AF1656.jpg,scut_fbp5500,portrait_score,unassigned,4.05,4.05,0.6745996929755541,60
AF1657,datasets\processed\scut_fbp5500\images\AF1657.jpg,scut_fbp5500,portrait_score,unassigned,3.316666666666667,3.316666666666667,0.6241378234003049,60
AF1658,datasets\processed\scut_fbp5500\images\AF1658.jpg,scut_fbp5500,portrait_score,unassigned,3.1333333333333333,3.1333333333333333,0.4304773332746763,60
AF1659,datasets\processed\scut_fbp5500\images\AF1659.jpg,scut_fbp5500,portrait_score,unassigned,3.566666666666667,3.566666666666667,0.6474635430261866,60
AF166,datasets\processed\scut_fbp5500\images\AF166.jpg,scut_fbp5500,portrait_score,unassigned,2.7,2.7,0.5614750549117348,60
AF1660,datasets\processed\scut_fbp5500\images\AF1660.jpg,scut_fbp5500,portrait_score,unassigned,3.7,3.7,0.7201694715805511,60
AF1661,datasets\processed\scut_fbp5500\images\AF1661.jpg,scut_fbp5500,portrait_score,unassigned,3.683333333333333,3.683333333333333,0.7476894729916949,60
AF1662,datasets\processed\scut_fbp5500\images\AF1662.jpg,scut_fbp5500,portrait_score,unassigned,3.2333333333333334,3.2333333333333334,0.6207340287621398,60
AF1663,datasets\processed\scut_fbp5500\images\AF1663.jpg,scut_fbp5500,portrait_score,unassigned,3.55,3.55,0.5944660045019181,60
AF1664,datasets\processed\scut_fbp5500\images\AF1664.jpg,scut_fbp5500,portrait_score,unassigned,3.2666666666666666,3.2666666666666666,0.5783280010825677,60
AF1665,datasets\processed\scut_fbp5500\images\AF1665.jpg,scut_fbp5500,portrait_score,unassigned,3.6166666666666663,3.6166666666666663,0.6661721329614915,60
AF1666,datasets\processed\scut_fbp5500\images\AF1666.jpg,scut_fbp5500,portrait_score,unassigned,3.466666666666667,3.466666666666667,0.5956528014598821,60
AF1667,datasets\processed\scut_fbp5500\images\AF1667.jpg,scut_fbp5500,portrait_score,unassigned,3.8,3.8,0.6587095756740946,60
AF1668,datasets\processed\scut_fbp5500\images\AF1668.jpg,scut_fbp5500,portrait_score,unassigned,4.066666666666666,4.066666666666666,0.7098977407062842,60
AF1669,datasets\processed\scut_fbp5500\images\AF1669.jpg,scut_fbp5500,portrait_score,unassigned,4.0,4.0,0.6106401198187059,60
AF167,datasets\processed\scut_fbp5500\images\AF167.jpg,scut_fbp5500,portrait_score,unassigned,2.6166666666666667,2.6166666666666667,0.6131791749276647,60
AF1670,datasets\processed\scut_fbp5500\images\AF1670.jpg,scut_fbp5500,portrait_score,unassigned,3.966666666666667,3.966666666666667,0.6880743620304538,60
AF1671,datasets\processed\scut_fbp5500\images\AF1671.jpg,scut_fbp5500,portrait_score,unassigned,3.5,3.5,0.6509445549041193,60
AF1672,datasets\processed\scut_fbp5500\images\AF1672.jpg,scut_fbp5500,portrait_score,unassigned,3.2,3.2,0.731842346642351,60
AF1673,datasets\processed\scut_fbp5500\images\AF1673.jpg,scut_fbp5500,portrait_score,unassigned,3.95,3.95,0.7461766955734742,60
AF1674,datasets\processed\scut_fbp5500\images\AF1674.jpg,scut_fbp5500,portrait_score,unassigned,4.066666666666666,4.066666666666666,0.6604227374117243,60
AF1675,datasets\processed\scut_fbp5500\images\AF1675.jpg,scut_fbp5500,portrait_score,unassigned,4.5,4.5,0.5367826312580717,60
AF1676,datasets\processed\scut_fbp5500\images\AF1676.jpg,scut_fbp5500,portrait_score,unassigned,4.416666666666667,4.416666666666667,0.7874366623260194,60
AF1677,datasets\processed\scut_fbp5500\images\AF1677.jpg,scut_fbp5500,portrait_score,unassigned,3.25,3.25,0.6541911813032298,60
AF1678,datasets\processed\scut_fbp5500\images\AF1678.jpg,scut_fbp5500,portrait_score,unassigned,3.35,3.35,0.684575830567082,60
AF1679,datasets\processed\scut_fbp5500\images\AF1679.jpg,scut_fbp5500,portrait_score,unassigned,2.9833333333333334,2.9833333333333334,0.390204929499423,60
AF168,datasets\processed\scut_fbp5500\images\AF168.jpg,scut_fbp5500,portrait_score,unassigned,2.55,2.55,0.5944660045019182,60
AF1680,datasets\processed\scut_fbp5500\images\AF1680.jpg,scut_fbp5500,portrait_score,unassigned,3.683333333333333,3.683333333333333,0.7476894729916951,60
AF1681,datasets\processed\scut_fbp5500\images\AF1681.jpg,scut_fbp5500,portrait_score,unassigned,2.716666666666667,2.716666666666667,0.6131791749276646,60
AF1682,datasets\processed\scut_fbp5500\images\AF1682.jpg,scut_fbp5500,portrait_score,unassigned,3.883333333333333,3.883333333333333,0.7385663314751767,60
AF1683,datasets\processed\scut_fbp5500\images\AF1683.jpg,scut_fbp5500,portrait_score,unassigned,4.333333333333333,4.333333333333333,0.6013168224022629,60
AF1684,datasets\processed\scut_fbp5500\images\AF1684.jpg,scut_fbp5500,portrait_score,unassigned,4.433333333333334,4.433333333333334,0.5928004971139371,60
AF1685,datasets\processed\scut_fbp5500\images\AF1685.jpg,scut_fbp5500,portrait_score,unassigned,3.8333333333333335,3.8333333333333335,0.7170246117012377,60
AF1686,datasets\processed\scut_fbp5500\images\AF1686.jpg,scut_fbp5500,portrait_score,unassigned,3.6166666666666663,3.6166666666666663,0.6131791749276648,60
AF1687,datasets\processed\scut_fbp5500\images\AF1687.jpg,scut_fbp5500,portrait_score,unassigned,3.733333333333333,3.733333333333333,0.5783280010825674,60
AF1688,datasets\processed\scut_fbp5500\images\AF1688.jpg,scut_fbp5500,portrait_score,unassigned,4.266666666666667,4.266666666666667,0.5783280010825674,60
AF1689,datasets\processed\scut_fbp5500\images\AF1689.jpg,scut_fbp5500,portrait_score,unassigned,3.8333333333333335,3.8333333333333335,0.7170246117012379,60
AF169,datasets\processed\scut_fbp5500\images\AF169.jpg,scut_fbp5500,portrait_score,unassigned,2.333333333333333,2.333333333333333,0.7738669501259083,60
AF1690,datasets\processed\scut_fbp5500\images\AF1690.jpg,scut_fbp5500,portrait_score,unassigned,3.683333333333333,3.683333333333333,0.6241378234003048,60
AF1691,datasets\processed\scut_fbp5500\images\AF1691.jpg,scut_fbp5500,portrait_score,unassigned,3.3,3.3,0.6189110173988076,60
AF1692,datasets\processed\scut_fbp5500\images\AF1692.jpg,scut_fbp5500,portrait_score,unassigned,4.25,4.25,0.6796060673505357,60
AF1693,datasets\processed\scut_fbp5500\images\AF1693.jpg,scut_fbp5500,portrait_score,unassigned,3.9,3.9,0.602255647052628,60
AF1694,datasets\processed\scut_fbp5500\images\AF1694.jpg,scut_fbp5500,portrait_score,unassigned,3.65,3.65,0.8601340061144986,60
AF1695,datasets\processed\scut_fbp5500\images\AF1695.jpg,scut_fbp5500,portrait_score,unassigned,4.316666666666666,4.316666666666666,0.5365194379932873,60
AF1696,datasets\processed\scut_fbp5500\images\AF1696.jpg,scut_fbp5500,portrait_score,unassigned,4.0,4.0,0.6888949638271722,60
AF1697,datasets\processed\scut_fbp5500\images\AF1697.jpg,scut_fbp5500,portrait_score,unassigned,4.016666666666667,4.016666666666667,0.5365194379932873,60
AF1698,datasets\processed\scut_fbp5500\images\AF1698.jpg,scut_fbp5500,portrait_score,unassigned,3.25,3.25,0.5407151573203143,60
AF1699,datasets\processed\scut_fbp5500\images\AF1699.jpg,scut_fbp5500,portrait_score,unassigned,3.4,3.4,0.7410482726333564,60
AF17,datasets\processed\scut_fbp5500\images\AF17.jpg,scut_fbp5500,portrait_score,unassigned,2.933333333333333,2.933333333333333,0.4061671471357935,60
AF170,datasets\processed\scut_fbp5500\images\AF170.jpg,scut_fbp5500,portrait_score,unassigned,2.3833333333333333,2.3833333333333333,0.6661721329614916,60
AF1700,datasets\processed\scut_fbp5500\images\AF1700.jpg,scut_fbp5500,portrait_score,unassigned,3.05,3.05,0.5652358139960072,60
AF1701,datasets\processed\scut_fbp5500\images\AF1701.jpg,scut_fbp5500,portrait_score,unassigned,3.333333333333333,3.333333333333333,0.6013168224022633,60
AF1702,datasets\processed\scut_fbp5500\images\AF1702.jpg,scut_fbp5500,portrait_score,unassigned,2.316666666666667,2.316666666666667,0.650727537210172,60
AF1703,datasets\processed\scut_fbp5500\images\AF1703.jpg,scut_fbp5500,portrait_score,unassigned,4.016666666666667,4.016666666666667,0.6762726024084973,60
AF1704,datasets\processed\scut_fbp5500\images\AF1704.jpg,scut_fbp5500,portrait_score,unassigned,2.1666666666666665,2.1666666666666665,0.6929833971319694,60
AF1705,datasets\processed\scut_fbp5500\images\AF1705.jpg,scut_fbp5500,portrait_score,unassigned,3.1333333333333333,3.1333333333333333,0.747122540414543,60
AF1706,datasets\processed\scut_fbp5500\images\AF1706.jpg,scut_fbp5500,portrait_score,unassigned,3.5,3.5,0.7010887416930995,60
AF1707,datasets\processed\scut_fbp5500\images\AF1707.jpg,scut_fbp5500,portrait_score,unassigned,3.1,3.1,0.8772066606129532,60
AF1708,datasets\processed\scut_fbp5500\images\AF1708.jpg,scut_fbp5500,portrait_score,unassigned,2.75,2.75,0.7729538324626147,60
AF1709,datasets\processed\scut_fbp5500\images\AF1709.jpg,scut_fbp5500,portrait_score,unassigned,3.2666666666666666,3.2666666666666666,0.6604227374117245,60
AF171,datasets\processed\scut_fbp5500\images\AF171.jpg,scut_fbp5500,portrait_score,unassigned,2.966666666666667,2.966666666666667,0.5513209612012653,60
AF1710,datasets\processed\scut_fbp5500\images\AF1710.jpg,scut_fbp5500,portrait_score,unassigned,3.716666666666667,3.716666666666667,0.6911465950282971,60
AF1711,datasets\processed\scut_fbp5500\images\AF1711.jpg,scut_fbp5500,portrait_score,unassigned,3.8666666666666663,3.8666666666666663,0.7911944770819445,60
AF1712,datasets\processed\scut_fbp5500\images\AF1712.jpg,scut_fbp5500,portrait_score,unassigned,3.5,3.5,0.6509445549041193,60
AF1713,datasets\processed\scut_fbp5500\images\AF1713.jpg,scut_fbp5500,portrait_score,unassigned,3.8,3.8,0.6839565850033842,60
AF1714,datasets\processed\scut_fbp5500\images\AF1714.jpg,scut_fbp5500,portrait_score,unassigned,3.8,3.8,0.6324555320336758,60
AF1715,datasets\processed\scut_fbp5500\images\AF1715.jpg,scut_fbp5500,portrait_score,unassigned,2.583333333333333,2.583333333333333,0.6712413662397545,60
AF1716,datasets\processed\scut_fbp5500\images\AF1716.jpg,scut_fbp5500,portrait_score,unassigned,3.45,3.45,0.6489887831680654,60
AF1717,datasets\processed\scut_fbp5500\images\AF1717.jpg,scut_fbp5500,portrait_score,unassigned,3.883333333333333,3.883333333333333,0.6402241838994507,60
AF1718,datasets\processed\scut_fbp5500\images\AF1718.jpg,scut_fbp5500,portrait_score,unassigned,3.75,3.75,0.6541911813032297,60
AF1719,datasets\processed\scut_fbp5500\images\AF1719.jpg,scut_fbp5500,portrait_score,unassigned,3.883333333333333,3.883333333333333,0.7385663314751768,60
AF172,datasets\processed\scut_fbp5500\images\AF172.jpg,scut_fbp5500,portrait_score,unassigned,2.3833333333333333,2.3833333333333333,0.6402241838994503,60
AF1720,datasets\processed\scut_fbp5500\images\AF1720.jpg,scut_fbp5500,portrait_score,unassigned,3.566666666666667,3.566666666666667,0.6474635430261866,60
AF1721,datasets\processed\scut_fbp5500\images\AF1721.jpg,scut_fbp5500,portrait_score,unassigned,2.933333333333333,2.933333333333333,0.7782350014707153,60
AF1722,datasets\processed\scut_fbp5500\images\AF1722.jpg,scut_fbp5500,portrait_score,unassigned,3.4,3.4,0.7635776630164264,60
AF1723,datasets\processed\scut_fbp5500\images\AF1723.jpg,scut_fbp5500,portrait_score,unassigned,4.066666666666666,4.066666666666666,0.6604227374117243,60
AF1724,datasets\processed\scut_fbp5500\images\AF1724.jpg,scut_fbp5500,portrait_score,unassigned,3.716666666666667,3.716666666666667,0.7385663314751766,60
AF1725,datasets\processed\scut_fbp5500\images\AF1725.jpg,scut_fbp5500,portrait_score,unassigned,3.3666666666666667,3.3666666666666667,0.7122812876724769,60
AF1726,datasets\processed\scut_fbp5500\images\AF1726.jpg,scut_fbp5500,portrait_score,unassigned,4.316666666666666,4.316666666666666,0.650727537210172,60
AF1727,datasets\processed\scut_fbp5500\images\AF1727.jpg,scut_fbp5500,portrait_score,unassigned,2.816666666666667,2.816666666666667,0.6507275372101722,60
AF1728,datasets\processed\scut_fbp5500\images\AF1728.jpg,scut_fbp5500,portrait_score,unassigned,3.7,3.7,0.6189110173988076,60
AF1729,datasets\processed\scut_fbp5500\images\AF1729.jpg,scut_fbp5500,portrait_score,unassigned,3.1333333333333333,3.1333333333333333,0.5030977485864634,60
AF173,datasets\processed\scut_fbp5500\images\AF173.jpg,scut_fbp5500,portrait_score,unassigned,2.316666666666667,2.316666666666667,0.6241378234003048,60
AF1730,datasets\processed\scut_fbp5500\images\AF1730.jpg,scut_fbp5500,portrait_score,unassigned,4.066666666666666,4.066666666666666,0.5783280010825674,60
AF1731,datasets\processed\scut_fbp5500\images\AF1731.jpg,scut_fbp5500,portrait_score,unassigned,3.45,3.45,0.6489887831680654,60
AF1732,datasets\processed\scut_fbp5500\images\AF1732.jpg,scut_fbp5500,portrait_score,unassigned,4.2,4.2,0.6324555320336759,60
AF1733,datasets\processed\scut_fbp5500\images\AF1733.jpg,scut_fbp5500,portrait_score,unassigned,4.0,4.0,0.7130740328122923,60
AF1734,datasets\processed\scut_fbp5500\images\AF1734.jpg,scut_fbp5500,portrait_score,unassigned,3.8333333333333335,3.8333333333333335,0.668077602989218,60
AF1735,datasets\processed\scut_fbp5500\images\AF1735.jpg,scut_fbp5500,portrait_score,unassigned,3.883333333333333,3.883333333333333,0.6131791749276648,60
AF1736,datasets\processed\scut_fbp5500\images\AF1736.jpg,scut_fbp5500,portrait_score,unassigned,3.533333333333333,3.533333333333333,0.6500760494407537,60
AF1737,datasets\processed\scut_fbp5500\images\AF1737.jpg,scut_fbp5500,portrait_score,unassigned,3.716666666666667,3.716666666666667,0.6661721329614916,60
AF1738,datasets\processed\scut_fbp5500\images\AF1738.jpg,scut_fbp5500,portrait_score,unassigned,2.816666666666667,2.816666666666667,0.4314605336417173,60
AF1739,datasets\processed\scut_fbp5500\images\AF1739.jpg,scut_fbp5500,portrait_score,unassigned,2.283333333333333,2.283333333333333,0.6402241838994506,60
AF174,datasets\processed\scut_fbp5500\images\AF174.jpg,scut_fbp5500,portrait_score,unassigned,2.083333333333333,2.083333333333333,0.6960339624157417,60
AF1740,datasets\processed\scut_fbp5500\images\AF1740.jpg,scut_fbp5500,portrait_score,unassigned,4.2,4.2,0.6324555320336758,60
AF1741,datasets\processed\scut_fbp5500\images\AF1741.jpg,scut_fbp5500,portrait_score,unassigned,3.883333333333333,3.883333333333333,0.6661721329614916,60
AF1742,datasets\processed\scut_fbp5500\images\AF1742.jpg,scut_fbp5500,portrait_score,unassigned,3.6,3.6,0.6689227362847253,60
AF1743,datasets\processed\scut_fbp5500\images\AF1743.jpg,scut_fbp5500,portrait_score,unassigned,2.6166666666666667,2.6166666666666667,0.6911465950282972,60
AF1744,datasets\processed\scut_fbp5500\images\AF1744.jpg,scut_fbp5500,portrait_score,unassigned,3.0166666666666666,3.0166666666666666,0.7008872504569527,60
AF1745,datasets\processed\scut_fbp5500\images\AF1745.jpg,scut_fbp5500,portrait_score,unassigned,2.966666666666667,2.966666666666667,0.6880743620304537,60
AF1746,datasets\processed\scut_fbp5500\images\AF1746.jpg,scut_fbp5500,portrait_score,unassigned,3.566666666666667,3.566666666666667,0.6474635430261867,60
AF1747,datasets\processed\scut_fbp5500\images\AF1747.jpg,scut_fbp5500,portrait_score,unassigned,3.6,3.6,0.6937981927069209,60
AF1748,datasets\processed\scut_fbp5500\images\AF1748.jpg,scut_fbp5500,portrait_score,unassigned,3.883333333333333,3.883333333333333,0.6661721329614916,60
AF1749,datasets\processed\scut_fbp5500\images\AF1749.jpg,scut_fbp5500,portrait_score,unassigned,3.1666666666666665,3.1666666666666665,0.5261522196019803,60
AF175,datasets\processed\scut_fbp5500\images\AF175.jpg,scut_fbp5500,portrait_score,unassigned,3.0,3.0,0.5523447707389941,60
AF1750,datasets\processed\scut_fbp5500\images\AF1750.jpg,scut_fbp5500,portrait_score,unassigned,1.7833333333333334,1.7833333333333334,0.5848849420870963,60
AF1751,datasets\processed\scut_fbp5500\images\AF1751.jpg,scut_fbp5500,portrait_score,unassigned,3.65,3.65,0.6845758305670818,60
AF1752,datasets\processed\scut_fbp5500\images\AF1752.jpg,scut_fbp5500,portrait_score,unassigned,4.1,4.1,0.729522713718023,60
AF1753,datasets\processed\scut_fbp5500\images\AF1753.jpg,scut_fbp5500,portrait_score,unassigned,3.2666666666666666,3.2666666666666666,0.6604227374117245,60
AF1754,datasets\processed\scut_fbp5500\images\AF1754.jpg,scut_fbp5500,portrait_score,unassigned,3.9,3.9,0.6297699337786186,60
AF1755,datasets\processed\scut_fbp5500\images\AF1755.jpg,scut_fbp5500,portrait_score,unassigned,4.1,4.1,0.656131446111426,60
AF1756,datasets\processed\scut_fbp5500\images\AF1756.jpg,scut_fbp5500,portrait_score,unassigned,4.0,4.0,0.7591252771714811,60
AF1757,datasets\processed\scut_fbp5500\images\AF1757.jpg,scut_fbp5500,portrait_score,unassigned,2.783333333333333,2.783333333333333,0.5551505114790766,60
AF1758,datasets\processed\scut_fbp5500\images\AF1758.jpg,scut_fbp5500,portrait_score,unassigned,2.8833333333333333,2.8833333333333333,0.6131791749276649,60
AF1759,datasets\processed\scut_fbp5500\images\AF1759.jpg,scut_fbp5500,portrait_score,unassigned,3.983333333333333,3.983333333333333,0.650727537210172,60
AF176,datasets\processed\scut_fbp5500\images\AF176.jpg,scut_fbp5500,portrait_score,unassigned,2.1166666666666667,2.1166666666666667,0.6402241838994507,60
AF1760,datasets\processed\scut_fbp5500\images\AF1760.jpg,scut_fbp5500,portrait_score,unassigned,2.283333333333333,2.283333333333333,0.7611691868917492,60
AF1761,datasets\processed\scut_fbp5500\images\AF1761.jpg,scut_fbp5500,portrait_score,unassigned,3.883333333333333,3.883333333333333,0.6911465950282972,60
AF1762,datasets\processed\scut_fbp5500\images\AF1762.jpg,scut_fbp5500,portrait_score,unassigned,3.783333333333333,3.783333333333333,0.8847419745789847,60
AF1763,datasets\processed\scut_fbp5500\images\AF1763.jpg,scut_fbp5500,portrait_score,unassigned,3.8,3.8,0.6587095756740946,60
AF1764,datasets\processed\scut_fbp5500\images\AF1764.jpg,scut_fbp5500,portrait_score,unassigned,3.566666666666667,3.566666666666667,0.592800497113937,60
AF1765,datasets\processed\scut_fbp5500\images\AF1765.jpg,scut_fbp5500,portrait_score,unassigned,4.0,4.0,0.6106401198187058,60
AF1766,datasets\processed\scut_fbp5500\images\AF1766.jpg,scut_fbp5500,portrait_score,unassigned,4.066666666666666,4.066666666666666,0.7333846926031609,60
AF1767,datasets\processed\scut_fbp5500\images\AF1767.jpg,scut_fbp5500,portrait_score,unassigned,3.95,3.95,0.6489887831680652,60
AF1768,datasets\processed\scut_fbp5500\images\AF1768.jpg,scut_fbp5500,portrait_score,unassigned,1.6666666666666667,1.6666666666666667,0.7738669501259082,60
AF1769,datasets\processed\scut_fbp5500\images\AF1769.jpg,scut_fbp5500,portrait_score,unassigned,3.8333333333333335,3.8333333333333335,0.7170246117012379,60
AF177,datasets\processed\scut_fbp5500\images\AF177.jpg,scut_fbp5500,portrait_score,unassigned,1.7333333333333334,1.7333333333333334,0.7561424551163481,60
AF1770,datasets\processed\scut_fbp5500\images\AF1770.jpg,scut_fbp5500,portrait_score,unassigned,4.116666666666666,4.116666666666666,0.6661721329614915,60
AF1771,datasets\processed\scut_fbp5500\images\AF1771.jpg,scut_fbp5500,portrait_score,unassigned,1.6666666666666667,1.6666666666666667,0.6552698154756149,60
AF1772,datasets\processed\scut_fbp5500\images\AF1772.jpg,scut_fbp5500,portrait_score,unassigned,3.5,3.5,0.5367826312580717,60
AF1773,datasets\processed\scut_fbp5500\images\AF1773.jpg,scut_fbp5500,portrait_score,unassigned,2.566666666666667,2.566666666666667,0.5928004971139371,60
AF1774,datasets\processed\scut_fbp5500\images\AF1774.jpg,scut_fbp5500,portrait_score,unassigned,3.0166666666666666,3.0166666666666666,0.503939284299098,60
AF1775,datasets\processed\scut_fbp5500\images\AF1775.jpg,scut_fbp5500,portrait_score,unassigned,3.933333333333333,3.933333333333333,0.6856066636017631,60
AF1776,datasets\processed\scut_fbp5500\images\AF1776.jpg,scut_fbp5500,portrait_score,unassigned,3.2333333333333334,3.2333333333333334,0.7672682483797642,60
AF1777,datasets\processed\scut_fbp5500\images\AF1777.jpg,scut_fbp5500,portrait_score,unassigned,3.683333333333333,3.683333333333333,0.7476894729916953,60
AF1778,datasets\processed\scut_fbp5500\images\AF1778.jpg,scut_fbp5500,portrait_score,unassigned,2.083333333333333,2.083333333333333,0.6454972243679028,60
AF1779,datasets\processed\scut_fbp5500\images\AF1779.jpg,scut_fbp5500,portrait_score,unassigned,3.683333333333333,3.683333333333333,0.8731720211568128,60
AF178,datasets\processed\scut_fbp5500\images\AF178.jpg,scut_fbp5500,portrait_score,unassigned,2.583333333333333,2.583333333333333,0.6454972243679031,60
AF1780,datasets\processed\scut_fbp5500\images\AF1780.jpg,scut_fbp5500,portrait_score,unassigned,3.683333333333333,3.683333333333333,0.7476894729916951,60
AF1781,datasets\processed\scut_fbp5500\images\AF1781.jpg,scut_fbp5500,portrait_score,unassigned,3.55,3.55,0.6223247830459754,60
AF1782,datasets\processed\scut_fbp5500\images\AF1782.jpg,scut_fbp5500,portrait_score,unassigned,3.25,3.25,0.5407151573203143,60
AF1783,datasets\processed\scut_fbp5500\images\AF1783.jpg,scut_fbp5500,portrait_score,unassigned,3.6166666666666663,3.6166666666666663,0.7385663314751767,60
AF1784,datasets\processed\scut_fbp5500\images\AF1784.jpg,scut_fbp5500,portrait_score,unassigned,3.05,3.05,0.5944660045019181,60
AF1785,datasets\processed\scut_fbp5500\images\AF1785.jpg,scut_fbp5500,portrait_score,unassigned,3.5166666666666666,3.5166666666666666,0.6241378234003048,60
AF1786,datasets\processed\scut_fbp5500\images\AF1786.jpg,scut_fbp5500,portrait_score,unassigned,4.066666666666666,4.066666666666666,0.6069279874259416,60
AF1787,datasets\processed\scut_fbp5500\images\AF1787.jpg,scut_fbp5500,portrait_score,unassigned,3.966666666666667,3.966666666666667,0.6880743620304537,60
AF1788,datasets\processed\scut_fbp5500\images\AF1788.jpg,scut_fbp5500,portrait_score,unassigned,4.083333333333333,4.083333333333333,0.6712413662397546,60
AF1789,datasets\processed\scut_fbp5500\images\AF1789.jpg,scut_fbp5500,portrait_score,unassigned,3.65,3.65,0.6331251516304802,60
AF179,datasets\processed\scut_fbp5500\images\AF179.jpg,scut_fbp5500,portrait_score,unassigned,2.033333333333333,2.033333333333333,0.6369063647932279,60
AF1790,datasets\processed\scut_fbp5500\images\AF1790.jpg,scut_fbp5500,portrait_score,unassigned,2.033333333333333,2.033333333333333,0.6097142055335258,60
AF1791,datasets\processed\scut_fbp5500\images\AF1791.jpg,scut_fbp5500,portrait_score,unassigned,3.9,3.9,0.5108981788502895,60
AF1792,datasets\processed\scut_fbp5500\images\AF1792.jpg,scut_fbp5500,portrait_score,unassigned,3.883333333333333,3.883333333333333,0.6131791749276648,60
AF1793,datasets\processed\scut_fbp5500\images\AF1793.jpg,scut_fbp5500,portrait_score,unassigned,4.016666666666667,4.016666666666667,0.6762726024084973,60
AF1794,datasets\processed\scut_fbp5500\images\AF1794.jpg,scut_fbp5500,portrait_score,unassigned,3.333333333333333,3.333333333333333,0.6288721857330792,60
AF1795,datasets\processed\scut_fbp5500\images\AF1795.jpg,scut_fbp5500,portrait_score,unassigned,3.3,3.3,0.5908913118102866,60
AF1796,datasets\processed\scut_fbp5500\images\AF1796.jpg,scut_fbp5500,portrait_score,unassigned,2.083333333333333,2.083333333333333,0.6960339624157419,60
AF1797,datasets\processed\scut_fbp5500\images\AF1797.jpg,scut_fbp5500,portrait_score,unassigned,3.1666666666666665,3.1666666666666665,0.7847414918554697,60
AF1798,datasets\processed\scut_fbp5500\images\AF1798.jpg,scut_fbp5500,portrait_score,unassigned,3.466666666666667,3.466666666666667,0.8726866109342772,60
AF1799,datasets\processed\scut_fbp5500\images\AF1799.jpg,scut_fbp5500,portrait_score,unassigned,3.85,3.85,0.605763280945926,60
AF18,datasets\processed\scut_fbp5500\images\AF18.jpg,scut_fbp5500,portrait_score,unassigned,2.566666666666667,2.566666666666667,0.5928004971139371,60
AF180,datasets\processed\scut_fbp5500\images\AF180.jpg,scut_fbp5500,portrait_score,unassigned,2.8,2.8,0.4801129810537007,60
AF1800,datasets\processed\scut_fbp5500\images\AF1800.jpg,scut_fbp5500,portrait_score,unassigned,3.4833333333333334,3.4833333333333334,0.7246662976417858,60
AF1801,datasets\processed\scut_fbp5500\images\AF1801.jpg,scut_fbp5500,portrait_score,unassigned,3.8666666666666663,3.8666666666666663,0.6500760494407536,60
AF1802,datasets\processed\scut_fbp5500\images\AF1802.jpg,scut_fbp5500,portrait_score,unassigned,3.85,3.85,0.8197767368650349,60
AF1803,datasets\processed\scut_fbp5500\images\AF1803.jpg,scut_fbp5500,portrait_score,unassigned,3.5166666666666666,3.5166666666666666,0.6241378234003048,60
AF1804,datasets\processed\scut_fbp5500\images\AF1804.jpg,scut_fbp5500,portrait_score,unassigned,3.65,3.65,0.732421106991123,60
AF1805,datasets\processed\scut_fbp5500\images\AF1805.jpg,scut_fbp5500,portrait_score,unassigned,3.5166666666666666,3.5166666666666666,0.5963637459756623,60
AF1806,datasets\processed\scut_fbp5500\images\AF1806.jpg,scut_fbp5500,portrait_score,unassigned,4.116666666666666,4.116666666666666,0.6131791749276648,60
AF1807,datasets\processed\scut_fbp5500\images\AF1807.jpg,scut_fbp5500,portrait_score,unassigned,2.716666666666667,2.716666666666667,0.6131791749276648,60
AF1808,datasets\processed\scut_fbp5500\images\AF1808.jpg,scut_fbp5500,portrait_score,unassigned,3.8,3.8,0.6324555320336758,60
AF1809,datasets\processed\scut_fbp5500\images\AF1809.jpg,scut_fbp5500,portrait_score,unassigned,2.8666666666666667,2.8666666666666667,0.4304773332746763,60
AF181,datasets\processed\scut_fbp5500\images\AF181.jpg,scut_fbp5500,portrait_score,unassigned,2.9,2.9,0.4765696633943422,60
AF1810,datasets\processed\scut_fbp5500\images\AF1810.jpg,scut_fbp5500,portrait_score,unassigned,2.583333333333333,2.583333333333333,0.6454972243679028,60
AF1811,datasets\processed\scut_fbp5500\images\AF1811.jpg,scut_fbp5500,portrait_score,unassigned,3.3,3.3,0.6457159999120148,60
AF1812,datasets\processed\scut_fbp5500\images\AF1812.jpg,scut_fbp5500,portrait_score,unassigned,3.816666666666667,3.816666666666667,0.7700245795475265,60
AF1813,datasets\processed\scut_fbp5500\images\AF1813.jpg,scut_fbp5500,portrait_score,unassigned,3.883333333333333,3.883333333333333,0.8044719642367523,60
AF1814,datasets\processed\scut_fbp5500\images\AF1814.jpg,scut_fbp5500,portrait_score,unassigned,3.1166666666666667,3.1166666666666667,0.6911465950282971,60
AF1815,datasets\processed\scut_fbp5500\images\AF1815.jpg,scut_fbp5500,portrait_score,unassigned,3.05,3.05,0.768555766422772,60
AF1816,datasets\processed\scut_fbp5500\images\AF1816.jpg,scut_fbp5500,portrait_score,unassigned,4.566666666666666,4.566666666666666,0.5325559305923082,60
AF1817,datasets\processed\scut_fbp5500\images\AF1817.jpg,scut_fbp5500,portrait_score,unassigned,3.15,3.15,0.6331251516304803,60
AF1818,datasets\processed\scut_fbp5500\images\AF1818.jpg,scut_fbp5500,portrait_score,unassigned,3.25,3.25,0.7945790912196153,60
AF1819,datasets\processed\scut_fbp5500\images\AF1819.jpg,scut_fbp5500,portrait_score,unassigned,2.8833333333333333,2.8833333333333333,0.454419602505485,60
AF182,datasets\processed\scut_fbp5500\images\AF182.jpg,scut_fbp5500,portrait_score,unassigned,2.316666666666667,2.316666666666667,0.6507275372101721,60
AF1820,datasets\processed\scut_fbp5500\images\AF1820.jpg,scut_fbp5500,portrait_score,unassigned,1.4166666666666667,1.4166666666666667,0.590652229740289,60
AF1821,datasets\processed\scut_fbp5500\images\AF1821.jpg,scut_fbp5500,portrait_score,unassigned,3.4833333333333334,3.4833333333333334,0.650727537210172,60
AF1822,datasets\processed\scut_fbp5500\images\AF1822.jpg,scut_fbp5500,portrait_score,unassigned,4.183333333333334,4.183333333333334,0.5963637459756622,60
AF1823,datasets\processed\scut_fbp5500\images\AF1823.jpg,scut_fbp5500,portrait_score,unassigned,3.7666666666666666,3.7666666666666666,0.6978579008061129,60
AF1824,datasets\processed\scut_fbp5500\images\AF1824.jpg,scut_fbp5500,portrait_score,unassigned,1.9833333333333332,1.9833333333333332,0.6762726024084975,60
AF1825,datasets\processed\scut_fbp5500\images\AF1825.jpg,scut_fbp5500,portrait_score,unassigned,4.016666666666667,4.016666666666667,0.650727537210172,60
AF1826,datasets\processed\scut_fbp5500\images\AF1826.jpg,scut_fbp5500,portrait_score,unassigned,4.066666666666666,4.066666666666666,0.7098977407062844,60
AF1827,datasets\processed\scut_fbp5500\images\AF1827.jpg,scut_fbp5500,portrait_score,unassigned,4.166666666666667,4.166666666666667,0.6152487898779871,60
AF1828,datasets\processed\scut_fbp5500\images\AF1828.jpg,scut_fbp5500,portrait_score,unassigned,4.083333333333333,4.083333333333333,0.7874366623260194,60
AF1829,datasets\processed\scut_fbp5500\images\AF1829.jpg,scut_fbp5500,portrait_score,unassigned,2.85,2.85,0.7324211069911228,60
AF183,datasets\processed\scut_fbp5500\images\AF183.jpg,scut_fbp5500,portrait_score,unassigned,2.6666666666666665,2.6666666666666665,0.6288721857330792,60
AF1830,datasets\processed\scut_fbp5500\images\AF1830.jpg,scut_fbp5500,portrait_score,unassigned,4.066666666666666,4.066666666666666,0.6604227374117245,60
AF1831,datasets\processed\scut_fbp5500\images\AF1831.jpg,scut_fbp5500,portrait_score,unassigned,2.8666666666666667,2.8666666666666667,0.5357290823891439,60
AF1832,datasets\processed\scut_fbp5500\images\AF1832.jpg,scut_fbp5500,portrait_score,unassigned,4.083333333333333,4.083333333333333,0.6454972243679027,60
AF1833,datasets\processed\scut_fbp5500\images\AF1833.jpg,scut_fbp5500,portrait_score,unassigned,3.55,3.55,0.5944660045019181,60
AF1834,datasets\processed\scut_fbp5500\images\AF1834.jpg,scut_fbp5500,portrait_score,unassigned,3.8,3.8,0.5763708787148328,60
AF1835,datasets\processed\scut_fbp5500\images\AF1835.jpg,scut_fbp5500,portrait_score,unassigned,3.033333333333333,3.033333333333333,0.4497331286503694,60
AF1836,datasets\processed\scut_fbp5500\images\AF1836.jpg,scut_fbp5500,portrait_score,unassigned,3.183333333333333,3.183333333333333,0.5963637459756623,60
AF1837,datasets\processed\scut_fbp5500\images\AF1837.jpg,scut_fbp5500,portrait_score,unassigned,4.466666666666667,4.466666666666667,0.535729082389144,60
AF1838,datasets\processed\scut_fbp5500\images\AF1838.jpg,scut_fbp5500,portrait_score,unassigned,3.5166666666666666,3.5166666666666666,0.6241378234003048,60
AF1839,datasets\processed\scut_fbp5500\images\AF1839.jpg,scut_fbp5500,portrait_score,unassigned,4.266666666666667,4.266666666666667,0.5163977794943223,60
AF184,datasets\processed\scut_fbp5500\images\AF184.jpg,scut_fbp5500,portrait_score,unassigned,3.2,3.2,0.576370878714833,60
AF1840,datasets\processed\scut_fbp5500\images\AF1840.jpg,scut_fbp5500,portrait_score,unassigned,2.466666666666667,2.466666666666667,0.5956528014598821,60
AF1841,datasets\processed\scut_fbp5500\images\AF1841.jpg,scut_fbp5500,portrait_score,unassigned,2.9833333333333334,2.9833333333333334,0.8128557456749853,60
AF1842,datasets\processed\scut_fbp5500\images\AF1842.jpg,scut_fbp5500,portrait_score,unassigned,3.9166666666666665,3.9166666666666665,0.6960339624157419,60
AF1843,datasets\processed\scut_fbp5500\images\AF1843.jpg,scut_fbp5500,portrait_score,unassigned,3.5,3.5,0.5674803065350238,60
AF1844,datasets\processed\scut_fbp5500\images\AF1844.jpg,scut_fbp5500,portrait_score,unassigned,4.55,4.55,0.5944660045019182,60
AF1845,datasets\processed\scut_fbp5500\images\AF1845.jpg,scut_fbp5500,portrait_score,unassigned,1.9666666666666663,1.9666666666666663,0.6629841797500676,60
AF1846,datasets\processed\scut_fbp5500\images\AF1846.jpg,scut_fbp5500,portrait_score,unassigned,3.7,3.7,0.7433319399039409,60
AF1847,datasets\processed\scut_fbp5500\images\AF1847.jpg,scut_fbp5500,portrait_score,unassigned,3.4,3.4,0.7635776630164264,60
AF1848,datasets\processed\scut_fbp5500\images\AF1848.jpg,scut_fbp5500,portrait_score,unassigned,3.466666666666667,3.466666666666667,0.7240813388775701,60
AF1849,datasets\processed\scut_fbp5500\images\AF1849.jpg,scut_fbp5500,portrait_score,unassigned,3.283333333333333,3.283333333333333,0.5848849420870962,60
AF185,datasets\processed\scut_fbp5500\images\AF185.jpg,scut_fbp5500,portrait_score,unassigned,2.15,2.15,0.7089022308339537,60
AF1850,datasets\processed\scut_fbp5500\images\AF1850.jpg,scut_fbp5500,portrait_score,unassigned,3.8,3.8,0.6050633809075329,60
AF1851,datasets\processed\scut_fbp5500\images\AF1851.jpg,scut_fbp5500,portrait_score,unassigned,2.833333333333333,2.833333333333333,0.4928872620664329,60
AF1852,datasets\processed\scut_fbp5500\images\AF1852.jpg,scut_fbp5500,portrait_score,unassigned,3.8333333333333335,3.8333333333333335,0.6680776029892179,60
AF1853,datasets\processed\scut_fbp5500\images\AF1853.jpg,scut_fbp5500,portrait_score,unassigned,1.8833333333333333,1.8833333333333333,0.7152495514881185,60
AF1854,datasets\processed\scut_fbp5500\images\AF1854.jpg,scut_fbp5500,portrait_score,unassigned,3.216666666666667,3.216666666666667,0.5848849420870962,60
AF1855,datasets\processed\scut_fbp5500\images\AF1855.jpg,scut_fbp5500,portrait_score,unassigned,3.3833333333333333,3.3833333333333333,0.7385663314751766,60
AF1856,datasets\processed\scut_fbp5500\images\AF1856.jpg,scut_fbp5500,portrait_score,unassigned,4.2,4.2,0.5142049977013224,60
AF1857,datasets\processed\scut_fbp5500\images\AF1857.jpg,scut_fbp5500,portrait_score,unassigned,4.233333333333333,4.233333333333333,0.6207340287621396,60
AF1858,datasets\processed\scut_fbp5500\images\AF1858.jpg,scut_fbp5500,portrait_score,unassigned,3.3833333333333333,3.3833333333333333,0.8252717408997374,60
AF1859,datasets\processed\scut_fbp5500\images\AF1859.jpg,scut_fbp5500,portrait_score,unassigned,1.85,1.85,0.6593525329532482,60
AF186,datasets\processed\scut_fbp5500\images\AF186.jpg,scut_fbp5500,portrait_score,unassigned,2.183333333333333,2.183333333333333,0.7476894729916951,60
AF1860,datasets\processed\scut_fbp5500\images\AF1860.jpg,scut_fbp5500,portrait_score,unassigned,3.216666666666667,3.216666666666667,0.5848849420870963,60
AF1861,datasets\processed\scut_fbp5500\images\AF1861.jpg,scut_fbp5500,portrait_score,unassigned,3.883333333333333,3.883333333333333,0.6402241838994507,60
AF1862,datasets\processed\scut_fbp5500\images\AF1862.jpg,scut_fbp5500,portrait_score,unassigned,3.033333333333333,3.033333333333333,0.7583806715217979,60
AF1863,datasets\processed\scut_fbp5500\images\AF1863.jpg,scut_fbp5500,portrait_score,unassigned,3.5,3.5,0.7248611789946814,60
AF1864,datasets\processed\scut_fbp5500\images\AF1864.jpg,scut_fbp5500,portrait_score,unassigned,3.933333333333333,3.933333333333333,0.7098977407062844,60
AF1865,datasets\processed\scut_fbp5500\images\AF1865.jpg,scut_fbp5500,portrait_score,unassigned,3.216666666666667,3.216666666666667,0.7385663314751766,60
AF1866,datasets\processed\scut_fbp5500\images\AF1866.jpg,scut_fbp5500,portrait_score,unassigned,1.45,1.45,0.5652358139960071,60
AF1867,datasets\processed\scut_fbp5500\images\AF1867.jpg,scut_fbp5500,portrait_score,unassigned,4.016666666666667,4.016666666666667,0.7008872504569525,60
AF1868,datasets\processed\scut_fbp5500\images\AF1868.jpg,scut_fbp5500,portrait_score,unassigned,3.5,3.5,0.6764814252025461,60
AF1869,datasets\processed\scut_fbp5500\images\AF1869.jpg,scut_fbp5500,portrait_score,unassigned,3.283333333333333,3.283333333333333,0.7385663314751767,60
AF187,datasets\processed\scut_fbp5500\images\AF187.jpg,scut_fbp5500,portrait_score,unassigned,3.1166666666666667,3.1166666666666667,0.5551505114790763,60
AF1870,datasets\processed\scut_fbp5500\images\AF1870.jpg,scut_fbp5500,portrait_score,unassigned,2.9833333333333334,2.9833333333333334,0.503939284299098,60
AF1871,datasets\processed\scut_fbp5500\images\AF1871.jpg,scut_fbp5500,portrait_score,unassigned,3.65,3.65,0.6593525329532484,60
AF1872,datasets\processed\scut_fbp5500\images\AF1872.jpg,scut_fbp5500,portrait_score,unassigned,3.033333333333333,3.033333333333333,0.5812513288970897,60
AF1873,datasets\processed\scut_fbp5500\images\AF1873.jpg,scut_fbp5500,portrait_score,unassigned,1.6333333333333333,1.6333333333333333,0.7356921488320418,60
AF1874,datasets\processed\scut_fbp5500\images\AF1874.jpg,scut_fbp5500,portrait_score,unassigned,3.316666666666667,3.316666666666667,0.650727537210172,60
AF1875,datasets\processed\scut_fbp5500\images\AF1875.jpg,scut_fbp5500,portrait_score,unassigned,2.2333333333333334,2.2333333333333334,0.6731324866865127,60
AF1876,datasets\processed\scut_fbp5500\images\AF1876.jpg,scut_fbp5500,portrait_score,unassigned,2.85,2.85,0.5771055773925834,60
AF1877,datasets\processed\scut_fbp5500\images\AF1877.jpg,scut_fbp5500,portrait_score,unassigned,4.05,4.05,0.7231053560389409,60
AF1878,datasets\processed\scut_fbp5500\images\AF1878.jpg,scut_fbp5500,portrait_score,unassigned,3.983333333333333,3.983333333333333,0.7246662976417857,60
AF1879,datasets\processed\scut_fbp5500\images\AF1879.jpg,scut_fbp5500,portrait_score,unassigned,3.8,3.8,0.7546466228796953,60
AF188,datasets\processed\scut_fbp5500\images\AF188.jpg,scut_fbp5500,portrait_score,unassigned,2.8833333333333333,2.8833333333333333,0.4544196025054849,60
AF1880,datasets\processed\scut_fbp5500\images\AF1880.jpg,scut_fbp5500,portrait_score,unassigned,2.466666666666667,2.466666666666667,0.6234585511256954,60
AF1881,datasets\processed\scut_fbp5500\images\AF1881.jpg,scut_fbp5500,portrait_score,unassigned,3.633333333333333,3.633333333333333,0.6369063647932279,60
AF1882,datasets\processed\scut_fbp5500\images\AF1882.jpg,scut_fbp5500,portrait_score,unassigned,3.683333333333333,3.683333333333333,0.8535403174111506,60
AF1883,datasets\processed\scut_fbp5500\images\AF1883.jpg,scut_fbp5500,portrait_score,unassigned,3.1333333333333333,3.1333333333333333,0.5030977485864634,60
AF1884,datasets\processed\scut_fbp5500\images\AF1884.jpg,scut_fbp5500,portrait_score,unassigned,2.7333333333333334,2.7333333333333334,0.4824607357929977,60
AF1885,datasets\processed\scut_fbp5500\images\AF1885.jpg,scut_fbp5500,portrait_score,unassigned,2.716666666666667,2.716666666666667,0.6402241838994506,60
AF1886,datasets\processed\scut_fbp5500\images\AF1886.jpg,scut_fbp5500,portrait_score,unassigned,2.8,2.8,0.576370878714833,60
AF1887,datasets\processed\scut_fbp5500\images\AF1887.jpg,scut_fbp5500,portrait_score,unassigned,3.9166666666666665,3.9166666666666665,0.6960339624157417,60
AF1888,datasets\processed\scut_fbp5500\images\AF1888.jpg,scut_fbp5500,portrait_score,unassigned,3.4166666666666665,3.4166666666666665,0.6454972243679027,60
AF1889,datasets\processed\scut_fbp5500\images\AF1889.jpg,scut_fbp5500,portrait_score,unassigned,3.8333333333333335,3.8333333333333335,0.6152487898779871,60
AF189,datasets\processed\scut_fbp5500\images\AF189.jpg,scut_fbp5500,portrait_score,unassigned,2.4166666666666665,2.4166666666666665,0.6186827632817329,60
AF1890,datasets\processed\scut_fbp5500\images\AF1890.jpg,scut_fbp5500,portrait_score,unassigned,1.15,1.15,0.3600847357902755,60
AF1891,datasets\processed\scut_fbp5500\images\AF1891.jpg,scut_fbp5500,portrait_score,unassigned,4.266666666666667,4.266666666666667,0.7098977407062844,60
AF1892,datasets\processed\scut_fbp5500\images\AF1892.jpg,scut_fbp5500,portrait_score,unassigned,3.7,3.7,0.6714517537598056,60
AF1893,datasets\processed\scut_fbp5500\images\AF1893.jpg,scut_fbp5500,portrait_score,unassigned,3.083333333333333,3.083333333333333,0.561223441609872,60
AF1894,datasets\processed\scut_fbp5500\images\AF1894.jpg,scut_fbp5500,portrait_score,unassigned,4.416666666666667,4.416666666666667,0.5301636033600228,60
AF1895,datasets\processed\scut_fbp5500\images\AF1895.jpg,scut_fbp5500,portrait_score,unassigned,3.8,3.8,0.8192596906219457,60
AF1896,datasets\processed\scut_fbp5500\images\AF1896.jpg,scut_fbp5500,portrait_score,unassigned,3.15,3.15,0.6593525329532485,60
AF1897,datasets\processed\scut_fbp5500\images\AF1897.jpg,scut_fbp5500,portrait_score,unassigned,3.95,3.95,0.6489887831680653,60
AF1898,datasets\processed\scut_fbp5500\images\AF1898.jpg,scut_fbp5500,portrait_score,unassigned,3.533333333333333,3.533333333333333,0.6234585511256956,60
AF1899,datasets\processed\scut_fbp5500\images\AF1899.jpg,scut_fbp5500,portrait_score,unassigned,2.9166666666666665,2.9166666666666665,0.561223441609872,60
AF19,datasets\processed\scut_fbp5500\images\AF19.jpg,scut_fbp5500,portrait_score,unassigned,3.033333333333333,3.033333333333333,0.4497331286503694,60
AF190,datasets\processed\scut_fbp5500\images\AF190.jpg,scut_fbp5500,portrait_score,unassigned,2.05,2.05,0.6992732304667879,60
AF1900,datasets\processed\scut_fbp5500\images\AF1900.jpg,scut_fbp5500,portrait_score,unassigned,3.033333333333333,3.033333333333333,0.6097142055335257,60
AF1901,datasets\processed\scut_fbp5500\images\AF1901.jpg,scut_fbp5500,portrait_score,unassigned,4.15,4.15,0.6331251516304802,60
AF1902,datasets\processed\scut_fbp5500\images\AF1902.jpg,scut_fbp5500,portrait_score,unassigned,3.683333333333333,3.683333333333333,0.5963637459756623,60
AF1903,datasets\processed\scut_fbp5500\images\AF1903.jpg,scut_fbp5500,portrait_score,unassigned,4.066666666666666,4.066666666666666,0.7782350014707157,60
AF1904,datasets\processed\scut_fbp5500\images\AF1904.jpg,scut_fbp5500,portrait_score,unassigned,3.8666666666666663,3.8666666666666663,0.7002824288999323,60
AF1905,datasets\processed\scut_fbp5500\images\AF1905.jpg,scut_fbp5500,portrait_score,unassigned,3.566666666666667,3.566666666666667,0.5634839166238778,60
AF1906,datasets\processed\scut_fbp5500\images\AF1906.jpg,scut_fbp5500,portrait_score,unassigned,3.1333333333333333,3.1333333333333333,0.5664838521990365,60
AF1907,datasets\processed\scut_fbp5500\images\AF1907.jpg,scut_fbp5500,portrait_score,unassigned,2.966666666666667,2.966666666666667,0.7804098589988461,60
AF1908,datasets\processed\scut_fbp5500\images\AF1908.jpg,scut_fbp5500,portrait_score,unassigned,4.033333333333333,4.033333333333333,0.6880743620304538,60
AF1909,datasets\processed\scut_fbp5500\images\AF1909.jpg,scut_fbp5500,portrait_score,unassigned,3.3833333333333333,3.3833333333333333,0.6661721329614917,60
AF191,datasets\processed\scut_fbp5500\images\AF191.jpg,scut_fbp5500,portrait_score,unassigned,2.6666666666666665,2.6666666666666665,0.6288721857330791,60
AF1910,datasets\processed\scut_fbp5500\images\AF1910.jpg,scut_fbp5500,portrait_score,unassigned,3.65,3.65,0.732421106991123,60
AF1911,datasets\processed\scut_fbp5500\images\AF1911.jpg,scut_fbp5500,portrait_score,unassigned,3.6666666666666665,3.6666666666666665,0.6552698154756149,60
AF1912,datasets\processed\scut_fbp5500\images\AF1912.jpg,scut_fbp5500,portrait_score,unassigned,4.033333333333333,4.033333333333333,0.5196696038591647,60
AF1913,datasets\processed\scut_fbp5500\images\AF1913.jpg,scut_fbp5500,portrait_score,unassigned,2.833333333333333,2.833333333333333,0.4184987968176888,60
AF1914,datasets\processed\scut_fbp5500\images\AF1914.jpg,scut_fbp5500,portrait_score,unassigned,3.966666666666667,3.966666666666667,0.5812513288970899,60
AF1915,datasets\processed\scut_fbp5500\images\AF1915.jpg,scut_fbp5500,portrait_score,unassigned,3.466666666666667,3.466666666666667,0.5956528014598819,60
AF1916,datasets\processed\scut_fbp5500\images\AF1916.jpg,scut_fbp5500,portrait_score,unassigned,3.1666666666666665,3.1666666666666665,0.4928872620664332,60
AF1917,datasets\processed\scut_fbp5500\images\AF1917.jpg,scut_fbp5500,portrait_score,unassigned,2.933333333333333,2.933333333333333,0.5163977794943222,60
AF1918,datasets\processed\scut_fbp5500\images\AF1918.jpg,scut_fbp5500,portrait_score,unassigned,2.9833333333333334,2.9833333333333334,0.5039392842990981,60
AF1919,datasets\processed\scut_fbp5500\images\AF1919.jpg,scut_fbp5500,portrait_score,unassigned,4.016666666666667,4.016666666666667,0.6507275372101721,60
AF192,datasets\processed\scut_fbp5500\images\AF192.jpg,scut_fbp5500,portrait_score,unassigned,2.1666666666666665,2.1666666666666665,0.7628374033532979,60
AF1920,datasets\processed\scut_fbp5500\images\AF1920.jpg,scut_fbp5500,portrait_score,unassigned,3.5,3.5,0.7248611789946812,60
AF1921,datasets\processed\scut_fbp5500\images\AF1921.jpg,scut_fbp5500,portrait_score,unassigned,2.466666666666667,2.466666666666667,0.6756457467795108,60
AF1922,datasets\processed\scut_fbp5500\images\AF1922.jpg,scut_fbp5500,portrait_score,unassigned,3.3833333333333333,3.3833333333333333,0.7385663314751768,60
AF1923,datasets\processed\scut_fbp5500\images\AF1923.jpg,scut_fbp5500,portrait_score,unassigned,3.0,3.0,0.7364596943186587,60
AF1924,datasets\processed\scut_fbp5500\images\AF1924.jpg,scut_fbp5500,portrait_score,unassigned,2.3,2.3,0.6189110173988075,60
AF1925,datasets\processed\scut_fbp5500\images\AF1925.jpg,scut_fbp5500,portrait_score,unassigned,3.35,3.35,0.6057632809459259,60
AF1926,datasets\processed\scut_fbp5500\images\AF1926.jpg,scut_fbp5500,portrait_score,unassigned,3.6,3.6,0.7410482726333565,60
AF1927,datasets\processed\scut_fbp5500\images\AF1927.jpg,scut_fbp5500,portrait_score,unassigned,4.2,4.2,0.7546466228796952,60
AF1928,datasets\processed\scut_fbp5500\images\AF1928.jpg,scut_fbp5500,portrait_score,unassigned,2.966666666666667,2.966666666666667,0.5812513288970897,60
AF1929,datasets\processed\scut_fbp5500\images\AF1929.jpg,scut_fbp5500,portrait_score,unassigned,3.7,3.7,0.6457159999120147,60
AF193,datasets\processed\scut_fbp5500\images\AF193.jpg,scut_fbp5500,portrait_score,unassigned,2.1333333333333333,2.1333333333333333,0.7240813388775701,60
AF1930,datasets\processed\scut_fbp5500\images\AF1930.jpg,scut_fbp5500,portrait_score,unassigned,3.716666666666667,3.716666666666667,0.6402241838994507,60
AF1931,datasets\processed\scut_fbp5500\images\AF1931.jpg,scut_fbp5500,portrait_score,unassigned,1.8666666666666667,1.8666666666666667,0.7471225404145427,60
AF1932,datasets\processed\scut_fbp5500\images\AF1932.jpg,scut_fbp5500,portrait_score,unassigned,2.783333333333333,2.783333333333333,0.6402241838994505,60
AF1933,datasets\processed\scut_fbp5500\images\AF1933.jpg,scut_fbp5500,portrait_score,unassigned,3.1166666666666667,3.1166666666666667,0.6131791749276647,60
AF1934,datasets\processed\scut_fbp5500\images\AF1934.jpg,scut_fbp5500,portrait_score,unassigned,2.45,2.45,0.6223247830459754,60
AF1935,datasets\processed\scut_fbp5500\images\AF1935.jpg,scut_fbp5500,portrait_score,unassigned,1.4,1.4,0.5584482131582669,60
AF1936,datasets\processed\scut_fbp5500\images\AF1936.jpg,scut_fbp5500,portrait_score,unassigned,3.4833333333333334,3.4833333333333334,0.5963637459756623,60
AF1937,datasets\processed\scut_fbp5500\images\AF1937.jpg,scut_fbp5500,portrait_score,unassigned,3.2,3.2,0.5763708787148327,60
AF1938,datasets\processed\scut_fbp5500\images\AF1938.jpg,scut_fbp5500,portrait_score,unassigned,2.216666666666667,2.216666666666667,0.6911465950282972,60
AF1939,datasets\processed\scut_fbp5500\images\AF1939.jpg,scut_fbp5500,portrait_score,unassigned,3.433333333333333,3.433333333333333,0.7672682483797642,60
AF194,datasets\processed\scut_fbp5500\images\AF194.jpg,scut_fbp5500,portrait_score,unassigned,2.783333333333333,2.783333333333333,0.6131791749276648,60
AF1940,datasets\processed\scut_fbp5500\images\AF1940.jpg,scut_fbp5500,portrait_score,unassigned,2.65,2.65,0.6331251516304801,60
AF1941,datasets\processed\scut_fbp5500\images\AF1941.jpg,scut_fbp5500,portrait_score,unassigned,3.1333333333333333,3.1333333333333333,0.535729082389144,60
AF1942,datasets\processed\scut_fbp5500\images\AF1942.jpg,scut_fbp5500,portrait_score,unassigned,2.466666666666667,2.466666666666667,0.595652801459882,60
AF1943,datasets\processed\scut_fbp5500\images\AF1943.jpg,scut_fbp5500,portrait_score,unassigned,3.6666666666666665,3.6666666666666665,0.601316822402263,60
AF1944,datasets\processed\scut_fbp5500\images\AF1944.jpg,scut_fbp5500,portrait_score,unassigned,3.216666666666667,3.216666666666667,0.6131791749276649,60
AF1945,datasets\processed\scut_fbp5500\images\AF1945.jpg,scut_fbp5500,portrait_score,unassigned,3.066666666666667,3.066666666666667,0.6069279874259417,60
AF1946,datasets\processed\scut_fbp5500\images\AF1946.jpg,scut_fbp5500,portrait_score,unassigned,1.7,1.7,0.720169471580551,60
AF1947,datasets\processed\scut_fbp5500\images\AF1947.jpg,scut_fbp5500,portrait_score,unassigned,3.466666666666667,3.466666666666667,0.891896981712967,60
AF1948,datasets\processed\scut_fbp5500\images\AF1948.jpg,scut_fbp5500,portrait_score,unassigned,2.7666666666666666,2.7666666666666666,0.4997174342809082,60
AF1949,datasets\processed\scut_fbp5500\images\AF1949.jpg,scut_fbp5500,portrait_score,unassigned,4.016666666666667,4.016666666666667,0.5672313570575753,60
AF195,datasets\processed\scut_fbp5500\images\AF195.jpg,scut_fbp5500,portrait_score,unassigned,2.9,2.9,0.3991516427353206,60
AF1950,datasets\processed\scut_fbp5500\images\AF1950.jpg,scut_fbp5500,portrait_score,unassigned,2.816666666666667,2.816666666666667,0.5672313570575754,60
AF1951,datasets\processed\scut_fbp5500\images\AF1951.jpg,scut_fbp5500,portrait_score,unassigned,2.9,2.9,0.6022556470526279,60
AF1952,datasets\processed\scut_fbp5500\images\AF1952.jpg,scut_fbp5500,portrait_score,unassigned,3.033333333333333,3.033333333333333,0.6369063647932279,60
AF1953,datasets\processed\scut_fbp5500\images\AF1953.jpg,scut_fbp5500,portrait_score,unassigned,2.316666666666667,2.316666666666667,0.6762726024084974,60
AF1954,datasets\processed\scut_fbp5500\images\AF1954.jpg,scut_fbp5500,portrait_score,unassigned,2.783333333333333,2.783333333333333,0.6131791749276649,60
AF1955,datasets\processed\scut_fbp5500\images\AF1955.jpg,scut_fbp5500,portrait_score,unassigned,3.883333333333333,3.883333333333333,0.7152495514881186,60
AF1956,datasets\processed\scut_fbp5500\images\AF1956.jpg,scut_fbp5500,portrait_score,unassigned,3.5166666666666666,3.5166666666666666,0.650727537210172,60
AF1957,datasets\processed\scut_fbp5500\images\AF1957.jpg,scut_fbp5500,portrait_score,unassigned,3.4,3.4,0.6689227362847252,60
AF1958,datasets\processed\scut_fbp5500\images\AF1958.jpg,scut_fbp5500,portrait_score,unassigned,4.05,4.05,0.699273230466788,60
AF1959,datasets\processed\scut_fbp5500\images\AF1959.jpg,scut_fbp5500,portrait_score,unassigned,1.0333333333333334,1.0333333333333334,0.1810203347193925,60
AF196,datasets\processed\scut_fbp5500\images\AF196.jpg,scut_fbp5500,portrait_score,unassigned,2.95,2.95,0.5944660045019181,60
AF1960,datasets\processed\scut_fbp5500\images\AF1960.jpg,scut_fbp5500,portrait_score,unassigned,2.3833333333333333,2.3833333333333333,0.6402241838994505,60
AF1961,datasets\processed\scut_fbp5500\images\AF1961.jpg,scut_fbp5500,portrait_score,unassigned,2.6666666666666665,2.6666666666666665,0.6288721857330792,60
AF1962,datasets\processed\scut_fbp5500\images\AF1962.jpg,scut_fbp5500,portrait_score,unassigned,3.6166666666666663,3.6166666666666663,0.7152495514881185,60
AF1963,datasets\processed\scut_fbp5500\images\AF1963.jpg,scut_fbp5500,portrait_score,unassigned,2.6666666666666665,2.6666666666666665,0.5724365605193374,60
AF1964,datasets\processed\scut_fbp5500\images\AF1964.jpg,scut_fbp5500,portrait_score,unassigned,4.216666666666667,4.216666666666667,0.6402241838994506,60
AF1965,datasets\processed\scut_fbp5500\images\AF1965.jpg,scut_fbp5500,portrait_score,unassigned,1.75,1.75,0.7507058825091877,60
AF1966,datasets\processed\scut_fbp5500\images\AF1966.jpg,scut_fbp5500,portrait_score,unassigned,3.8,3.8,0.7083042533080239,60
AF1967,datasets\processed\scut_fbp5500\images\AF1967.jpg,scut_fbp5500,portrait_score,unassigned,1.8833333333333333,1.8833333333333333,0.6661721329614917,60
AF1968,datasets\processed\scut_fbp5500\images\AF1968.jpg,scut_fbp5500,portrait_score,unassigned,1.8166666666666669,1.8166666666666669,0.7008872504569528,60
AF1969,datasets\processed\scut_fbp5500\images\AF1969.jpg,scut_fbp5500,portrait_score,unassigned,3.1,3.1,0.573422670742999,60
AF197,datasets\processed\scut_fbp5500\images\AF197.jpg,scut_fbp5500,portrait_score,unassigned,1.95,1.95,0.6745996929755541,60
AF1970,datasets\processed\scut_fbp5500\images\AF1970.jpg,scut_fbp5500,portrait_score,unassigned,2.9166666666666665,2.9166666666666665,0.530163603360023,60
AF1971,datasets\processed\scut_fbp5500\images\AF1971.jpg,scut_fbp5500,portrait_score,unassigned,1.9333333333333331,1.9333333333333331,0.6856066636017631,60
AF1972,datasets\processed\scut_fbp5500\images\AF1972.jpg,scut_fbp5500,portrait_score,unassigned,4.083333333333333,4.083333333333333,0.7874366623260193,60
AF1973,datasets\processed\scut_fbp5500\images\AF1973.jpg,scut_fbp5500,portrait_score,unassigned,4.75,4.75,0.4366668823046862,60
AF1974,datasets\processed\scut_fbp5500\images\AF1974.jpg,scut_fbp5500,portrait_score,unassigned,2.65,2.65,0.6057632809459261,60
AF1975,datasets\processed\scut_fbp5500\images\AF1975.jpg,scut_fbp5500,portrait_score,unassigned,2.1166666666666667,2.1166666666666667,0.7152495514881185,60
AF1976,datasets\processed\scut_fbp5500\images\AF1976.jpg,scut_fbp5500,portrait_score,unassigned,1.0833333333333333,1.0833333333333333,0.2787178067853023,60
AF1977,datasets\processed\scut_fbp5500\images\AF1977.jpg,scut_fbp5500,portrait_score,unassigned,4.45,4.45,0.5652358139960071,60
AF1978,datasets\processed\scut_fbp5500\images\AF1978.jpg,scut_fbp5500,portrait_score,unassigned,3.9166666666666665,3.9166666666666665,0.6186827632817328,60
AF1979,datasets\processed\scut_fbp5500\images\AF1979.jpg,scut_fbp5500,portrait_score,unassigned,2.566666666666667,2.566666666666667,0.6731324866865128,60
AF198,datasets\processed\scut_fbp5500\images\AF198.jpg,scut_fbp5500,portrait_score,unassigned,2.433333333333333,2.433333333333333,0.5928004971139371,60
AF1980,datasets\processed\scut_fbp5500\images\AF1980.jpg,scut_fbp5500,portrait_score,unassigned,3.533333333333333,3.533333333333333,0.7240813388775702,60
AF1981,datasets\processed\scut_fbp5500\images\AF1981.jpg,scut_fbp5500,portrait_score,unassigned,3.7666666666666666,3.7666666666666666,0.6474635430261866,60
AF1982,datasets\processed\scut_fbp5500\images\AF1982.jpg,scut_fbp5500,portrait_score,unassigned,3.2666666666666666,3.2666666666666666,0.5482380612028066,60
AF1983,datasets\processed\scut_fbp5500\images\AF1983.jpg,scut_fbp5500,portrait_score,unassigned,3.883333333333333,3.883333333333333,0.6402241838994507,60
AF1984,datasets\processed\scut_fbp5500\images\AF1984.jpg,scut_fbp5500,portrait_score,unassigned,2.333333333333333,2.333333333333333,0.6806444271116838,60
AF1985,datasets\processed\scut_fbp5500\images\AF1985.jpg,scut_fbp5500,portrait_score,unassigned,4.183333333333334,4.183333333333334,0.6762726024084974,60
AF1986,datasets\processed\scut_fbp5500\images\AF1986.jpg,scut_fbp5500,portrait_score,unassigned,1.0166666666666666,1.0166666666666666,0.1290994448735805,60
AF1987,datasets\processed\scut_fbp5500\images\AF1987.jpg,scut_fbp5500,portrait_score,unassigned,1.8,1.8,0.6839565850033843,60
AF1988,datasets\processed\scut_fbp5500\images\AF1988.jpg,scut_fbp5500,portrait_score,unassigned,1.9666666666666663,1.9666666666666663,0.7122812876724768,60
AF1989,datasets\processed\scut_fbp5500\images\AF1989.jpg,scut_fbp5500,portrait_score,unassigned,3.5,3.5,0.676481425202546,60
AF199,datasets\processed\scut_fbp5500\images\AF199.jpg,scut_fbp5500,portrait_score,unassigned,2.683333333333333,2.683333333333333,0.5672313570575753,60
AF1990,datasets\processed\scut_fbp5500\images\AF1990.jpg,scut_fbp5500,portrait_score,unassigned,4.166666666666667,4.166666666666667,0.5574356135706043,60
AF1991,datasets\processed\scut_fbp5500\images\AF1991.jpg,scut_fbp5500,portrait_score,unassigned,2.0166666666666666,2.0166666666666666,0.7008872504569528,60
AF1992,datasets\processed\scut_fbp5500\images\AF1992.jpg,scut_fbp5500,portrait_score,unassigned,3.8333333333333335,3.8333333333333335,0.6422066478409216,60
AF1993,datasets\processed\scut_fbp5500\images\AF1993.jpg,scut_fbp5500,portrait_score,unassigned,3.9,3.9,0.6297699337786186,60
AF1994,datasets\processed\scut_fbp5500\images\AF1994.jpg,scut_fbp5500,portrait_score,unassigned,2.683333333333333,2.683333333333333,0.5365194379932872,60
AF1995,datasets\processed\scut_fbp5500\images\AF1995.jpg,scut_fbp5500,portrait_score,unassigned,1.3166666666666669,1.3166666666666669,0.5039392842990981,60
AF1996,datasets\processed\scut_fbp5500\images\AF1996.jpg,scut_fbp5500,portrait_score,unassigned,1.6,1.6,0.6161663873899261,60
AF1997,datasets\processed\scut_fbp5500\images\AF1997.jpg,scut_fbp5500,portrait_score,unassigned,1.4333333333333331,1.4333333333333331,0.5928004971139372,60
AF1998,datasets\processed\scut_fbp5500\images\AF1998.jpg,scut_fbp5500,portrait_score,unassigned,2.7333333333333334,2.7333333333333334,0.7098977407062843,60
AF1999,datasets\processed\scut_fbp5500\images\AF1999.jpg,scut_fbp5500,portrait_score,unassigned,2.7333333333333334,2.7333333333333334,0.5163977794943222,60
AF2,datasets\processed\scut_fbp5500\images\AF2.jpg,scut_fbp5500,portrait_score,unassigned,3.95,3.95,0.6489887831680653,60
AF20,datasets\processed\scut_fbp5500\images\AF20.jpg,scut_fbp5500,portrait_score,unassigned,2.7333333333333334,2.7333333333333334,0.6069279874259418,60
AF200,datasets\processed\scut_fbp5500\images\AF200.jpg,scut_fbp5500,portrait_score,unassigned,2.333333333333333,2.333333333333333,0.6552698154756148,60
AF2000,datasets\processed\scut_fbp5500\images\AF2000.jpg,scut_fbp5500,portrait_score,unassigned,3.55,3.55,0.6223247830459755,60
AF201,datasets\processed\scut_fbp5500\images\AF201.jpg,scut_fbp5500,portrait_score,unassigned,2.95,2.95,0.501692052213544,60
AF202,datasets\processed\scut_fbp5500\images\AF202.jpg,scut_fbp5500,portrait_score,unassigned,2.65,2.65,0.605763280945926,60
AF203,datasets\processed\scut_fbp5500\images\AF203.jpg,scut_fbp5500,portrait_score,unassigned,3.8333333333333335,3.8333333333333335,0.6929833971319695,60
AF204,datasets\processed\scut_fbp5500\images\AF204.jpg,scut_fbp5500,portrait_score,unassigned,2.6666666666666665,2.6666666666666665,0.5724365605193374,60
AF205,datasets\processed\scut_fbp5500\images\AF205.jpg,scut_fbp5500,portrait_score,unassigned,3.5,3.5,0.6509445549041193,60
AF206,datasets\processed\scut_fbp5500\images\AF206.jpg,scut_fbp5500,portrait_score,unassigned,2.683333333333333,2.683333333333333,0.5672313570575753,60
AF207,datasets\processed\scut_fbp5500\images\AF207.jpg,scut_fbp5500,portrait_score,unassigned,2.8833333333333333,2.8833333333333333,0.5551505114790763,60
AF208,datasets\processed\scut_fbp5500\images\AF208.jpg,scut_fbp5500,portrait_score,unassigned,2.7333333333333334,2.7333333333333334,0.5163977794943222,60
AF209,datasets\processed\scut_fbp5500\images\AF209.jpg,scut_fbp5500,portrait_score,unassigned,2.7333333333333334,2.7333333333333334,0.5163977794943223,60
AF21,datasets\processed\scut_fbp5500\images\AF21.jpg,scut_fbp5500,portrait_score,unassigned,2.5166666666666666,2.5166666666666666,0.6241378234003047,60
AF210,datasets\processed\scut_fbp5500\images\AF210.jpg,scut_fbp5500,portrait_score,unassigned,2.1166666666666667,2.1166666666666667,0.6131791749276648,60
AF211,datasets\processed\scut_fbp5500\images\AF211.jpg,scut_fbp5500,portrait_score,unassigned,2.433333333333333,2.433333333333333,0.6731324866865128,60
AF212,datasets\processed\scut_fbp5500\images\AF212.jpg,scut_fbp5500,portrait_score,unassigned,2.8,2.8,0.5763708787148328,60
AF213,datasets\processed\scut_fbp5500\images\AF213.jpg,scut_fbp5500,portrait_score,unassigned,3.8666666666666663,3.8666666666666663,0.7240813388775701,60
AF214,datasets\processed\scut_fbp5500\images\AF214.jpg,scut_fbp5500,portrait_score,unassigned,2.683333333333333,2.683333333333333,0.5963637459756623,60
AF215,datasets\processed\scut_fbp5500\images\AF215.jpg,scut_fbp5500,portrait_score,unassigned,2.533333333333333,2.533333333333333,0.6500760494407537,60
AF216,datasets\processed\scut_fbp5500\images\AF216.jpg,scut_fbp5500,portrait_score,unassigned,2.6666666666666665,2.6666666666666665,0.6013168224022631,60
AF217,datasets\processed\scut_fbp5500\images\AF217.jpg,scut_fbp5500,portrait_score,unassigned,2.283333333333333,2.283333333333333,0.6402241838994507,60
AF218,datasets\processed\scut_fbp5500\images\AF218.jpg,scut_fbp5500,portrait_score,unassigned,2.25,2.25,0.6796060673505359,60
AF219,datasets\processed\scut_fbp5500\images\AF219.jpg,scut_fbp5500,portrait_score,unassigned,2.1333333333333333,2.1333333333333333,0.6500760494407538,60
AF22,datasets\processed\scut_fbp5500\images\AF22.jpg,scut_fbp5500,portrait_score,unassigned,2.4166666666666665,2.4166666666666665,0.6186827632817331,60
AF220,datasets\processed\scut_fbp5500\images\AF220.jpg,scut_fbp5500,portrait_score,unassigned,2.65,2.65,0.6593525329532482,60
AF221,datasets\processed\scut_fbp5500\images\AF221.jpg,scut_fbp5500,portrait_score,unassigned,2.433333333333333,2.433333333333333,0.6474635430261866,60
AF222,datasets\processed\scut_fbp5500\images\AF222.jpg,scut_fbp5500,portrait_score,unassigned,2.583333333333333,2.583333333333333,0.590652229740289,60
AF223,datasets\processed\scut_fbp5500\images\AF223.jpg,scut_fbp5500,portrait_score,unassigned,2.35,2.35,0.6593525329532484,60
AF224,datasets\processed\scut_fbp5500\images\AF224.jpg,scut_fbp5500,portrait_score,unassigned,2.683333333333333,2.683333333333333,0.5672313570575753,60
AF225,datasets\processed\scut_fbp5500\images\AF225.jpg,scut_fbp5500,portrait_score,unassigned,3.716666666666667,3.716666666666667,0.6911465950282971,60
AF226,datasets\processed\scut_fbp5500\images\AF226.jpg,scut_fbp5500,portrait_score,unassigned,2.1333333333333333,2.1333333333333333,0.6234585511256955,60
AF227,datasets\processed\scut_fbp5500\images\AF227.jpg,scut_fbp5500,portrait_score,unassigned,2.566666666666667,2.566666666666667,0.592800497113937,60
AF228,datasets\processed\scut_fbp5500\images\AF228.jpg,scut_fbp5500,portrait_score,unassigned,2.433333333333333,2.433333333333333,0.6474635430261866,60
AF229,datasets\processed\scut_fbp5500\images\AF229.jpg,scut_fbp5500,portrait_score,unassigned,2.933333333333333,2.933333333333333,0.362040669438785,60
AF23,datasets\processed\scut_fbp5500\images\AF23.jpg,scut_fbp5500,portrait_score,unassigned,3.3,3.3,0.6189110173988078,60
AF230,datasets\processed\scut_fbp5500\images\AF230.jpg,scut_fbp5500,portrait_score,unassigned,2.683333333333333,2.683333333333333,0.6241378234003048,60
AF231,datasets\processed\scut_fbp5500\images\AF231.jpg,scut_fbp5500,portrait_score,unassigned,2.6666666666666665,2.6666666666666665,0.5724365605193373,60
AF232,datasets\processed\scut_fbp5500\images\AF232.jpg,scut_fbp5500,portrait_score,unassigned,1.9833333333333332,1.9833333333333332,0.7700245795475263,60
AF233,datasets\processed\scut_fbp5500\images\AF233.jpg,scut_fbp5500,portrait_score,unassigned,2.933333333333333,2.933333333333333,0.4061671471357936,60
AF234,datasets\processed\scut_fbp5500\images\AF234.jpg,scut_fbp5500,portrait_score,unassigned,2.3,2.3,0.720169471580551,60
AF235,datasets\processed\scut_fbp5500\images\AF235.jpg,scut_fbp5500,portrait_score,unassigned,2.65,2.65,0.515028384934399,60
AF236,datasets\processed\scut_fbp5500\images\AF236.jpg,scut_fbp5500,portrait_score,unassigned,3.9,3.9,0.8171882342333935,60
AF237,datasets\processed\scut_fbp5500\images\AF237.jpg,scut_fbp5500,portrait_score,unassigned,2.9,2.9,0.5430610041581776,60
AF238,datasets\processed\scut_fbp5500\images\AF238.jpg,scut_fbp5500,portrait_score,unassigned,2.683333333333333,2.683333333333333,0.503939284299098,60
AF239,datasets\processed\scut_fbp5500\images\AF239.jpg,scut_fbp5500,portrait_score,unassigned,2.8666666666666667,2.8666666666666667,0.4304773332746764,60
AF24,datasets\processed\scut_fbp5500\images\AF24.jpg,scut_fbp5500,portrait_score,unassigned,2.433333333333333,2.433333333333333,0.5634839166238779,60
AF240,datasets\processed\scut_fbp5500\images\AF240.jpg,scut_fbp5500,portrait_score,unassigned,3.066666666666667,3.066666666666667,0.6069279874259416,60
AF241,datasets\processed\scut_fbp5500\images\AF241.jpg,scut_fbp5500,portrait_score,unassigned,1.9833333333333332,1.9833333333333332,0.6762726024084973,60
AF242,datasets\processed\scut_fbp5500\images\AF242.jpg,scut_fbp5500,portrait_score,unassigned,2.7666666666666666,2.7666666666666666,0.5325559305923084,60
AF243,datasets\processed\scut_fbp5500\images\AF243.jpg,scut_fbp5500,portrait_score,unassigned,2.4833333333333334,2.4833333333333334,0.624137823400305,60
AF244,datasets\processed\scut_fbp5500\images\AF244.jpg,scut_fbp5500,portrait_score,unassigned,4.216666666666667,4.216666666666667,0.5551505114790765,60
AF245,datasets\processed\scut_fbp5500\images\AF245.jpg,scut_fbp5500,portrait_score,unassigned,2.6,2.6,0.6161663873899261,60
AF246,datasets\processed\scut_fbp5500\images\AF246.jpg,scut_fbp5500,portrait_score,unassigned,3.2,3.2,0.6587095756740945,60
AF247,datasets\processed\scut_fbp5500\images\AF247.jpg,scut_fbp5500,portrait_score,unassigned,2.8666666666666667,2.8666666666666667,0.5664838521990365,60
AF248,datasets\processed\scut_fbp5500\images\AF248.jpg,scut_fbp5500,portrait_score,unassigned,1.8333333333333333,1.8333333333333333,0.7170246117012377,60
AF249,datasets\processed\scut_fbp5500\images\AF249.jpg,scut_fbp5500,portrait_score,unassigned,2.95,2.95,0.501692052213544,60
AF25,datasets\processed\scut_fbp5500\images\AF25.jpg,scut_fbp5500,portrait_score,unassigned,1.7666666666666666,1.7666666666666666,0.6978579008061128,60
AF250,datasets\processed\scut_fbp5500\images\AF250.jpg,scut_fbp5500,portrait_score,unassigned,2.716666666666667,2.716666666666667,0.5551505114790765,60
AF251,datasets\processed\scut_fbp5500\images\AF251.jpg,scut_fbp5500,portrait_score,unassigned,2.7,2.7,0.6189110173988076,60
AF252,datasets\processed\scut_fbp5500\images\AF252.jpg,scut_fbp5500,portrait_score,unassigned,2.783333333333333,2.783333333333333,0.4903014177279,60
AF253,datasets\processed\scut_fbp5500\images\AF253.jpg,scut_fbp5500,portrait_score,unassigned,2.7,2.7,0.4621247905424446,60
AF254,datasets\processed\scut_fbp5500\images\AF254.jpg,scut_fbp5500,portrait_score,unassigned,3.183333333333333,3.183333333333333,0.4314605336417173,60
AF255,datasets\processed\scut_fbp5500\images\AF255.jpg,scut_fbp5500,portrait_score,unassigned,1.7833333333333334,1.7833333333333334,0.761169186891749,60
AF256,datasets\processed\scut_fbp5500\images\AF256.jpg,scut_fbp5500,portrait_score,unassigned,2.8,2.8,0.6587095756740946,60
AF257,datasets\processed\scut_fbp5500\images\AF257.jpg,scut_fbp5500,portrait_score,unassigned,2.3833333333333333,2.3833333333333333,0.6131791749276649,60
AF258,datasets\processed\scut_fbp5500\images\AF258.jpg,scut_fbp5500,portrait_score,unassigned,2.3,2.3,0.6714517537598056,60
AF259,datasets\processed\scut_fbp5500\images\AF259.jpg,scut_fbp5500,portrait_score,unassigned,2.0,2.0,0.7130740328122925,60
AF26,datasets\processed\scut_fbp5500\images\AF26.jpg,scut_fbp5500,portrait_score,unassigned,2.25,2.25,0.600141226317126,60
AF260,datasets\processed\scut_fbp5500\images\AF260.jpg,scut_fbp5500,portrait_score,unassigned,2.2666666666666666,2.2666666666666666,0.7333846926031611,60
AF261,datasets\processed\scut_fbp5500\images\AF261.jpg,scut_fbp5500,portrait_score,unassigned,2.1333333333333333,2.1333333333333333,0.6234585511256954,60
AF262,datasets\processed\scut_fbp5500\images\AF262.jpg,scut_fbp5500,portrait_score,unassigned,2.4,2.4,0.5880159112340473,60
AF263,datasets\processed\scut_fbp5500\images\AF263.jpg,scut_fbp5500,portrait_score,unassigned,3.2,3.2,0.5763708787148328,60
AF264,datasets\processed\scut_fbp5500\images\AF264.jpg,scut_fbp5500,portrait_score,unassigned,2.583333333333333,2.583333333333333,0.6454972243679028,60
AF265,datasets\processed\scut_fbp5500\images\AF265.jpg,scut_fbp5500,portrait_score,unassigned,1.85,1.85,0.684575830567082,60
AF266,datasets\processed\scut_fbp5500\images\AF266.jpg,scut_fbp5500,portrait_score,unassigned,2.4,2.4,0.6161663873899262,60
AF267,datasets\processed\scut_fbp5500\images\AF267.jpg,scut_fbp5500,portrait_score,unassigned,1.9333333333333331,1.9333333333333331,0.7098977407062844,60
AF268,datasets\processed\scut_fbp5500\images\AF268.jpg,scut_fbp5500,portrait_score,unassigned,3.3,3.3,0.5304299503265156,60
AF269,datasets\processed\scut_fbp5500\images\AF269.jpg,scut_fbp5500,portrait_score,unassigned,3.6666666666666665,3.6666666666666665,0.7287478619712606,60
AF27,datasets\processed\scut_fbp5500\images\AF27.jpg,scut_fbp5500,portrait_score,unassigned,2.6666666666666665,2.6666666666666665,0.50979113924206,60
AF270,datasets\processed\scut_fbp5500\images\AF270.jpg,scut_fbp5500,portrait_score,unassigned,1.4666666666666666,1.4666666666666666,0.6234585511256954,60
AF271,datasets\processed\scut_fbp5500\images\AF271.jpg,scut_fbp5500,portrait_score,unassigned,3.2333333333333334,3.2333333333333334,0.4997174342809082,60
AF272,datasets\processed\scut_fbp5500\images\AF272.jpg,scut_fbp5500,portrait_score,unassigned,3.3666666666666667,3.3666666666666667,0.7356921488320418,60
AF273,datasets\processed\scut_fbp5500\images\AF273.jpg,scut_fbp5500,portrait_score,unassigned,2.533333333333333,2.533333333333333,0.6234585511256956,60
AF274,datasets\processed\scut_fbp5500\images\AF274.jpg,scut_fbp5500,portrait_score,unassigned,2.95,2.95,0.5344092255369318,60
AF275,datasets\processed\scut_fbp5500\images\AF275.jpg,scut_fbp5500,portrait_score,unassigned,2.6,2.6,0.6689227362847253,60
AF276,datasets\processed\scut_fbp5500\images\AF276.jpg,scut_fbp5500,portrait_score,unassigned,2.1333333333333333,2.1333333333333333,0.6756457467795108,60
AF277,datasets\processed\scut_fbp5500\images\AF277.jpg,scut_fbp5500,portrait_score,unassigned,2.6166666666666667,2.6166666666666667,0.5551505114790765,60
AF278,datasets\processed\scut_fbp5500\images\AF278.jpg,scut_fbp5500,portrait_score,unassigned,2.8666666666666667,2.8666666666666667,0.5030977485864635,60
AF279,datasets\processed\scut_fbp5500\images\AF279.jpg,scut_fbp5500,portrait_score,unassigned,3.083333333333333,3.083333333333333,0.5612234416098719,60
AF28,datasets\processed\scut_fbp5500\images\AF28.jpg,scut_fbp5500,portrait_score,unassigned,2.2666666666666666,2.2666666666666666,0.6856066636017631,60
AF280,datasets\processed\scut_fbp5500\images\AF280.jpg,scut_fbp5500,portrait_score,unassigned,2.583333333333333,2.583333333333333,0.590652229740289,60
AF281,datasets\processed\scut_fbp5500\images\AF281.jpg,scut_fbp5500,portrait_score,unassigned,2.183333333333333,2.183333333333333,0.7246662976417856,60
AF282,datasets\processed\scut_fbp5500\images\AF282.jpg,scut_fbp5500,portrait_score,unassigned,2.583333333333333,2.583333333333333,0.6186827632817329,60
AF283,datasets\processed\scut_fbp5500\images\AF283.jpg,scut_fbp5500,portrait_score,unassigned,3.066666666666667,3.066666666666667,0.4824607357929978,60
AF284,datasets\processed\scut_fbp5500\images\AF284.jpg,scut_fbp5500,portrait_score,unassigned,3.1166666666666667,3.1166666666666667,0.6131791749276648,60
AF285,datasets\processed\scut_fbp5500\images\AF285.jpg,scut_fbp5500,portrait_score,unassigned,2.9166666666666665,2.9166666666666665,0.4618190513157638,60
AF286,datasets\processed\scut_fbp5500\images\AF286.jpg,scut_fbp5500,portrait_score,unassigned,2.816666666666667,2.816666666666667,0.5039392842990978,60
AF287,datasets\processed\scut_fbp5500\images\AF287.jpg,scut_fbp5500,portrait_score,unassigned,1.7,1.7,0.720169471580551,60
AF288,datasets\processed\scut_fbp5500\images\AF288.jpg,scut_fbp5500,portrait_score,unassigned,2.5,2.5,0.6243640832675886,60
AF289,datasets\processed\scut_fbp5500\images\AF289.jpg,scut_fbp5500,portrait_score,unassigned,2.2666666666666666,2.2666666666666666,0.733384692603161,60
AF29,datasets\processed\scut_fbp5500\images\AF29.jpg,scut_fbp5500,portrait_score,unassigned,3.05,3.05,0.5344092255369315,60
AF290,datasets\processed\scut_fbp5500\images\AF290.jpg,scut_fbp5500,portrait_score,unassigned,2.466666666666667,2.466666666666667,0.6234585511256954,60
AF291,datasets\processed\scut_fbp5500\images\AF291.jpg,scut_fbp5500,portrait_score,unassigned,2.2666666666666666,2.2666666666666666,0.6604227374117243,60
AF292,datasets\processed\scut_fbp5500\images\AF292.jpg,scut_fbp5500,portrait_score,unassigned,2.783333333333333,2.783333333333333,0.5848849420870964,60
AF293,datasets\processed\scut_fbp5500\images\AF293.jpg,scut_fbp5500,portrait_score,unassigned,2.566666666666667,2.566666666666667,0.6474635430261868,60
AF294,datasets\processed\scut_fbp5500\images\AF294.jpg,scut_fbp5500,portrait_score,unassigned,2.55,2.55,0.5344092255369317,60
AF295,datasets\processed\scut_fbp5500\images\AF295.jpg,scut_fbp5500,portrait_score,unassigned,2.1333333333333333,2.1333333333333333,0.6756457467795108,60
AF296,datasets\processed\scut_fbp5500\images\AF296.jpg,scut_fbp5500,portrait_score,unassigned,2.816666666666667,2.816666666666667,0.5963637459756621,60
AF297,datasets\processed\scut_fbp5500\images\AF297.jpg,scut_fbp5500,portrait_score,unassigned,4.3,4.3,0.6457159999120147,60
AF298,datasets\processed\scut_fbp5500\images\AF298.jpg,scut_fbp5500,portrait_score,unassigned,2.3833333333333333,2.3833333333333333,0.6661721329614917,60
AF299,datasets\processed\scut_fbp5500\images\AF299.jpg,scut_fbp5500,portrait_score,unassigned,2.25,2.25,0.7041041910572658,60
AF3,datasets\processed\scut_fbp5500\images\AF3.jpg,scut_fbp5500,portrait_score,unassigned,3.183333333333333,3.183333333333333,0.8535403174111508,60
AF30,datasets\processed\scut_fbp5500\images\AF30.jpg,scut_fbp5500,portrait_score,unassigned,3.1,3.1,0.5108981788502894,60
AF300,datasets\processed\scut_fbp5500\images\AF300.jpg,scut_fbp5500,portrait_score,unassigned,4.183333333333334,4.183333333333334,0.6762726024084973,60
AF301,datasets\processed\scut_fbp5500\images\AF301.jpg,scut_fbp5500,portrait_score,unassigned,2.5166666666666666,2.5166666666666666,0.624137823400305,60
AF302,datasets\processed\scut_fbp5500\images\AF302.jpg,scut_fbp5500,portrait_score,unassigned,2.8,2.8,0.5763708787148328,60
AF303,datasets\processed\scut_fbp5500\images\AF303.jpg,scut_fbp5500,portrait_score,unassigned,2.9,2.9,0.5108981788502895,60
AF304,datasets\processed\scut_fbp5500\images\AF304.jpg,scut_fbp5500,portrait_score,unassigned,1.9333333333333331,1.9333333333333331,0.6856066636017633,60
AF305,datasets\processed\scut_fbp5500\images\AF305.jpg,scut_fbp5500,portrait_score,unassigned,1.8333333333333333,1.8333333333333333,0.6929833971319694,60
AF306,datasets\processed\scut_fbp5500\images\AF306.jpg,scut_fbp5500,portrait_score,unassigned,2.933333333333333,2.933333333333333,0.6604227374117244,60
AF307,datasets\processed\scut_fbp5500\images\AF307.jpg,scut_fbp5500,portrait_score,unassigned,2.466666666666667,2.466666666666667,0.5956528014598821,60
AF308,datasets\processed\scut_fbp5500\images\AF308.jpg,scut_fbp5500,portrait_score,unassigned,2.4833333333333334,2.4833333333333334,0.5963637459756621,60
AF309,datasets\processed\scut_fbp5500\images\AF309.jpg,scut_fbp5500,portrait_score,unassigned,3.183333333333333,3.183333333333333,0.5672313570575753,60
AF31,datasets\processed\scut_fbp5500\images\AF31.jpg,scut_fbp5500,portrait_score,unassigned,3.183333333333333,3.183333333333333,0.6507275372101721,60
AF310,datasets\processed\scut_fbp5500\images\AF310.jpg,scut_fbp5500,portrait_score,unassigned,2.4833333333333334,2.4833333333333334,0.5672313570575753,60
AF311,datasets\processed\scut_fbp5500\images\AF311.jpg,scut_fbp5500,portrait_score,unassigned,2.533333333333333,2.533333333333333,0.595652801459882,60
AF312,datasets\processed\scut_fbp5500\images\AF312.jpg,scut_fbp5500,portrait_score,unassigned,2.2333333333333334,2.2333333333333334,0.8102451327476412,60
AF313,datasets\processed\scut_fbp5500\images\AF313.jpg,scut_fbp5500,portrait_score,unassigned,2.6,2.6,0.5880159112340471,60
AF314,datasets\processed\scut_fbp5500\images\AF314.jpg,scut_fbp5500,portrait_score,unassigned,1.7333333333333334,1.7333333333333334,0.7333846926031607,60
AF315,datasets\processed\scut_fbp5500\images\AF315.jpg,scut_fbp5500,portrait_score,unassigned,3.2,3.2,0.5142049977013223,60
AF316,datasets\processed\scut_fbp5500\images\AF316.jpg,scut_fbp5500,portrait_score,unassigned,2.433333333333333,2.433333333333333,0.6207340287621397,60
AF317,datasets\processed\scut_fbp5500\images\AF317.jpg,scut_fbp5500,portrait_score,unassigned,3.9166666666666665,3.9166666666666665,0.787436662326019,60
AF318,datasets\processed\scut_fbp5500\images\AF318.jpg,scut_fbp5500,portrait_score,unassigned,2.0166666666666666,2.0166666666666666,0.6762726024084973,60
AF319,datasets\processed\scut_fbp5500\images\AF319.jpg,scut_fbp5500,portrait_score,unassigned,3.0166666666666666,3.0166666666666666,0.4691017983072983,60
AF32,datasets\processed\scut_fbp5500\images\AF32.jpg,scut_fbp5500,portrait_score,unassigned,3.15,3.15,0.5150283849343992,60
AF320,datasets\processed\scut_fbp5500\images\AF320.jpg,scut_fbp5500,portrait_score,unassigned,2.333333333333333,2.333333333333333,0.6288721857330795,60
AF321,datasets\processed\scut_fbp5500\images\AF321.jpg,scut_fbp5500,portrait_score,unassigned,2.4166666666666665,2.4166666666666665,0.561223441609872,60
AF322,datasets\processed\scut_fbp5500\images\AF322.jpg,scut_fbp5500,portrait_score,unassigned,1.8166666666666669,1.8166666666666669,0.7700245795475265,60
AF323,datasets\processed\scut_fbp5500\images\AF323.jpg,scut_fbp5500,portrait_score,unassigned,2.5166666666666666,2.5166666666666666,0.7246662976417858,60
AF324,datasets\processed\scut_fbp5500\images\AF324.jpg,scut_fbp5500,portrait_score,unassigned,2.833333333333333,2.833333333333333,0.4184987968176887,60
AF325,datasets\processed\scut_fbp5500\images\AF325.jpg,scut_fbp5500,portrait_score,unassigned,2.533333333333333,2.533333333333333,0.5357290823891439,60
AF326,datasets\processed\scut_fbp5500\images\AF326.jpg,scut_fbp5500,portrait_score,unassigned,2.833333333333333,2.833333333333333,0.4928872620664329,60
AF327,datasets\processed\scut_fbp5500\images\AF327.jpg,scut_fbp5500,portrait_score,unassigned,3.0166666666666666,3.0166666666666666,0.3440371810152268,60
AF328,datasets\processed\scut_fbp5500\images\AF328.jpg,scut_fbp5500,portrait_score,unassigned,2.85,2.85,0.515028384934399,60
AF329,datasets\processed\scut_fbp5500\images\AF329.jpg,scut_fbp5500,portrait_score,unassigned,3.1333333333333333,3.1333333333333333,0.5956528014598821,60
AF33,datasets\processed\scut_fbp5500\images\AF33.jpg,scut_fbp5500,portrait_score,unassigned,2.7,2.7,0.4974511303823161,60
AF330,datasets\processed\scut_fbp5500\images\AF330.jpg,scut_fbp5500,portrait_score,unassigned,3.25,3.25,0.5712015287450464,60
AF331,datasets\processed\scut_fbp5500\images\AF331.jpg,scut_fbp5500,portrait_score,unassigned,2.083333333333333,2.083333333333333,0.6960339624157418,60
AF332,datasets\processed\scut_fbp5500\images\AF332.jpg,scut_fbp5500,portrait_score,unassigned,2.433333333333333,2.433333333333333,0.6731324866865127,60
AF333,datasets\processed\scut_fbp5500\images\AF333.jpg,scut_fbp5500,portrait_score,unassigned,2.6,2.6,0.6430857812406507,60
AF334,datasets\processed\scut_fbp5500\images\AF334.jpg,scut_fbp5500,portrait_score,unassigned,2.25,2.25,0.7277781371744774,60
AF335,datasets\processed\scut_fbp5500\images\AF335.jpg,scut_fbp5500,portrait_score,unassigned,2.3833333333333333,2.3833333333333333,0.6661721329614916,60
AF336,datasets\processed\scut_fbp5500\images\AF336.jpg,scut_fbp5500,portrait_score,unassigned,2.65,2.65,0.5469483909592214,60
AF337,datasets\processed\scut_fbp5500\images\AF337.jpg,scut_fbp5500,portrait_score,unassigned,2.1333333333333333,2.1333333333333333,0.7694741031901113,60
AF338,datasets\processed\scut_fbp5500\images\AF338.jpg,scut_fbp5500,portrait_score,unassigned,3.1,3.1,0.5734226707429991,60
AF339,datasets\processed\scut_fbp5500\images\AF339.jpg,scut_fbp5500,portrait_score,unassigned,2.2,2.2,0.6050633809075329,60
AF34,datasets\processed\scut_fbp5500\images\AF34.jpg,scut_fbp5500,portrait_score,unassigned,2.2333333333333334,2.2333333333333334,0.6731324866865128,60
AF340,datasets\processed\scut_fbp5500\images\AF340.jpg,scut_fbp5500,portrait_score,unassigned,2.6166666666666667,2.6166666666666667,0.6402241838994506,60
AF341,datasets\processed\scut_fbp5500\images\AF341.jpg,scut_fbp5500,portrait_score,unassigned,2.4833333333333334,2.4833333333333334,0.5963637459756624,60
AF342,datasets\processed\scut_fbp5500\images\AF342.jpg,scut_fbp5500,portrait_score,unassigned,2.683333333333333,2.683333333333333,0.5039392842990978,60
AF343,datasets\processed\scut_fbp5500\images\AF343.jpg,scut_fbp5500,portrait_score,unassigned,2.9,2.9,0.5734226707429991,60
AF344,datasets\processed\scut_fbp5500\images\AF344.jpg,scut_fbp5500,portrait_score,unassigned,2.533333333333333,2.533333333333333,0.5956528014598821,60
AF345,datasets\processed\scut_fbp5500\images\AF345.jpg,scut_fbp5500,portrait_score,unassigned,1.5,1.5,0.6764814252025461,60
AF346,datasets\processed\scut_fbp5500\images\AF346.jpg,scut_fbp5500,portrait_score,unassigned,2.4,2.4,0.6937981927069209,60
AF347,datasets\processed\scut_fbp5500\images\AF347.jpg,scut_fbp5500,portrait_score,unassigned,2.716666666666667,2.716666666666667,0.5848849420870964,60
AF348,datasets\processed\scut_fbp5500\images\AF348.jpg,scut_fbp5500,portrait_score,unassigned,2.4166666666666665,2.4166666666666665,0.6186827632817332,60
AF349,datasets\processed\scut_fbp5500\images\AF349.jpg,scut_fbp5500,portrait_score,unassigned,2.566666666666667,2.566666666666667,0.6474635430261866,60
AF35,datasets\processed\scut_fbp5500\images\AF35.jpg,scut_fbp5500,portrait_score,unassigned,2.7666666666666666,2.7666666666666666,0.5634839166238779,60
AF350,datasets\processed\scut_fbp5500\images\AF350.jpg,scut_fbp5500,portrait_score,unassigned,2.2666666666666666,2.2666666666666666,0.6604227374117243,60
AF351,datasets\processed\scut_fbp5500\images\AF351.jpg,scut_fbp5500,portrait_score,unassigned,2.533333333333333,2.533333333333333,0.6234585511256955,60
AF352,datasets\processed\scut_fbp5500\images\AF352.jpg,scut_fbp5500,portrait_score,unassigned,2.1666666666666665,2.1666666666666665,0.6680776029892179,60
AF353,datasets\processed\scut_fbp5500\images\AF353.jpg,scut_fbp5500,portrait_score,unassigned,2.3833333333333333,2.3833333333333333,0.7611691868917491,60
AF354,datasets\processed\scut_fbp5500\images\AF354.jpg,scut_fbp5500,portrait_score,unassigned,2.816666666666667,2.816666666666667,0.5365194379932872,60
AF355,datasets\processed\scut_fbp5500\images\AF355.jpg,scut_fbp5500,portrait_score,unassigned,2.7,2.7,0.6189110173988076,60
AF356,datasets\processed\scut_fbp5500\images\AF356.jpg,scut_fbp5500,portrait_score,unassigned,3.1,3.1,0.5734226707429989,60
AF357,datasets\processed\scut_fbp5500\images\AF357.jpg,scut_fbp5500,portrait_score,unassigned,2.533333333333333,2.533333333333333,0.6234585511256955,60
AF358,datasets\processed\scut_fbp5500\images\AF358.jpg,scut_fbp5500,portrait_score,unassigned,3.066666666666667,3.066666666666667,0.6069279874259416,60
AF359,datasets\processed\scut_fbp5500\images\AF359.jpg,scut_fbp5500,portrait_score,unassigned,2.083333333333333,2.083333333333333,0.6454972243679027,60
AF36,datasets\processed\scut_fbp5500\images\AF36.jpg,scut_fbp5500,portrait_score,unassigned,2.4833333333333334,2.4833333333333334,0.6507275372101718,60
AF360,datasets\processed\scut_fbp5500\images\AF360.jpg,scut_fbp5500,portrait_score,unassigned,2.316666666666667,2.316666666666667,0.6762726024084974,60
AF361,datasets\processed\scut_fbp5500\images\AF361.jpg,scut_fbp5500,portrait_score,unassigned,2.933333333333333,2.933333333333333,0.5163977794943222,60
AF362,datasets\processed\scut_fbp5500\images\AF362.jpg,scut_fbp5500,portrait_score,unassigned,2.0166666666666666,2.0166666666666666,0.7008872504569528,60
AF363,datasets\processed\scut_fbp5500\images\AF363.jpg,scut_fbp5500,portrait_score,unassigned,2.033333333333333,2.033333333333333,0.7122812876724768,60
AF364,datasets\processed\scut_fbp5500\images\AF364.jpg,scut_fbp5500,portrait_score,unassigned,2.8,2.8,0.5461731270812971,60
AF365,datasets\processed\scut_fbp5500\images\AF365.jpg,scut_fbp5500,portrait_score,unassigned,1.9333333333333331,1.9333333333333331,0.6856066636017631,60
AF366,datasets\processed\scut_fbp5500\images\AF366.jpg,scut_fbp5500,portrait_score,unassigned,2.7666666666666666,2.7666666666666666,0.4997174342809082,60
AF367,datasets\processed\scut_fbp5500\images\AF367.jpg,scut_fbp5500,portrait_score,unassigned,2.6,2.6,0.5584482131582668,60
AF368,datasets\processed\scut_fbp5500\images\AF368.jpg,scut_fbp5500,portrait_score,unassigned,2.6,2.6,0.6161663873899261,60
AF369,datasets\processed\scut_fbp5500\images\AF369.jpg,scut_fbp5500,portrait_score,unassigned,3.15,3.15,0.5150283849343991,60
AF37,datasets\processed\scut_fbp5500\images\AF37.jpg,scut_fbp5500,portrait_score,unassigned,2.1666666666666665,2.1666666666666665,0.7170246117012378,60
AF370,datasets\processed\scut_fbp5500\images\AF370.jpg,scut_fbp5500,portrait_score,unassigned,2.5166666666666666,2.5166666666666666,0.5672313570575752,60
AF371,datasets\processed\scut_fbp5500\images\AF371.jpg,scut_fbp5500,portrait_score,unassigned,2.45,2.45,0.6223247830459755,60
AF372,datasets\processed\scut_fbp5500\images\AF372.jpg,scut_fbp5500,portrait_score,unassigned,2.6333333333333333,2.6333333333333333,0.6369063647932278,60
AF373,datasets\processed\scut_fbp5500\images\AF373.jpg,scut_fbp5500,portrait_score,unassigned,2.55,2.55,0.6223247830459756,60
AF374,datasets\processed\scut_fbp5500\images\AF374.jpg,scut_fbp5500,portrait_score,unassigned,2.283333333333333,2.283333333333333,0.7385663314751768,60
AF375,datasets\processed\scut_fbp5500\images\AF375.jpg,scut_fbp5500,portrait_score,unassigned,2.283333333333333,2.283333333333333,0.6402241838994506,60
AF376,datasets\processed\scut_fbp5500\images\AF376.jpg,scut_fbp5500,portrait_score,unassigned,2.6666666666666665,2.6666666666666665,0.5724365605193373,60
AF377,datasets\processed\scut_fbp5500\images\AF377.jpg,scut_fbp5500,portrait_score,unassigned,2.1166666666666667,2.1166666666666667,0.6402241838994508,60
AF378,datasets\processed\scut_fbp5500\images\AF378.jpg,scut_fbp5500,portrait_score,unassigned,2.933333333333333,2.933333333333333,0.4061671471357935,60
AF379,datasets\processed\scut_fbp5500\images\AF379.jpg,scut_fbp5500,portrait_score,unassigned,2.5,2.5,0.6243640832675885,60
AF38,datasets\processed\scut_fbp5500\images\AF38.jpg,scut_fbp5500,portrait_score,unassigned,2.316666666666667,2.316666666666667,0.6507275372101721,60
AF380,datasets\processed\scut_fbp5500\images\AF380.jpg,scut_fbp5500,portrait_score,unassigned,2.9,2.9,0.3991516427353207,60
AF381,datasets\processed\scut_fbp5500\images\AF381.jpg,scut_fbp5500,portrait_score,unassigned,2.8666666666666667,2.8666666666666667,0.5956528014598821,60
AF382,datasets\processed\scut_fbp5500\images\AF382.jpg,scut_fbp5500,portrait_score,unassigned,2.1166666666666667,2.1166666666666667,0.6911465950282972,60
AF383,datasets\processed\scut_fbp5500\images\AF383.jpg,scut_fbp5500,portrait_score,unassigned,2.4833333333333334,2.4833333333333334,0.650727537210172,60
AF384,datasets\processed\scut_fbp5500\images\AF384.jpg,scut_fbp5500,portrait_score,unassigned,2.033333333333333,2.033333333333333,0.7122812876724767,60
AF385,datasets\processed\scut_fbp5500\images\AF385.jpg,scut_fbp5500,portrait_score,unassigned,2.4833333333333334,2.4833333333333334,0.6507275372101722,60
AF386,datasets\processed\scut_fbp5500\images\AF386.jpg,scut_fbp5500,portrait_score,unassigned,3.0,3.0,0.4509876168016973,60
AF387,datasets\processed\scut_fbp5500\images\AF387.jpg,scut_fbp5500,portrait_score,unassigned,2.283333333333333,2.283333333333333,0.6131791749276648,60
AF388,datasets\processed\scut_fbp5500\images\AF388.jpg,scut_fbp5500,portrait_score,unassigned,1.6,1.6,0.6161663873899262,60
AF389,datasets\processed\scut_fbp5500\images\AF389.jpg,scut_fbp5500,portrait_score,unassigned,2.833333333333333,2.833333333333333,0.4928872620664329,60
AF39,datasets\processed\scut_fbp5500\images\AF39.jpg,scut_fbp5500,portrait_score,unassigned,1.85,1.85,0.6845758305670819,60
AF390,datasets\processed\scut_fbp5500\images\AF390.jpg,scut_fbp5500,portrait_score,unassigned,2.683333333333333,2.683333333333333,0.5365194379932872,60
AF391,datasets\processed\scut_fbp5500\images\AF391.jpg,scut_fbp5500,portrait_score,unassigned,1.35,1.35,0.5150283849343992,60
AF392,datasets\processed\scut_fbp5500\images\AF392.jpg,scut_fbp5500,portrait_score,unassigned,2.9833333333333334,2.9833333333333334,0.3440371810152268,60
AF393,datasets\processed\scut_fbp5500\images\AF393.jpg,scut_fbp5500,portrait_score,unassigned,2.7666666666666666,2.7666666666666666,0.5325559305923083,60
AF394,datasets\processed\scut_fbp5500\images\AF394.jpg,scut_fbp5500,portrait_score,unassigned,2.6333333333333333,2.6333333333333333,0.5513209612012653,60
AF395,datasets\processed\scut_fbp5500\images\AF395.jpg,scut_fbp5500,portrait_score,unassigned,4.033333333333333,4.033333333333333,0.6369063647932279,60
AF396,datasets\processed\scut_fbp5500\images\AF396.jpg,scut_fbp5500,portrait_score,unassigned,2.0,2.0,0.7364596943186587,60
AF397,datasets\processed\scut_fbp5500\images\AF397.jpg,scut_fbp5500,portrait_score,unassigned,2.6666666666666665,2.6666666666666665,0.5420196589926082,60
AF398,datasets\processed\scut_fbp5500\images\AF398.jpg,scut_fbp5500,portrait_score,unassigned,4.066666666666666,4.066666666666666,0.8206377566768518,60
AF399,datasets\processed\scut_fbp5500\images\AF399.jpg,scut_fbp5500,portrait_score,unassigned,2.1333333333333333,2.1333333333333333,0.6500760494407537,60
AF4,datasets\processed\scut_fbp5500\images\AF4.jpg,scut_fbp5500,portrait_score,unassigned,2.683333333333333,2.683333333333333,0.5963637459756623,60
AF40,datasets\processed\scut_fbp5500\images\AF40.jpg,scut_fbp5500,portrait_score,unassigned,2.583333333333333,2.583333333333333,0.5906522297402891,60
AF400,datasets\processed\scut_fbp5500\images\AF400.jpg,scut_fbp5500,portrait_score,unassigned,2.783333333333333,2.783333333333333,0.4544196025054849,60
AF401,datasets\processed\scut_fbp5500\images\AF401.jpg,scut_fbp5500,portrait_score,unassigned,1.8333333333333333,1.8333333333333333,0.7170246117012377,60
AF402,datasets\processed\scut_fbp5500\images\AF402.jpg,scut_fbp5500,portrait_score,unassigned,3.466666666666667,3.466666666666667,0.6756457467795108,60
AF403,datasets\processed\scut_fbp5500\images\AF403.jpg,scut_fbp5500,portrait_score,unassigned,2.6333333333333333,2.6333333333333333,0.5812513288970896,60
AF404,datasets\processed\scut_fbp5500\images\AF404.jpg,scut_fbp5500,portrait_score,unassigned,2.6333333333333333,2.6333333333333333,0.5513209612012652,60
AF405,datasets\processed\scut_fbp5500\images\AF405.jpg,scut_fbp5500,portrait_score,unassigned,2.8,2.8,0.5763708787148326,60
AF406,datasets\processed\scut_fbp5500\images\AF406.jpg,scut_fbp5500,portrait_score,unassigned,2.583333333333333,2.583333333333333,0.590652229740289,60
AF407,datasets\processed\scut_fbp5500\images\AF407.jpg,scut_fbp5500,portrait_score,unassigned,3.2666666666666666,3.2666666666666666,0.5783280010825675,60
AF408,datasets\processed\scut_fbp5500\images\AF408.jpg,scut_fbp5500,portrait_score,unassigned,3.1,3.1,0.3991516427353207,60
AF409,datasets\processed\scut_fbp5500\images\AF409.jpg,scut_fbp5500,portrait_score,unassigned,4.183333333333334,4.183333333333334,0.7476894729916953,60
AF41,datasets\processed\scut_fbp5500\images\AF41.jpg,scut_fbp5500,portrait_score,unassigned,4.25,4.25,0.6541911813032298,60
AF410,datasets\processed\scut_fbp5500\images\AF410.jpg,scut_fbp5500,portrait_score,unassigned,2.2666666666666666,2.2666666666666666,0.6604227374117244,60
AF411,datasets\processed\scut_fbp5500\images\AF411.jpg,scut_fbp5500,portrait_score,unassigned,2.4166666666666665,2.4166666666666665,0.6960339624157418,60
AF412,datasets\processed\scut_fbp5500\images\AF412.jpg,scut_fbp5500,portrait_score,unassigned,3.066666666666667,3.066666666666667,0.5783280010825674,60
AF413,datasets\processed\scut_fbp5500\images\AF413.jpg,scut_fbp5500,portrait_score,unassigned,1.8333333333333333,1.8333333333333333,0.668077602989218,60
AF414,datasets\processed\scut_fbp5500\images\AF414.jpg,scut_fbp5500,portrait_score,unassigned,2.35,2.35,0.7089022308339537,60
AF415,datasets\processed\scut_fbp5500\images\AF415.jpg,scut_fbp5500,portrait_score,unassigned,2.55,2.55,0.6489887831680653,60
AF416,datasets\processed\scut_fbp5500\images\AF416.jpg,scut_fbp5500,portrait_score,unassigned,2.533333333333333,2.533333333333333,0.595652801459882,60
AF417,datasets\processed\scut_fbp5500\images\AF417.jpg,scut_fbp5500,portrait_score,unassigned,2.933333333333333,2.933333333333333,0.6342396132422269,60
AF418,datasets\processed\scut_fbp5500\images\AF418.jpg,scut_fbp5500,portrait_score,unassigned,2.7333333333333334,2.7333333333333334,0.482460735792998,60
AF419,datasets\processed\scut_fbp5500\images\AF419.jpg,scut_fbp5500,portrait_score,unassigned,2.7333333333333334,2.7333333333333334,0.634239613242227,60
AF42,datasets\processed\scut_fbp5500\images\AF42.jpg,scut_fbp5500,portrait_score,unassigned,2.3,2.3,0.6962368581968815,60
AF420,datasets\processed\scut_fbp5500\images\AF420.jpg,scut_fbp5500,portrait_score,unassigned,3.4166666666666665,3.4166666666666665,0.6454972243679027,60
AF421,datasets\processed\scut_fbp5500\images\AF421.jpg,scut_fbp5500,portrait_score,unassigned,2.55,2.55,0.5944660045019181,60
AF422,datasets\processed\scut_fbp5500\images\AF422.jpg,scut_fbp5500,portrait_score,unassigned,2.3666666666666667,2.3666666666666667,0.7122812876724768,60
AF423,datasets\processed\scut_fbp5500\images\AF423.jpg,scut_fbp5500,portrait_score,unassigned,2.95,2.95,0.4288336566604185,60
AF424,datasets\processed\scut_fbp5500\images\AF424.jpg,scut_fbp5500,portrait_score,unassigned,2.6,2.6,0.5880159112340473,60
AF425,datasets\processed\scut_fbp5500\images\AF425.jpg,scut_fbp5500,portrait_score,unassigned,2.466666666666667,2.466666666666667,0.7002824288999323,60
AF426,datasets\processed\scut_fbp5500\images\AF426.jpg,scut_fbp5500,portrait_score,unassigned,2.3666666666666667,2.3666666666666667,0.6629841797500676,60
AF427,datasets\processed\scut_fbp5500\images\AF427.jpg,scut_fbp5500,portrait_score,unassigned,2.333333333333333,2.333333333333333,0.7287478619712606,60
AF428,datasets\processed\scut_fbp5500\images\AF428.jpg,scut_fbp5500,portrait_score,unassigned,2.7666666666666666,2.7666666666666666,0.4645634607236648,60
AF429,datasets\processed\scut_fbp5500\images\AF429.jpg,scut_fbp5500,portrait_score,unassigned,2.466666666666667,2.466666666666667,0.6756457467795108,60
AF43,datasets\processed\scut_fbp5500\images\AF43.jpg,scut_fbp5500,portrait_score,unassigned,2.1666666666666665,2.1666666666666665,0.668077602989218,60
AF430,datasets\processed\scut_fbp5500\images\AF430.jpg,scut_fbp5500,portrait_score,unassigned,2.816666666666667,2.816666666666667,0.5963637459756623,60
AF431,datasets\processed\scut_fbp5500\images\AF431.jpg,scut_fbp5500,portrait_score,unassigned,2.933333333333333,2.933333333333333,0.4061671471357935,60
AF432,datasets\processed\scut_fbp5500\images\AF432.jpg,scut_fbp5500,portrait_score,unassigned,3.033333333333333,3.033333333333333,0.5513209612012652,60
AF433,datasets\processed\scut_fbp5500\images\AF433.jpg,scut_fbp5500,portrait_score,unassigned,3.9166666666666665,3.9166666666666665,0.6712413662397545,60
AF434,datasets\processed\scut_fbp5500\images\AF434.jpg,scut_fbp5500,portrait_score,unassigned,3.0,3.0,0.5523447707389941,60
AF435,datasets\processed\scut_fbp5500\images\AF435.jpg,scut_fbp5500,portrait_score,unassigned,1.6833333333333331,1.6833333333333331,0.6507275372101721,60
AF436,datasets\processed\scut_fbp5500\images\AF436.jpg,scut_fbp5500,portrait_score,unassigned,2.05,2.05,0.790301379972502,60
AF437,datasets\processed\scut_fbp5500\images\AF437.jpg,scut_fbp5500,portrait_score,unassigned,3.083333333333333,3.083333333333333,0.5612234416098719,60
AF438,datasets\processed\scut_fbp5500\images\AF438.jpg,scut_fbp5500,portrait_score,unassigned,2.7,2.7,0.7433319399039409,60
AF439,datasets\processed\scut_fbp5500\images\AF439.jpg,scut_fbp5500,portrait_score,unassigned,2.783333333333333,2.783333333333333,0.5237306419436756,60
AF44,datasets\processed\scut_fbp5500\images\AF44.jpg,scut_fbp5500,portrait_score,unassigned,2.783333333333333,2.783333333333333,0.6661721329614917,60
AF440,datasets\processed\scut_fbp5500\images\AF440.jpg,scut_fbp5500,portrait_score,unassigned,2.583333333333333,2.583333333333333,0.6454972243679028,60
AF441,datasets\processed\scut_fbp5500\images\AF441.jpg,scut_fbp5500,portrait_score,unassigned,3.0,3.0,0.802538345881472,60
AF442,datasets\processed\scut_fbp5500\images\AF442.jpg,scut_fbp5500,portrait_score,unassigned,2.6333333333333333,2.6333333333333333,0.5812513288970897,60
AF443,datasets\processed\scut_fbp5500\images\AF443.jpg,scut_fbp5500,portrait_score,unassigned,2.0,2.0,0.6106401198187058,60
AF444,datasets\processed\scut_fbp5500\images\AF444.jpg,scut_fbp5500,portrait_score,unassigned,3.1666666666666665,3.1666666666666665,0.6929833971319697,60
AF445,datasets\processed\scut_fbp5500\images\AF445.jpg,scut_fbp5500,portrait_score,unassigned,2.1666666666666665,2.1666666666666665,0.7402854847084714,60
AF446,datasets\processed\scut_fbp5500\images\AF446.jpg,scut_fbp5500,portrait_score,unassigned,3.05,3.05,0.5344092255369316,60
AF447,datasets\processed\scut_fbp5500\images\AF447.jpg,scut_fbp5500,portrait_score,unassigned,3.983333333333333,3.983333333333333,0.7008872504569529,60
AF448,datasets\processed\scut_fbp5500\images\AF448.jpg,scut_fbp5500,portrait_score,unassigned,2.683333333333333,2.683333333333333,0.4691017983072982,60
AF449,datasets\processed\scut_fbp5500\images\AF449.jpg,scut_fbp5500,portrait_score,unassigned,2.6666666666666665,2.6666666666666665,0.601316822402263,60
AF45,datasets\processed\scut_fbp5500\images\AF45.jpg,scut_fbp5500,portrait_score,unassigned,2.6666666666666665,2.6666666666666665,0.5420196589926082,60
AF450,datasets\processed\scut_fbp5500\images\AF450.jpg,scut_fbp5500,portrait_score,unassigned,3.1,3.1,0.3541521266540119,60
AF451,datasets\processed\scut_fbp5500\images\AF451.jpg,scut_fbp5500,portrait_score,unassigned,3.0166666666666666,3.0166666666666666,0.5963637459756624,60
AF452,datasets\processed\scut_fbp5500\images\AF452.jpg,scut_fbp5500,portrait_score,unassigned,2.6166666666666667,2.6166666666666667,0.6911465950282972,60
AF453,datasets\processed\scut_fbp5500\images\AF453.jpg,scut_fbp5500,portrait_score,unassigned,4.1,4.1,0.705907277725455,60
AF454,datasets\processed\scut_fbp5500\images\AF454.jpg,scut_fbp5500,portrait_score,unassigned,2.8,2.8,0.5142049977013224,60
AF455,datasets\processed\scut_fbp5500\images\AF455.jpg,scut_fbp5500,portrait_score,unassigned,2.2666666666666666,2.2666666666666666,0.7098977407062844,60
AF456,datasets\processed\scut_fbp5500\images\AF456.jpg,scut_fbp5500,portrait_score,unassigned,2.65,2.65,0.6331251516304802,60
AF457,datasets\processed\scut_fbp5500\images\AF457.jpg,scut_fbp5500,portrait_score,unassigned,2.583333333333333,2.583333333333333,0.5612234416098721,60
AF458,datasets\processed\scut_fbp5500\images\AF458.jpg,scut_fbp5500,portrait_score,unassigned,2.55,2.55,0.5944660045019181,60
AF459,datasets\processed\scut_fbp5500\images\AF459.jpg,scut_fbp5500,portrait_score,unassigned,2.083333333333333,2.083333333333333,0.6712413662397545,60
AF46,datasets\processed\scut_fbp5500\images\AF46.jpg,scut_fbp5500,portrait_score,unassigned,2.2,2.2,0.6324555320336759,60
AF460,datasets\processed\scut_fbp5500\images\AF460.jpg,scut_fbp5500,portrait_score,unassigned,2.6333333333333333,2.6333333333333333,0.6369063647932279,60
AF461,datasets\processed\scut_fbp5500\images\AF461.jpg,scut_fbp5500,portrait_score,unassigned,2.35,2.35,0.6593525329532482,60
AF462,datasets\processed\scut_fbp5500\images\AF462.jpg,scut_fbp5500,portrait_score,unassigned,2.65,2.65,0.4809947319913076,60
AF463,datasets\processed\scut_fbp5500\images\AF463.jpg,scut_fbp5500,portrait_score,unassigned,2.316666666666667,2.316666666666667,0.7917298517752696,60
AF464,datasets\processed\scut_fbp5500\images\AF464.jpg,scut_fbp5500,portrait_score,unassigned,3.316666666666667,3.316666666666667,0.5365194379932874,60
AF465,datasets\processed\scut_fbp5500\images\AF465.jpg,scut_fbp5500,portrait_score,unassigned,2.3833333333333333,2.3833333333333333,0.6911465950282971,60
AF466,datasets\processed\scut_fbp5500\images\AF466.jpg,scut_fbp5500,portrait_score,unassigned,2.95,2.95,0.5944660045019181,60
AF467,datasets\processed\scut_fbp5500\images\AF467.jpg,scut_fbp5500,portrait_score,unassigned,3.2666666666666666,3.2666666666666666,0.6069279874259416,60
AF468,datasets\processed\scut_fbp5500\images\AF468.jpg,scut_fbp5500,portrait_score,unassigned,2.683333333333333,2.683333333333333,0.7700245795475265,60
AF469,datasets\processed\scut_fbp5500\images\AF469.jpg,scut_fbp5500,portrait_score,unassigned,2.8833333333333333,2.8833333333333333,0.5551505114790765,60
AF47,datasets\processed\scut_fbp5500\images\AF47.jpg,scut_fbp5500,portrait_score,unassigned,2.8833333333333333,2.8833333333333333,0.5551505114790765,60
AF470,datasets\processed\scut_fbp5500\images\AF470.jpg,scut_fbp5500,portrait_score,unassigned,3.6166666666666663,3.6166666666666663,0.761169186891749,60
AF471,datasets\processed\scut_fbp5500\images\AF471.jpg,scut_fbp5500,portrait_score,unassigned,3.25,3.25,0.4738947891530783,60
AF472,datasets\processed\scut_fbp5500\images\AF472.jpg,scut_fbp5500,portrait_score,unassigned,3.0166666666666666,3.0166666666666666,0.4314605336417172,60
AF473,datasets\processed\scut_fbp5500\images\AF473.jpg,scut_fbp5500,portrait_score,unassigned,2.65,2.65,0.605763280945926,60
AF474,datasets\processed\scut_fbp5500\images\AF474.jpg,scut_fbp5500,portrait_score,unassigned,2.183333333333333,2.183333333333333,0.6762726024084973,60
AF475,datasets\processed\scut_fbp5500\images\AF475.jpg,scut_fbp5500,portrait_score,unassigned,1.85,1.85,0.7089022308339535,60
AF476,datasets\processed\scut_fbp5500\images\AF476.jpg,scut_fbp5500,portrait_score,unassigned,3.966666666666667,3.966666666666667,0.7122812876724768,60
AF477,datasets\processed\scut_fbp5500\images\AF477.jpg,scut_fbp5500,portrait_score,unassigned,3.25,3.25,0.5712015287450464,60
AF478,datasets\processed\scut_fbp5500\images\AF478.jpg,scut_fbp5500,portrait_score,unassigned,2.933333333333333,2.933333333333333,0.5482380612028067,60
AF479,datasets\processed\scut_fbp5500\images\AF479.jpg,scut_fbp5500,portrait_score,unassigned,2.55,2.55,0.5944660045019183,60
AF48,datasets\processed\scut_fbp5500\images\AF48.jpg,scut_fbp5500,portrait_score,unassigned,2.3,2.3,0.6962368581968814,60
AF480,datasets\processed\scut_fbp5500\images\AF480.jpg,scut_fbp5500,portrait_score,unassigned,3.1166666666666667,3.1166666666666667,0.7385663314751767,60
AF481,datasets\processed\scut_fbp5500\images\AF481.jpg,scut_fbp5500,portrait_score,unassigned,2.283333333333333,2.283333333333333,0.7385663314751766,60
AF482,datasets\processed\scut_fbp5500\images\AF482.jpg,scut_fbp5500,portrait_score,unassigned,2.7333333333333334,2.7333333333333334,0.7098977407062844,60
AF483,datasets\processed\scut_fbp5500\images\AF483.jpg,scut_fbp5500,portrait_score,unassigned,2.7666666666666666,2.7666666666666666,0.5634839166238779,60
AF484,datasets\processed\scut_fbp5500\images\AF484.jpg,scut_fbp5500,portrait_score,unassigned,3.6166666666666663,3.6166666666666663,0.6661721329614917,60
AF485,datasets\processed\scut_fbp5500\images\AF485.jpg,scut_fbp5500,portrait_score,unassigned,2.55,2.55,0.5344092255369317,60
AF486,datasets\processed\scut_fbp5500\images\AF486.jpg,scut_fbp5500,portrait_score,unassigned,2.4166666666666665,2.4166666666666665,0.6960339624157418,60
AF487,datasets\processed\scut_fbp5500\images\AF487.jpg,scut_fbp5500,portrait_score,unassigned,2.583333333333333,2.583333333333333,0.6454972243679028,60
AF488,datasets\processed\scut_fbp5500\images\AF488.jpg,scut_fbp5500,portrait_score,unassigned,3.3,3.3,0.6189110173988077,60
AF489,datasets\processed\scut_fbp5500\images\AF489.jpg,scut_fbp5500,portrait_score,unassigned,2.3,2.3,0.6457159999120147,60
AF49,datasets\processed\scut_fbp5500\images\AF49.jpg,scut_fbp5500,portrait_score,unassigned,2.1333333333333333,2.1333333333333333,0.7240813388775703,60
AF490,datasets\processed\scut_fbp5500\images\AF490.jpg,scut_fbp5500,portrait_score,unassigned,2.3,2.3,0.720169471580551,60
AF491,datasets\processed\scut_fbp5500\images\AF491.jpg,scut_fbp5500,portrait_score,unassigned,3.716666666666667,3.716666666666667,0.7385663314751766,60
AF492,datasets\processed\scut_fbp5500\images\AF492.jpg,scut_fbp5500,portrait_score,unassigned,4.166666666666667,4.166666666666667,0.7402854847084713,60
AF493,datasets\processed\scut_fbp5500\images\AF493.jpg,scut_fbp5500,portrait_score,unassigned,2.8,2.8,0.4801129810537007,60
AF494,datasets\processed\scut_fbp5500\images\AF494.jpg,scut_fbp5500,portrait_score,unassigned,2.3,2.3,0.6189110173988075,60
AF495,datasets\processed\scut_fbp5500\images\AF495.jpg,scut_fbp5500,portrait_score,unassigned,2.533333333333333,2.533333333333333,0.5956528014598822,60
AF496,datasets\processed\scut_fbp5500\images\AF496.jpg,scut_fbp5500,portrait_score,unassigned,2.2333333333333334,2.2333333333333334,0.6978579008061129,60
AF497,datasets\processed\scut_fbp5500\images\AF497.jpg,scut_fbp5500,portrait_score,unassigned,2.05,2.05,0.7231053560389409,60
AF498,datasets\processed\scut_fbp5500\images\AF498.jpg,scut_fbp5500,portrait_score,unassigned,2.65,2.65,0.5771055773925835,60
AF499,datasets\processed\scut_fbp5500\images\AF499.jpg,scut_fbp5500,portrait_score,unassigned,3.083333333333333,3.083333333333333,0.5906522297402891,60
AF5,datasets\processed\scut_fbp5500\images\AF5.jpg,scut_fbp5500,portrait_score,unassigned,2.0,2.0,0.7364596943186588,60
AF50,datasets\processed\scut_fbp5500\images\AF50.jpg,scut_fbp5500,portrait_score,unassigned,2.583333333333333,2.583333333333333,0.561223441609872,60
AF500,datasets\processed\scut_fbp5500\images\AF500.jpg,scut_fbp5500,portrait_score,unassigned,2.35,2.35,0.6593525329532484,60
AF501,datasets\processed\scut_fbp5500\images\AF501.jpg,scut_fbp5500,portrait_score,unassigned,3.8333333333333335,3.8333333333333335,0.6929833971319694,60
AF502,datasets\processed\scut_fbp5500\images\AF502.jpg,scut_fbp5500,portrait_score,unassigned,2.6166666666666667,2.6166666666666667,0.6131791749276648,60
AF503,datasets\processed\scut_fbp5500\images\AF503.jpg,scut_fbp5500,portrait_score,unassigned,4.35,4.35,0.6331251516304802,60
AF504,datasets\processed\scut_fbp5500\images\AF504.jpg,scut_fbp5500,portrait_score,unassigned,2.283333333333333,2.283333333333333,0.6911465950282972,60
AF505,datasets\processed\scut_fbp5500\images\AF505.jpg,scut_fbp5500,portrait_score,unassigned,2.683333333333333,2.683333333333333,0.6241378234003048,60
AF506,datasets\processed\scut_fbp5500\images\AF506.jpg,scut_fbp5500,portrait_score,unassigned,2.9833333333333334,2.9833333333333334,0.4691017983072983,60
AF507,datasets\processed\scut_fbp5500\images\AF507.jpg,scut_fbp5500,portrait_score,unassigned,2.566666666666667,2.566666666666667,0.6978579008061128,60
AF508,datasets\processed\scut_fbp5500\images\AF508.jpg,scut_fbp5500,portrait_score,unassigned,2.216666666666667,2.216666666666667,0.7385663314751767,60
AF509,datasets\processed\scut_fbp5500\images\AF509.jpg,scut_fbp5500,portrait_score,unassigned,2.6333333333333333,2.6333333333333333,0.6097142055335257,60
AF51,datasets\processed\scut_fbp5500\images\AF51.jpg,scut_fbp5500,portrait_score,unassigned,2.35,2.35,0.6593525329532482,60
AF510,datasets\processed\scut_fbp5500\images\AF510.jpg,scut_fbp5500,portrait_score,unassigned,3.733333333333333,3.733333333333333,0.6604227374117243,60
AF511,datasets\processed\scut_fbp5500\images\AF511.jpg,scut_fbp5500,portrait_score,unassigned,2.7666666666666666,2.7666666666666666,0.5325559305923084,60
AF512,datasets\processed\scut_fbp5500\images\AF512.jpg,scut_fbp5500,portrait_score,unassigned,2.466666666666667,2.466666666666667,0.6234585511256954,60
AF513,datasets\processed\scut_fbp5500\images\AF513.jpg,scut_fbp5500,portrait_score,unassigned,2.933333333333333,2.933333333333333,0.4824607357929978,60
AF514,datasets\processed\scut_fbp5500\images\AF514.jpg,scut_fbp5500,portrait_score,unassigned,2.183333333333333,2.183333333333333,0.7476894729916952,60
AF515,datasets\processed\scut_fbp5500\images\AF515.jpg,scut_fbp5500,portrait_score,unassigned,3.2666666666666666,3.2666666666666666,0.5482380612028067,60
AF516,datasets\processed\scut_fbp5500\images\AF516.jpg,scut_fbp5500,portrait_score,unassigned,2.7666666666666666,2.7666666666666666,0.4997174342809081,60
AF517,datasets\processed\scut_fbp5500\images\AF517.jpg,scut_fbp5500,portrait_score,unassigned,2.283333333333333,2.283333333333333,0.6911465950282971,60
AF518,datasets\processed\scut_fbp5500\images\AF518.jpg,scut_fbp5500,portrait_score,unassigned,2.15,2.15,0.6593525329532482,60
AF519,datasets\processed\scut_fbp5500\images\AF519.jpg,scut_fbp5500,portrait_score,unassigned,2.783333333333333,2.783333333333333,0.5848849420870962,60
AF52,datasets\processed\scut_fbp5500\images\AF52.jpg,scut_fbp5500,portrait_score,unassigned,2.1333333333333333,2.1333333333333333,0.7240813388775703,60
AF520,datasets\processed\scut_fbp5500\images\AF520.jpg,scut_fbp5500,portrait_score,unassigned,1.6666666666666667,1.6666666666666667,0.6806444271116836,60
AF521,datasets\processed\scut_fbp5500\images\AF521.jpg,scut_fbp5500,portrait_score,unassigned,2.8833333333333333,2.8833333333333333,0.4544196025054849,60
AF522,datasets\processed\scut_fbp5500\images\AF522.jpg,scut_fbp5500,portrait_score,unassigned,2.3,2.3,0.6962368581968815,60
AF523,datasets\processed\scut_fbp5500\images\AF523.jpg,scut_fbp5500,portrait_score,unassigned,2.4,2.4,0.616166387389926,60
AF524,datasets\processed\scut_fbp5500\images\AF524.jpg,scut_fbp5500,portrait_score,unassigned,2.7,2.7,0.5614750549117348,60
AF525,datasets\processed\scut_fbp5500\images\AF525.jpg,scut_fbp5500,portrait_score,unassigned,2.283333333333333,2.283333333333333,0.7152495514881186,60
AF526,datasets\processed\scut_fbp5500\images\AF526.jpg,scut_fbp5500,portrait_score,unassigned,3.1166666666666667,3.1166666666666667,0.6911465950282971,60
AF527,datasets\processed\scut_fbp5500\images\AF527.jpg,scut_fbp5500,portrait_score,unassigned,3.1333333333333333,3.1333333333333333,0.6500760494407536,60
AF528,datasets\processed\scut_fbp5500\images\AF528.jpg,scut_fbp5500,portrait_score,unassigned,2.9166666666666665,2.9166666666666665,0.590652229740289,60
AF529,datasets\processed\scut_fbp5500\images\AF529.jpg,scut_fbp5500,portrait_score,unassigned,2.55,2.55,0.594466004501918,60
AF53,datasets\processed\scut_fbp5500\images\AF53.jpg,scut_fbp5500,portrait_score,unassigned,2.1666666666666665,2.1666666666666665,0.6929833971319695,60
AF530,datasets\processed\scut_fbp5500\images\AF530.jpg,scut_fbp5500,portrait_score,unassigned,2.833333333333333,2.833333333333333,0.3758230140014145,60
AF531,datasets\processed\scut_fbp5500\images\AF531.jpg,scut_fbp5500,portrait_score,unassigned,3.0,3.0,0.6106401198187059,60
AF532,datasets\processed\scut_fbp5500\images\AF532.jpg,scut_fbp5500,portrait_score,unassigned,2.15,2.15,0.7089022308339537,60
AF533,datasets\processed\scut_fbp5500\images\AF533.jpg,scut_fbp5500,portrait_score,unassigned,2.8,2.8,0.4801129810537008,60
AF534,datasets\processed\scut_fbp5500\images\AF534.jpg,scut_fbp5500,portrait_score,unassigned,2.433333333333333,2.433333333333333,0.6207340287621398,60
AF535,datasets\processed\scut_fbp5500\images\AF535.jpg,scut_fbp5500,portrait_score,unassigned,2.583333333333333,2.583333333333333,0.5301636033600229,60
AF536,datasets\processed\scut_fbp5500\images\AF536.jpg,scut_fbp5500,portrait_score,unassigned,1.85,1.85,0.684575830567082,60
AF537,datasets\processed\scut_fbp5500\images\AF537.jpg,scut_fbp5500,portrait_score,unassigned,2.4833333333333334,2.4833333333333334,0.5963637459756623,60
AF538,datasets\processed\scut_fbp5500\images\AF538.jpg,scut_fbp5500,portrait_score,unassigned,3.1333333333333333,3.1333333333333333,0.5664838521990366,60
AF539,datasets\processed\scut_fbp5500\images\AF539.jpg,scut_fbp5500,portrait_score,unassigned,3.933333333333333,3.933333333333333,0.7333846926031609,60
AF54,datasets\processed\scut_fbp5500\images\AF54.jpg,scut_fbp5500,portrait_score,unassigned,2.216666666666667,2.216666666666667,0.6661721329614917,60
AF540,datasets\processed\scut_fbp5500\images\AF540.jpg,scut_fbp5500,portrait_score,unassigned,2.5,2.5,0.5674803065350239,60
AF541,datasets\processed\scut_fbp5500\images\AF541.jpg,scut_fbp5500,portrait_score,unassigned,2.65,2.65,0.6331251516304802,60
AF542,datasets\processed\scut_fbp5500\images\AF542.jpg,scut_fbp5500,portrait_score,unassigned,3.1166666666666667,3.1166666666666667,0.4544196025054849,60
AF543,datasets\processed\scut_fbp5500\images\AF543.jpg,scut_fbp5500,portrait_score,unassigned,2.5,2.5,0.6764814252025458,60
AF544,datasets\processed\scut_fbp5500\images\AF544.jpg,scut_fbp5500,portrait_score,unassigned,2.216666666666667,2.216666666666667,0.7152495514881186,60
AF545,datasets\processed\scut_fbp5500\images\AF545.jpg,scut_fbp5500,portrait_score,unassigned,3.883333333333333,3.883333333333333,0.8044719642367519,60
AF546,datasets\processed\scut_fbp5500\images\AF546.jpg,scut_fbp5500,portrait_score,unassigned,1.8833333333333333,1.8833333333333333,0.6402241838994506,60
AF547,datasets\processed\scut_fbp5500\images\AF547.jpg,scut_fbp5500,portrait_score,unassigned,2.6666666666666665,2.6666666666666665,0.5724365605193373,60
AF548,datasets\processed\scut_fbp5500\images\AF548.jpg,scut_fbp5500,portrait_score,unassigned,3.6166666666666663,3.6166666666666663,0.6402241838994505,60
AF549,datasets\processed\scut_fbp5500\images\AF549.jpg,scut_fbp5500,portrait_score,unassigned,2.183333333333333,2.183333333333333,0.6762726024084972,60
AF55,datasets\processed\scut_fbp5500\images\AF55.jpg,scut_fbp5500,portrait_score,unassigned,2.25,2.25,0.7277781371744774,60
AF550,datasets\processed\scut_fbp5500\images\AF550.jpg,scut_fbp5500,portrait_score,unassigned,2.533333333333333,2.533333333333333,0.5357290823891439,60
AF551,datasets\processed\scut_fbp5500\images\AF551.jpg,scut_fbp5500,portrait_score,unassigned,3.733333333333333,3.733333333333333,0.6069279874259416,60
AF552,datasets\processed\scut_fbp5500\images\AF552.jpg,scut_fbp5500,portrait_score,unassigned,2.8666666666666667,2.8666666666666667,0.5030977485864634,60
AF553,datasets\processed\scut_fbp5500\images\AF553.jpg,scut_fbp5500,portrait_score,unassigned,2.95,2.95,0.5016920522135438,60
AF554,datasets\processed\scut_fbp5500\images\AF554.jpg,scut_fbp5500,portrait_score,unassigned,3.4166666666666665,3.4166666666666665,0.765609686518134,60
AF555,datasets\processed\scut_fbp5500\images\AF555.jpg,scut_fbp5500,portrait_score,unassigned,2.783333333333333,2.783333333333333,0.5237306419436755,60
AF556,datasets\processed\scut_fbp5500\images\AF556.jpg,scut_fbp5500,portrait_score,unassigned,2.583333333333333,2.583333333333333,0.618682763281733,60
AF557,datasets\processed\scut_fbp5500\images\AF557.jpg,scut_fbp5500,portrait_score,unassigned,1.95,1.95,0.7231053560389408,60
AF558,datasets\processed\scut_fbp5500\images\AF558.jpg,scut_fbp5500,portrait_score,unassigned,2.333333333333333,2.333333333333333,0.8164965809277261,60
AF559,datasets\processed\scut_fbp5500\images\AF559.jpg,scut_fbp5500,portrait_score,unassigned,2.966666666666667,2.966666666666667,0.5812513288970897,60
AF56,datasets\processed\scut_fbp5500\images\AF56.jpg,scut_fbp5500,portrait_score,unassigned,3.316666666666667,3.316666666666667,0.6241378234003048,60
AF560,datasets\processed\scut_fbp5500\images\AF560.jpg,scut_fbp5500,portrait_score,unassigned,2.283333333333333,2.283333333333333,0.6661721329614915,60
AF561,datasets\processed\scut_fbp5500\images\AF561.jpg,scut_fbp5500,portrait_score,unassigned,4.066666666666666,4.066666666666666,0.7098977407062844,60
AF562,datasets\processed\scut_fbp5500\images\AF562.jpg,scut_fbp5500,portrait_score,unassigned,2.8666666666666667,2.8666666666666667,0.595652801459882,60
AF563,datasets\processed\scut_fbp5500\images\AF563.jpg,scut_fbp5500,portrait_score,unassigned,3.083333333333333,3.083333333333333,0.4971671160112441,60
AF564,datasets\processed\scut_fbp5500\images\AF564.jpg,scut_fbp5500,portrait_score,unassigned,2.9833333333333334,2.9833333333333334,0.4691017983072983,60
AF565,datasets\processed\scut_fbp5500\images\AF565.jpg,scut_fbp5500,portrait_score,unassigned,4.05,4.05,0.7461766955734742,60
AF566,datasets\processed\scut_fbp5500\images\AF566.jpg,scut_fbp5500,portrait_score,unassigned,2.35,2.35,0.7089022308339537,60
AF567,datasets\processed\scut_fbp5500\images\AF567.jpg,scut_fbp5500,portrait_score,unassigned,3.5,3.5,0.6243640832675886,60
AF568,datasets\processed\scut_fbp5500\images\AF568.jpg,scut_fbp5500,portrait_score,unassigned,2.4166666666666665,2.4166666666666665,0.6712413662397545,60
AF569,datasets\processed\scut_fbp5500\images\AF569.jpg,scut_fbp5500,portrait_score,unassigned,3.716666666666667,3.716666666666667,0.7152495514881186,60
AF57,datasets\processed\scut_fbp5500\images\AF57.jpg,scut_fbp5500,portrait_score,unassigned,2.216666666666667,2.216666666666667,0.6402241838994507,60
AF570,datasets\processed\scut_fbp5500\images\AF570.jpg,scut_fbp5500,portrait_score,unassigned,2.3833333333333333,2.3833333333333333,0.6402241838994505,60
AF571,datasets\processed\scut_fbp5500\images\AF571.jpg,scut_fbp5500,portrait_score,unassigned,2.9,2.9,0.5108981788502894,60
AF572,datasets\processed\scut_fbp5500\images\AF572.jpg,scut_fbp5500,portrait_score,unassigned,3.333333333333333,3.333333333333333,0.8369975936353775,60
AF573,datasets\processed\scut_fbp5500\images\AF573.jpg,scut_fbp5500,portrait_score,unassigned,2.683333333333333,2.683333333333333,0.5672313570575752,60
AF574,datasets\processed\scut_fbp5500\images\AF574.jpg,scut_fbp5500,portrait_score,unassigned,2.9166666666666665,2.9166666666666665,0.5301636033600228,60
AF575,datasets\processed\scut_fbp5500\images\AF575.jpg,scut_fbp5500,portrait_score,unassigned,2.9166666666666665,2.9166666666666665,0.5612234416098719,60
AF576,datasets\processed\scut_fbp5500\images\AF576.jpg,scut_fbp5500,portrait_score,unassigned,2.55,2.55,0.6489887831680654,60
AF577,datasets\processed\scut_fbp5500\images\AF577.jpg,scut_fbp5500,portrait_score,unassigned,2.9166666666666665,2.9166666666666665,0.5612234416098719,60
AF578,datasets\processed\scut_fbp5500\images\AF578.jpg,scut_fbp5500,portrait_score,unassigned,2.1333333333333333,2.1333333333333333,0.6500760494407538,60
AF579,datasets\processed\scut_fbp5500\images\AF579.jpg,scut_fbp5500,portrait_score,unassigned,2.5166666666666666,2.5166666666666666,0.6762726024084973,60
AF58,datasets\processed\scut_fbp5500\images\AF58.jpg,scut_fbp5500,portrait_score,unassigned,2.6666666666666665,2.6666666666666665,0.5420196589926082,60
AF580,datasets\processed\scut_fbp5500\images\AF580.jpg,scut_fbp5500,portrait_score,unassigned,2.716666666666667,2.716666666666667,0.5551505114790765,60
AF581,datasets\processed\scut_fbp5500\images\AF581.jpg,scut_fbp5500,portrait_score,unassigned,2.8666666666666667,2.8666666666666667,0.4681976500881039,60
AF582,datasets\processed\scut_fbp5500\images\AF582.jpg,scut_fbp5500,portrait_score,unassigned,3.8333333333333335,3.8333333333333335,0.6422066478409215,60
AF583,datasets\processed\scut_fbp5500\images\AF583.jpg,scut_fbp5500,portrait_score,unassigned,2.5,2.5,0.5966005392134929,60
AF584,datasets\processed\scut_fbp5500\images\AF584.jpg,scut_fbp5500,portrait_score,unassigned,2.566666666666667,2.566666666666667,0.5928004971139371,60
AF585,datasets\processed\scut_fbp5500\images\AF585.jpg,scut_fbp5500,portrait_score,unassigned,2.2,2.2,0.6587095756740945,60
AF586,datasets\processed\scut_fbp5500\images\AF586.jpg,scut_fbp5500,portrait_score,unassigned,4.116666666666666,4.116666666666666,0.6131791749276646,60
AF587,datasets\processed\scut_fbp5500\images\AF587.jpg,scut_fbp5500,portrait_score,unassigned,1.7666666666666666,1.7666666666666666,0.7217367628174831,60
AF588,datasets\processed\scut_fbp5500\images\AF588.jpg,scut_fbp5500,portrait_score,unassigned,3.0166666666666666,3.0166666666666666,0.4314605336417173,60
AF589,datasets\processed\scut_fbp5500\images\AF589.jpg,scut_fbp5500,portrait_score,unassigned,2.583333333333333,2.583333333333333,0.645497224367903,60
AF59,datasets\processed\scut_fbp5500\images\AF59.jpg,scut_fbp5500,portrait_score,unassigned,2.083333333333333,2.083333333333333,0.6960339624157418,60
AF590,datasets\processed\scut_fbp5500\images\AF590.jpg,scut_fbp5500,portrait_score,unassigned,2.7666666666666666,2.7666666666666666,0.5325559305923082,60
AF591,datasets\processed\scut_fbp5500\images\AF591.jpg,scut_fbp5500,portrait_score,unassigned,2.65,2.65,0.5469483909592215,60
AF592,datasets\processed\scut_fbp5500\images\AF592.jpg,scut_fbp5500,portrait_score,unassigned,4.533333333333333,4.533333333333333,0.6234585511256955,60
AF593,datasets\processed\scut_fbp5500\images\AF593.jpg,scut_fbp5500,portrait_score,unassigned,3.783333333333333,3.783333333333333,0.6661721329614916,60
AF594,datasets\processed\scut_fbp5500\images\AF594.jpg,scut_fbp5500,portrait_score,unassigned,2.466666666666667,2.466666666666667,0.6756457467795111,60
AF595,datasets\processed\scut_fbp5500\images\AF595.jpg,scut_fbp5500,portrait_score,unassigned,2.283333333333333,2.283333333333333,0.6911465950282971,60
AF596,datasets\processed\scut_fbp5500\images\AF596.jpg,scut_fbp5500,portrait_score,unassigned,2.833333333333333,2.833333333333333,0.4928872620664331,60
AF597,datasets\processed\scut_fbp5500\images\AF597.jpg,scut_fbp5500,portrait_score,unassigned,2.9166666666666665,2.9166666666666665,0.4618190513157638,60
AF598,datasets\processed\scut_fbp5500\images\AF598.jpg,scut_fbp5500,portrait_score,unassigned,2.35,2.35,0.6593525329532482,60
AF599,datasets\processed\scut_fbp5500\images\AF599.jpg,scut_fbp5500,portrait_score,unassigned,2.7333333333333334,2.7333333333333334,0.5482380612028067,60
AF6,datasets\processed\scut_fbp5500\images\AF6.jpg,scut_fbp5500,portrait_score,unassigned,1.5666666666666669,1.5666666666666669,0.6474635430261866,60
AF60,datasets\processed\scut_fbp5500\images\AF60.jpg,scut_fbp5500,portrait_score,unassigned,2.716666666666667,2.716666666666667,0.4903014177279,60
AF600,datasets\processed\scut_fbp5500\images\AF600.jpg,scut_fbp5500,portrait_score,unassigned,3.35,3.35,0.8197767368650347,60
AF601,datasets\processed\scut_fbp5500\images\AF601.jpg,scut_fbp5500,portrait_score,unassigned,2.25,2.25,0.704104191057266,60
AF602,datasets\processed\scut_fbp5500\images\AF602.jpg,scut_fbp5500,portrait_score,unassigned,2.65,2.65,0.7089022308339535,60
AF603,datasets\processed\scut_fbp5500\images\AF603.jpg,scut_fbp5500,portrait_score,unassigned,4.316666666666666,4.316666666666666,0.6241378234003048,60
AF604,datasets\processed\scut_fbp5500\images\AF604.jpg,scut_fbp5500,portrait_score,unassigned,2.8,2.8,0.5461731270812971,60
AF605,datasets\processed\scut_fbp5500\images\AF605.jpg,scut_fbp5500,portrait_score,unassigned,2.6666666666666665,2.6666666666666665,0.4753826885415284,60
AF606,datasets\processed\scut_fbp5500\images\AF606.jpg,scut_fbp5500,portrait_score,unassigned,2.9833333333333334,2.9833333333333334,0.5365194379932873,60
AF607,datasets\processed\scut_fbp5500\images\AF607.jpg,scut_fbp5500,portrait_score,unassigned,2.55,2.55,0.5652358139960072,60
AF608,datasets\processed\scut_fbp5500\images\AF608.jpg,scut_fbp5500,portrait_score,unassigned,2.316666666666667,2.316666666666667,0.6507275372101722,60
AF609,datasets\processed\scut_fbp5500\images\AF609.jpg,scut_fbp5500,portrait_score,unassigned,2.466666666666667,2.466666666666667,0.6500760494407536,60
AF61,datasets\processed\scut_fbp5500\images\AF61.jpg,scut_fbp5500,portrait_score,unassigned,2.3666666666666667,2.3666666666666667,0.6629841797500676,60
AF610,datasets\processed\scut_fbp5500\images\AF610.jpg,scut_fbp5500,portrait_score,unassigned,1.8666666666666667,1.8666666666666667,0.7002824288999322,60
AF611,datasets\processed\scut_fbp5500\images\AF611.jpg,scut_fbp5500,portrait_score,unassigned,2.7666666666666666,2.7666666666666666,0.6207340287621397,60
AF612,datasets\processed\scut_fbp5500\images\AF612.jpg,scut_fbp5500,portrait_score,unassigned,2.3,2.3,0.6457159999120146,60
AF613,datasets\processed\scut_fbp5500\images\AF613.jpg,scut_fbp5500,portrait_score,unassigned,2.083333333333333,2.083333333333333,0.6960339624157417,60
AF614,datasets\processed\scut_fbp5500\images\AF614.jpg,scut_fbp5500,portrait_score,unassigned,3.033333333333333,3.033333333333333,0.8430506884386232,60
AF615,datasets\processed\scut_fbp5500\images\AF615.jpg,scut_fbp5500,portrait_score,unassigned,2.6666666666666665,2.6666666666666665,0.5420196589926082,60
AF616,datasets\processed\scut_fbp5500\images\AF616.jpg,scut_fbp5500,portrait_score,unassigned,2.0166666666666666,2.0166666666666666,0.7008872504569528,60
AF617,datasets\processed\scut_fbp5500\images\AF617.jpg,scut_fbp5500,portrait_score,unassigned,2.4833333333333334,2.4833333333333334,0.5963637459756623,60
AF618,datasets\processed\scut_fbp5500\images\AF618.jpg,scut_fbp5500,portrait_score,unassigned,3.0,3.0,0.4116934847963093,60
AF619,datasets\processed\scut_fbp5500\images\AF619.jpg,scut_fbp5500,portrait_score,unassigned,2.966666666666667,2.966666666666667,0.4859611014169709,60
AF62,datasets\processed\scut_fbp5500\images\AF62.jpg,scut_fbp5500,portrait_score,unassigned,2.6333333333333333,2.6333333333333333,0.5812513288970896,60
AF620,datasets\processed\scut_fbp5500\images\AF620.jpg,scut_fbp5500,portrait_score,unassigned,2.5,2.5,0.5674803065350239,60
AF621,datasets\processed\scut_fbp5500\images\AF621.jpg,scut_fbp5500,portrait_score,unassigned,2.783333333333333,2.783333333333333,0.4903014177278999,60
AF622,datasets\processed\scut_fbp5500\images\AF622.jpg,scut_fbp5500,portrait_score,unassigned,2.2,2.2,0.708304253308024,60
AF623,datasets\processed\scut_fbp5500\images\AF623.jpg,scut_fbp5500,portrait_score,unassigned,3.0166666666666666,3.0166666666666666,0.5365194379932873,60
AF624,datasets\processed\scut_fbp5500\images\AF624.jpg,scut_fbp5500,portrait_score,unassigned,2.7,2.7,0.4974511303823161,60
AF625,datasets\processed\scut_fbp5500\images\AF625.jpg,scut_fbp5500,portrait_score,unassigned,3.1,3.1,0.7059072777254551,60
AF626,datasets\processed\scut_fbp5500\images\AF626.jpg,scut_fbp5500,portrait_score,unassigned,2.6,2.6,0.6430857812406507,60
AF627,datasets\processed\scut_fbp5500\images\AF627.jpg,scut_fbp5500,portrait_score,unassigned,2.533333333333333,2.533333333333333,0.6234585511256955,60
AF628,datasets\processed\scut_fbp5500\images\AF628.jpg,scut_fbp5500,portrait_score,unassigned,2.6333333333333333,2.6333333333333333,0.5513209612012653,60
AF629,datasets\processed\scut_fbp5500\images\AF629.jpg,scut_fbp5500,portrait_score,unassigned,2.8666666666666667,2.8666666666666667,0.4304773332746764,60
AF63,datasets\processed\scut_fbp5500\images\AF63.jpg,scut_fbp5500,portrait_score,unassigned,1.7833333333333334,1.7833333333333334,0.7152495514881186,60
AF630,datasets\processed\scut_fbp5500\images\AF630.jpg,scut_fbp5500,portrait_score,unassigned,3.783333333333333,3.783333333333333,0.7611691868917491,60
AF631,datasets\processed\scut_fbp5500\images\AF631.jpg,scut_fbp5500,portrait_score,unassigned,3.4,3.4,0.5880159112340472,60
AF632,datasets\processed\scut_fbp5500\images\AF632.jpg,scut_fbp5500,portrait_score,unassigned,2.2,2.2,0.6839565850033841,60
AF633,datasets\processed\scut_fbp5500\images\AF633.jpg,scut_fbp5500,portrait_score,unassigned,3.6,3.6,0.717812118376484,60
AF634,datasets\processed\scut_fbp5500\images\AF634.jpg,scut_fbp5500,portrait_score,unassigned,3.3833333333333333,3.3833333333333333,0.8252717408997374,60
AF635,datasets\processed\scut_fbp5500\images\AF635.jpg,scut_fbp5500,portrait_score,unassigned,2.9,2.9,0.4395683553021656,60
AF636,datasets\processed\scut_fbp5500\images\AF636.jpg,scut_fbp5500,portrait_score,unassigned,3.583333333333333,3.583333333333333,0.590652229740289,60
AF637,datasets\processed\scut_fbp5500\images\AF637.jpg,scut_fbp5500,portrait_score,unassigned,2.7,2.7,0.4974511303823161,60
AF638,datasets\processed\scut_fbp5500\images\AF638.jpg,scut_fbp5500,portrait_score,unassigned,2.4,2.4,0.643085781240651,60
AF639,datasets\processed\scut_fbp5500\images\AF639.jpg,scut_fbp5500,portrait_score,unassigned,4.183333333333334,4.183333333333334,0.6241378234003047,60
AF64,datasets\processed\scut_fbp5500\images\AF64.jpg,scut_fbp5500,portrait_score,unassigned,2.3,2.3,0.7201694715805512,60
AF640,datasets\processed\scut_fbp5500\images\AF640.jpg,scut_fbp5500,portrait_score,unassigned,2.6,2.6,0.5272249061784877,60
AF641,datasets\processed\scut_fbp5500\images\AF641.jpg,scut_fbp5500,portrait_score,unassigned,2.4833333333333334,2.4833333333333334,0.6241378234003048,60
AF642,datasets\processed\scut_fbp5500\images\AF642.jpg,scut_fbp5500,portrait_score,unassigned,2.7,2.7,0.5614750549117349,60
AF643,datasets\processed\scut_fbp5500\images\AF643.jpg,scut_fbp5500,portrait_score,unassigned,2.2,2.2,0.7546466228796952,60
AF644,datasets\processed\scut_fbp5500\images\AF644.jpg,scut_fbp5500,portrait_score,unassigned,2.6,2.6,0.5584482131582669,60
AF645,datasets\processed\scut_fbp5500\images\AF645.jpg,scut_fbp5500,portrait_score,unassigned,2.783333333333333,2.783333333333333,0.5237306419436756,60
AF646,datasets\processed\scut_fbp5500\images\AF646.jpg,scut_fbp5500,portrait_score,unassigned,3.633333333333333,3.633333333333333,0.5196696038591647,60
AF647,datasets\processed\scut_fbp5500\images\AF647.jpg,scut_fbp5500,portrait_score,unassigned,3.7,3.7,0.6714517537598059,60
AF648,datasets\processed\scut_fbp5500\images\AF648.jpg,scut_fbp5500,portrait_score,unassigned,2.6666666666666665,2.6666666666666665,0.5724365605193373,60
AF649,datasets\processed\scut_fbp5500\images\AF649.jpg,scut_fbp5500,portrait_score,unassigned,2.2,2.2,0.6839565850033842,60
AF65,datasets\processed\scut_fbp5500\images\AF65.jpg,scut_fbp5500,portrait_score,unassigned,2.9166666666666665,2.9166666666666665,0.4618190513157641,60
AF650,datasets\processed\scut_fbp5500\images\AF650.jpg,scut_fbp5500,portrait_score,unassigned,2.45,2.45,0.6992732304667881,60
AF651,datasets\processed\scut_fbp5500\images\AF651.jpg,scut_fbp5500,portrait_score,unassigned,2.65,2.65,0.6057632809459261,60
AF652,datasets\processed\scut_fbp5500\images\AF652.jpg,scut_fbp5500,portrait_score,unassigned,2.6333333333333333,2.6333333333333333,0.5812513288970899,60
AF653,datasets\processed\scut_fbp5500\images\AF653.jpg,scut_fbp5500,portrait_score,unassigned,2.583333333333333,2.583333333333333,0.561223441609872,60
AF654,datasets\processed\scut_fbp5500\images\AF654.jpg,scut_fbp5500,portrait_score,unassigned,2.5166666666666666,2.5166666666666666,0.5365194379932872,60
AF655,datasets\processed\scut_fbp5500\images\AF655.jpg,scut_fbp5500,portrait_score,unassigned,3.316666666666667,3.316666666666667,0.503939284299098,60
AF656,datasets\processed\scut_fbp5500\images\AF656.jpg,scut_fbp5500,portrait_score,unassigned,2.6,2.6,0.6161663873899261,60
AF657,datasets\processed\scut_fbp5500\images\AF657.jpg,scut_fbp5500,portrait_score,unassigned,2.4166666666666665,2.4166666666666665,0.6712413662397547,60
AF658,datasets\processed\scut_fbp5500\images\AF658.jpg,scut_fbp5500,portrait_score,unassigned,2.8,2.8,0.4434074531303297,60
AF659,datasets\processed\scut_fbp5500\images\AF659.jpg,scut_fbp5500,portrait_score,unassigned,2.55,2.55,0.5944660045019182,60
AF66,datasets\processed\scut_fbp5500\images\AF66.jpg,scut_fbp5500,portrait_score,unassigned,2.0,2.0,0.6377928041432808,60
AF660,datasets\processed\scut_fbp5500\images\AF660.jpg,scut_fbp5500,portrait_score,unassigned,2.5,2.5,0.6243640832675886,60
AF661,datasets\processed\scut_fbp5500\images\AF661.jpg,scut_fbp5500,portrait_score,unassigned,2.3833333333333333,2.3833333333333333,0.6131791749276647,60
AF662,datasets\processed\scut_fbp5500\images\AF662.jpg,scut_fbp5500,portrait_score,unassigned,2.933333333333333,2.933333333333333,0.4824607357929978,60
AF663,datasets\processed\scut_fbp5500\images\AF663.jpg,scut_fbp5500,portrait_score,unassigned,2.95,2.95,0.4666868437930208,60
AF664,datasets\processed\scut_fbp5500\images\AF664.jpg,scut_fbp5500,portrait_score,unassigned,2.4,2.4,0.6689227362847252,60
AF665,datasets\processed\scut_fbp5500\images\AF665.jpg,scut_fbp5500,portrait_score,unassigned,2.55,2.55,0.6489887831680654,60
AF666,datasets\processed\scut_fbp5500\images\AF666.jpg,scut_fbp5500,portrait_score,unassigned,2.933333333333333,2.933333333333333,0.4824607357929978,60
AF667,datasets\processed\scut_fbp5500\images\AF667.jpg,scut_fbp5500,portrait_score,unassigned,2.3,2.3,0.7433319399039409,60
AF668,datasets\processed\scut_fbp5500\images\AF668.jpg,scut_fbp5500,portrait_score,unassigned,2.183333333333333,2.183333333333333,0.7246662976417856,60
AF669,datasets\processed\scut_fbp5500\images\AF669.jpg,scut_fbp5500,portrait_score,unassigned,3.183333333333333,3.183333333333333,0.5963637459756624,60
AF67,datasets\processed\scut_fbp5500\images\AF67.jpg,scut_fbp5500,portrait_score,unassigned,3.083333333333333,3.083333333333333,0.5301636033600228,60
AF670,datasets\processed\scut_fbp5500\images\AF670.jpg,scut_fbp5500,portrait_score,unassigned,3.05,3.05,0.501692052213544,60
AF671,datasets\processed\scut_fbp5500\images\AF671.jpg,scut_fbp5500,portrait_score,unassigned,2.6,2.6,0.616166387389926,60
AF672,datasets\processed\scut_fbp5500\images\AF672.jpg,scut_fbp5500,portrait_score,unassigned,2.466666666666667,2.466666666666667,0.6500760494407536,60
AF673,datasets\processed\scut_fbp5500\images\AF673.jpg,scut_fbp5500,portrait_score,unassigned,3.083333333333333,3.083333333333333,0.561223441609872,60
AF674,datasets\processed\scut_fbp5500\images\AF674.jpg,scut_fbp5500,portrait_score,unassigned,2.85,2.85,0.5771055773925836,60
AF675,datasets\processed\scut_fbp5500\images\AF675.jpg,scut_fbp5500,portrait_score,unassigned,4.016666666666667,4.016666666666667,0.6762726024084973,60
AF676,datasets\processed\scut_fbp5500\images\AF676.jpg,scut_fbp5500,portrait_score,unassigned,2.6,2.6,0.6161663873899261,60
AF677,datasets\processed\scut_fbp5500\images\AF677.jpg,scut_fbp5500,portrait_score,unassigned,2.283333333333333,2.283333333333333,0.6661721329614918,60
AF678,datasets\processed\scut_fbp5500\images\AF678.jpg,scut_fbp5500,portrait_score,unassigned,3.8333333333333335,3.8333333333333335,0.6422066478409215,60
AF679,datasets\processed\scut_fbp5500\images\AF679.jpg,scut_fbp5500,portrait_score,unassigned,2.683333333333333,2.683333333333333,0.5365194379932872,60
AF68,datasets\processed\scut_fbp5500\images\AF68.jpg,scut_fbp5500,portrait_score,unassigned,2.7666666666666666,2.7666666666666666,0.5634839166238779,60
AF680,datasets\processed\scut_fbp5500\images\AF680.jpg,scut_fbp5500,portrait_score,unassigned,2.1166666666666667,2.1166666666666667,0.6911465950282972,60
AF681,datasets\processed\scut_fbp5500\images\AF681.jpg,scut_fbp5500,portrait_score,unassigned,2.7333333333333334,2.7333333333333334,0.5163977794943222,60
AF682,datasets\processed\scut_fbp5500\images\AF682.jpg,scut_fbp5500,portrait_score,unassigned,3.85,3.85,0.7552079071691764,60
AF683,datasets\processed\scut_fbp5500\images\AF683.jpg,scut_fbp5500,portrait_score,unassigned,2.8666666666666667,2.8666666666666667,0.5357290823891439,60
AF684,datasets\processed\scut_fbp5500\images\AF684.jpg,scut_fbp5500,portrait_score,unassigned,2.85,2.85,0.5469483909592214,60
AF685,datasets\processed\scut_fbp5500\images\AF685.jpg,scut_fbp5500,portrait_score,unassigned,4.366666666666666,4.366666666666666,0.5513209612012654,60
AF686,datasets\processed\scut_fbp5500\images\AF686.jpg,scut_fbp5500,portrait_score,unassigned,2.6,2.6,0.5584482131582668,60
AF687,datasets\processed\scut_fbp5500\images\AF687.jpg,scut_fbp5500,portrait_score,unassigned,2.7333333333333334,2.7333333333333334,0.5482380612028068,60
AF688,datasets\processed\scut_fbp5500\images\AF688.jpg,scut_fbp5500,portrait_score,unassigned,1.6166666666666667,1.6166666666666667,0.6911465950282971,60
AF689,datasets\processed\scut_fbp5500\images\AF689.jpg,scut_fbp5500,portrait_score,unassigned,2.533333333333333,2.533333333333333,0.6500760494407537,60
AF69,datasets\processed\scut_fbp5500\images\AF69.jpg,scut_fbp5500,portrait_score,unassigned,2.783333333333333,2.783333333333333,0.6402241838994506,60
AF690,datasets\processed\scut_fbp5500\images\AF690.jpg,scut_fbp5500,portrait_score,unassigned,3.55,3.55,0.6223247830459754,60
AF691,datasets\processed\scut_fbp5500\images\AF691.jpg,scut_fbp5500,portrait_score,unassigned,2.4833333333333334,2.4833333333333334,0.6762726024084973,60
AF692,datasets\processed\scut_fbp5500\images\AF692.jpg,scut_fbp5500,portrait_score,unassigned,2.3666666666666667,2.3666666666666667,0.6369063647932279,60
AF693,datasets\processed\scut_fbp5500\images\AF693.jpg,scut_fbp5500,portrait_score,unassigned,2.783333333333333,2.783333333333333,0.5551505114790766,60
AF694,datasets\processed\scut_fbp5500\images\AF694.jpg,scut_fbp5500,portrait_score,unassigned,1.6166666666666667,1.6166666666666667,0.6661721329614916,60
AF695,datasets\processed\scut_fbp5500\images\AF695.jpg,scut_fbp5500,portrait_score,unassigned,4.516666666666667,4.516666666666667,0.6507275372101717,60
AF696,datasets\processed\scut_fbp5500\images\AF696.jpg,scut_fbp5500,portrait_score,unassigned,2.316666666666667,2.316666666666667,0.6507275372101721,60
AF697,datasets\processed\scut_fbp5500\images\AF697.jpg,scut_fbp5500,portrait_score,unassigned,3.4166666666666665,3.4166666666666665,0.8293691019953859,60
AF698,datasets\processed\scut_fbp5500\images\AF698.jpg,scut_fbp5500,portrait_score,unassigned,2.333333333333333,2.333333333333333,0.6806444271116838,60
AF699,datasets\processed\scut_fbp5500\images\AF699.jpg,scut_fbp5500,portrait_score,unassigned,3.2666666666666666,3.2666666666666666,0.5163977794943224,60
AF7,datasets\processed\scut_fbp5500\images\AF7.jpg,scut_fbp5500,portrait_score,unassigned,2.566666666666667,2.566666666666667,0.5634839166238779,60
AF70,datasets\processed\scut_fbp5500\images\AF70.jpg,scut_fbp5500,portrait_score,unassigned,2.9166666666666665,2.9166666666666665,0.4971671160112441,60
AF700,datasets\processed\scut_fbp5500\images\AF700.jpg,scut_fbp5500,portrait_score,unassigned,1.85,1.85,0.7552079071691765,60
AF701,datasets\processed\scut_fbp5500\images\AF701.jpg,scut_fbp5500,portrait_score,unassigned,3.066666666666667,3.066666666666667,0.5482380612028066,60
AF702,datasets\processed\scut_fbp5500\images\AF702.jpg,scut_fbp5500,portrait_score,unassigned,3.316666666666667,3.316666666666667,0.5039392842990977,60
AF703,datasets\processed\scut_fbp5500\images\AF703.jpg,scut_fbp5500,portrait_score,unassigned,2.4833333333333334,2.4833333333333334,0.6241378234003047,60
AF704,datasets\processed\scut_fbp5500\images\AF704.jpg,scut_fbp5500,portrait_score,unassigned,2.6166666666666667,2.6166666666666667,0.5237306419436755,60
AF705,datasets\processed\scut_fbp5500\images\AF705.jpg,scut_fbp5500,portrait_score,unassigned,2.433333333333333,2.433333333333333,0.6207340287621395,60
AF706,datasets\processed\scut_fbp5500\images\AF706.jpg,scut_fbp5500,portrait_score,unassigned,1.9166666666666667,1.9166666666666667,0.618682763281733,60
AF707,datasets\processed\scut_fbp5500\images\AF707.jpg,scut_fbp5500,portrait_score,unassigned,2.066666666666667,2.066666666666667,0.756142455116348,60
AF708,datasets\processed\scut_fbp5500\images\AF708.jpg,scut_fbp5500,portrait_score,unassigned,1.9,1.9,0.656131446111426,60
AF709,datasets\processed\scut_fbp5500\images\AF709.jpg,scut_fbp5500,portrait_score,unassigned,2.816666666666667,2.816666666666667,0.5365194379932872,60
AF71,datasets\processed\scut_fbp5500\images\AF71.jpg,scut_fbp5500,portrait_score,unassigned,2.7,2.7,0.5908913118102866,60
AF710,datasets\processed\scut_fbp5500\images\AF710.jpg,scut_fbp5500,portrait_score,unassigned,1.9333333333333331,1.9333333333333331,0.7782350014707154,60
AF711,datasets\processed\scut_fbp5500\images\AF711.jpg,scut_fbp5500,portrait_score,unassigned,2.6666666666666665,2.6666666666666665,0.5420196589926082,60
AF712,datasets\processed\scut_fbp5500\images\AF712.jpg,scut_fbp5500,portrait_score,unassigned,2.6166666666666667,2.6166666666666667,0.5848849420870962,60
AF713,datasets\processed\scut_fbp5500\images\AF713.jpg,scut_fbp5500,portrait_score,unassigned,2.533333333333333,2.533333333333333,0.5956528014598821,60
AF714,datasets\processed\scut_fbp5500\images\AF714.jpg,scut_fbp5500,portrait_score,unassigned,2.7333333333333334,2.7333333333333334,0.5482380612028068,60
AF715,datasets\processed\scut_fbp5500\images\AF715.jpg,scut_fbp5500,portrait_score,unassigned,4.433333333333334,4.433333333333334,0.5928004971139369,60
AF716,datasets\processed\scut_fbp5500\images\AF716.jpg,scut_fbp5500,portrait_score,unassigned,1.5,1.5,0.6509445549041193,60
AF717,datasets\processed\scut_fbp5500\images\AF717.jpg,scut_fbp5500,portrait_score,unassigned,2.033333333333333,2.033333333333333,0.6629841797500678,60
AF718,datasets\processed\scut_fbp5500\images\AF718.jpg,scut_fbp5500,portrait_score,unassigned,2.65,2.65,0.5469483909592215,60
AF719,datasets\processed\scut_fbp5500\images\AF719.jpg,scut_fbp5500,portrait_score,unassigned,2.2333333333333334,2.2333333333333334,0.6731324866865129,60
AF72,datasets\processed\scut_fbp5500\images\AF72.jpg,scut_fbp5500,portrait_score,unassigned,2.316666666666667,2.316666666666667,0.650727537210172,60
AF720,datasets\processed\scut_fbp5500\images\AF720.jpg,scut_fbp5500,portrait_score,unassigned,3.95,3.95,0.8522154577574138,60
AF721,datasets\processed\scut_fbp5500\images\AF721.jpg,scut_fbp5500,portrait_score,unassigned,2.6,2.6,0.6689227362847253,60
AF722,datasets\processed\scut_fbp5500\images\AF722.jpg,scut_fbp5500,portrait_score,unassigned,4.2,4.2,0.5461731270812972,60
AF723,datasets\processed\scut_fbp5500\images\AF723.jpg,scut_fbp5500,portrait_score,unassigned,2.7666666666666666,2.7666666666666666,0.4997174342809082,60
AF724,datasets\processed\scut_fbp5500\images\AF724.jpg,scut_fbp5500,portrait_score,unassigned,4.283333333333333,4.283333333333333,0.5551505114790767,60
AF725,datasets\processed\scut_fbp5500\images\AF725.jpg,scut_fbp5500,portrait_score,unassigned,2.533333333333333,2.533333333333333,0.6500760494407538,60
AF726,datasets\processed\scut_fbp5500\images\AF726.jpg,scut_fbp5500,portrait_score,unassigned,3.0,3.0,0.6377928041432807,60
AF727,datasets\processed\scut_fbp5500\images\AF727.jpg,scut_fbp5500,portrait_score,unassigned,3.3833333333333333,3.3833333333333333,0.6402241838994506,60
AF728,datasets\processed\scut_fbp5500\images\AF728.jpg,scut_fbp5500,portrait_score,unassigned,1.6166666666666667,1.6166666666666667,0.6131791749276648,60
AF729,datasets\processed\scut_fbp5500\images\AF729.jpg,scut_fbp5500,portrait_score,unassigned,2.6666666666666665,2.6666666666666665,0.6013168224022631,60
AF73,datasets\processed\scut_fbp5500\images\AF73.jpg,scut_fbp5500,portrait_score,unassigned,3.033333333333333,3.033333333333333,0.5196696038591648,60
AF730,datasets\processed\scut_fbp5500\images\AF730.jpg,scut_fbp5500,portrait_score,unassigned,2.5,2.5,0.6764814252025461,60
AF731,datasets\processed\scut_fbp5500\images\AF731.jpg,scut_fbp5500,portrait_score,unassigned,3.966666666666667,3.966666666666667,0.6097142055335258,60
AF732,datasets\processed\scut_fbp5500\images\AF732.jpg,scut_fbp5500,portrait_score,unassigned,2.7333333333333334,2.7333333333333334,0.5783280010825677,60
AF733,datasets\processed\scut_fbp5500\images\AF733.jpg,scut_fbp5500,portrait_score,unassigned,2.6,2.6,0.5880159112340471,60
AF734,datasets\processed\scut_fbp5500\images\AF734.jpg,scut_fbp5500,portrait_score,unassigned,2.95,2.95,0.3872983346207417,60
AF735,datasets\processed\scut_fbp5500\images\AF735.jpg,scut_fbp5500,portrait_score,unassigned,2.5,2.5,0.6243640832675886,60
AF736,datasets\processed\scut_fbp5500\images\AF736.jpg,scut_fbp5500,portrait_score,unassigned,2.15,2.15,0.7324211069911228,60
AF737,datasets\processed\scut_fbp5500\images\AF737.jpg,scut_fbp5500,portrait_score,unassigned,2.6666666666666665,2.6666666666666665,0.6552698154756149,60
AF738,datasets\processed\scut_fbp5500\images\AF738.jpg,scut_fbp5500,portrait_score,unassigned,4.483333333333333,4.483333333333333,0.5672313570575753,60
AF739,datasets\processed\scut_fbp5500\images\AF739.jpg,scut_fbp5500,portrait_score,unassigned,2.45,2.45,0.6223247830459755,60
AF74,datasets\processed\scut_fbp5500\images\AF74.jpg,scut_fbp5500,portrait_score,unassigned,2.183333333333333,2.183333333333333,0.6241378234003048,60
AF740,datasets\processed\scut_fbp5500\images\AF740.jpg,scut_fbp5500,portrait_score,unassigned,2.6,2.6,0.5880159112340472,60
AF741,datasets\processed\scut_fbp5500\images\AF741.jpg,scut_fbp5500,portrait_score,unassigned,2.6166666666666667,2.6166666666666667,0.5551505114790765,60
AF742,datasets\processed\scut_fbp5500\images\AF742.jpg,scut_fbp5500,portrait_score,unassigned,2.6166666666666667,2.6166666666666667,0.5848849420870962,60
AF743,datasets\processed\scut_fbp5500\images\AF743.jpg,scut_fbp5500,portrait_score,unassigned,2.966666666666667,2.966666666666667,0.5812513288970897,60
AF744,datasets\processed\scut_fbp5500\images\AF744.jpg,scut_fbp5500,portrait_score,unassigned,2.3833333333333333,2.3833333333333333,0.6402241838994506,60
AF745,datasets\processed\scut_fbp5500\images\AF745.jpg,scut_fbp5500,portrait_score,unassigned,2.816666666666667,2.816666666666667,0.5365194379932873,60
AF746,datasets\processed\scut_fbp5500\images\AF746.jpg,scut_fbp5500,portrait_score,unassigned,3.2666666666666666,3.2666666666666666,0.7782350014707154,60
AF747,datasets\processed\scut_fbp5500\images\AF747.jpg,scut_fbp5500,portrait_score,unassigned,2.533333333333333,2.533333333333333,0.595652801459882,60
AF748,datasets\processed\scut_fbp5500\images\AF748.jpg,scut_fbp5500,portrait_score,unassigned,2.75,2.75,0.50840394989731,60
AF749,datasets\processed\scut_fbp5500\images\AF749.jpg,scut_fbp5500,portrait_score,unassigned,2.566666666666667,2.566666666666667,0.6474635430261866,60
AF75,datasets\processed\scut_fbp5500\images\AF75.jpg,scut_fbp5500,portrait_score,unassigned,2.3,2.3,0.6457159999120146,60
AF750,datasets\processed\scut_fbp5500\images\AF750.jpg,scut_fbp5500,portrait_score,unassigned,3.5,3.5,0.9113223768657672,60
AF751,datasets\processed\scut_fbp5500\images\AF751.jpg,scut_fbp5500,portrait_score,unassigned,3.1,3.1,0.4395683553021656,60
AF752,datasets\processed\scut_fbp5500\images\AF752.jpg,scut_fbp5500,portrait_score,unassigned,2.433333333333333,2.433333333333333,0.6207340287621397,60
AF753,datasets\processed\scut_fbp5500\images\AF753.jpg,scut_fbp5500,portrait_score,unassigned,4.016666666666667,4.016666666666667,0.6762726024084975,60
AF754,datasets\processed\scut_fbp5500\images\AF754.jpg,scut_fbp5500,portrait_score,unassigned,2.35,2.35,0.6593525329532482,60
AF755,datasets\processed\scut_fbp5500\images\AF755.jpg,scut_fbp5500,portrait_score,unassigned,4.25,4.25,0.6277481952265331,60
AF756,datasets\processed\scut_fbp5500\images\AF756.jpg,scut_fbp5500,portrait_score,unassigned,1.3166666666666669,1.3166666666666669,0.4691017983072983,60
AF757,datasets\processed\scut_fbp5500\images\AF757.jpg,scut_fbp5500,portrait_score,unassigned,1.4333333333333331,1.4333333333333331,0.5325559305923083,60
AF758,datasets\processed\scut_fbp5500\images\AF758.jpg,scut_fbp5500,portrait_score,unassigned,3.733333333333333,3.733333333333333,0.5783280010825675,60
AF759,datasets\processed\scut_fbp5500\images\AF759.jpg,scut_fbp5500,portrait_score,unassigned,2.25,2.25,0.7277781371744775,60
AF76,datasets\processed\scut_fbp5500\images\AF76.jpg,scut_fbp5500,portrait_score,unassigned,2.9,2.9,0.5108981788502894,60
AF760,datasets\processed\scut_fbp5500\images\AF760.jpg,scut_fbp5500,portrait_score,unassigned,2.6666666666666665,2.6666666666666665,0.7516460280028289,60
AF761,datasets\processed\scut_fbp5500\images\AF761.jpg,scut_fbp5500,portrait_score,unassigned,2.066666666666667,2.066666666666667,0.733384692603161,60
AF762,datasets\processed\scut_fbp5500\images\AF762.jpg,scut_fbp5500,portrait_score,unassigned,4.033333333333333,4.033333333333333,0.7122812876724767,60
AF763,datasets\processed\scut_fbp5500\images\AF763.jpg,scut_fbp5500,portrait_score,unassigned,2.6,2.6,0.5880159112340471,60
AF764,datasets\processed\scut_fbp5500\images\AF764.jpg,scut_fbp5500,portrait_score,unassigned,2.6,2.6,0.5880159112340472,60
AF765,datasets\processed\scut_fbp5500\images\AF765.jpg,scut_fbp5500,portrait_score,unassigned,2.6333333333333333,2.6333333333333333,0.5513209612012652,60
AF766,datasets\processed\scut_fbp5500\images\AF766.jpg,scut_fbp5500,portrait_score,unassigned,2.466666666666667,2.466666666666667,0.6234585511256954,60
AF767,datasets\processed\scut_fbp5500\images\AF767.jpg,scut_fbp5500,portrait_score,unassigned,2.7666666666666666,2.7666666666666666,0.4997174342809081,60
AF768,datasets\processed\scut_fbp5500\images\AF768.jpg,scut_fbp5500,portrait_score,unassigned,3.0166666666666666,3.0166666666666666,0.8128557456749852,60
AF769,datasets\processed\scut_fbp5500\images\AF769.jpg,scut_fbp5500,portrait_score,unassigned,2.583333333333333,2.583333333333333,0.5906522297402891,60
AF77,datasets\processed\scut_fbp5500\images\AF77.jpg,scut_fbp5500,portrait_score,unassigned,2.6666666666666665,2.6666666666666665,0.50979113924206,60
AF770,datasets\processed\scut_fbp5500\images\AF770.jpg,scut_fbp5500,portrait_score,unassigned,3.566666666666667,3.566666666666667,0.6207340287621397,60
AF771,datasets\processed\scut_fbp5500\images\AF771.jpg,scut_fbp5500,portrait_score,unassigned,2.583333333333333,2.583333333333333,0.6454972243679027,60
AF772,datasets\processed\scut_fbp5500\images\AF772.jpg,scut_fbp5500,portrait_score,unassigned,4.133333333333334,4.133333333333334,0.6500760494407538,60
AF773,datasets\processed\scut_fbp5500\images\AF773.jpg,scut_fbp5500,portrait_score,unassigned,2.5166666666666666,2.5166666666666666,0.6762726024084976,60
AF774,datasets\processed\scut_fbp5500\images\AF774.jpg,scut_fbp5500,portrait_score,unassigned,2.8833333333333333,2.8833333333333333,0.4544196025054849,60
AF775,datasets\processed\scut_fbp5500\images\AF775.jpg,scut_fbp5500,portrait_score,unassigned,2.4833333333333334,2.4833333333333334,0.6762726024084973,60
AF776,datasets\processed\scut_fbp5500\images\AF776.jpg,scut_fbp5500,portrait_score,unassigned,3.25,3.25,0.6541911813032298,60
AF777,datasets\processed\scut_fbp5500\images\AF777.jpg,scut_fbp5500,portrait_score,unassigned,2.25,2.25,0.6796060673505359,60
AF778,datasets\processed\scut_fbp5500\images\AF778.jpg,scut_fbp5500,portrait_score,unassigned,2.8,2.8,0.605063380907533,60
AF779,datasets\processed\scut_fbp5500\images\AF779.jpg,scut_fbp5500,portrait_score,unassigned,3.8333333333333335,3.8333333333333335,0.668077602989218,60
AF78,datasets\processed\scut_fbp5500\images\AF78.jpg,scut_fbp5500,portrait_score,unassigned,2.65,2.65,0.605763280945926,60
AF780,datasets\processed\scut_fbp5500\images\AF780.jpg,scut_fbp5500,portrait_score,unassigned,3.066666666666667,3.066666666666667,0.362040669438785,60
AF781,datasets\processed\scut_fbp5500\images\AF781.jpg,scut_fbp5500,portrait_score,unassigned,2.5166666666666666,2.5166666666666666,0.5672313570575753,60
AF782,datasets\processed\scut_fbp5500\images\AF782.jpg,scut_fbp5500,portrait_score,unassigned,2.816666666666667,2.816666666666667,0.6241378234003047,60
AF783,datasets\processed\scut_fbp5500\images\AF783.jpg,scut_fbp5500,portrait_score,unassigned,4.316666666666666,4.316666666666666,0.5672313570575753,60
AF784,datasets\processed\scut_fbp5500\images\AF784.jpg,scut_fbp5500,portrait_score,unassigned,3.4,3.4,0.693798192706921,60
AF785,datasets\processed\scut_fbp5500\images\AF785.jpg,scut_fbp5500,portrait_score,unassigned,2.6666666666666665,2.6666666666666665,0.5724365605193373,60
AF786,datasets\processed\scut_fbp5500\images\AF786.jpg,scut_fbp5500,portrait_score,unassigned,2.85,2.85,0.4809947319913077,60
AF787,datasets\processed\scut_fbp5500\images\AF787.jpg,scut_fbp5500,portrait_score,unassigned,2.3666666666666667,2.3666666666666667,0.6629841797500677,60
AF788,datasets\processed\scut_fbp5500\images\AF788.jpg,scut_fbp5500,portrait_score,unassigned,1.3833333333333333,1.3833333333333333,0.5848849420870963,60
AF789,datasets\processed\scut_fbp5500\images\AF789.jpg,scut_fbp5500,portrait_score,unassigned,1.5333333333333334,1.5333333333333334,0.6500760494407536,60
AF79,datasets\processed\scut_fbp5500\images\AF79.jpg,scut_fbp5500,portrait_score,unassigned,2.783333333333333,2.783333333333333,0.6131791749276652,60
AF790,datasets\processed\scut_fbp5500\images\AF790.jpg,scut_fbp5500,portrait_score,unassigned,2.9166666666666665,2.9166666666666665,0.4235310272854237,60
AF791,datasets\processed\scut_fbp5500\images\AF791.jpg,scut_fbp5500,portrait_score,unassigned,2.683333333333333,2.683333333333333,0.6241378234003047,60
AF792,datasets\processed\scut_fbp5500\images\AF792.jpg,scut_fbp5500,portrait_score,unassigned,2.9,2.9,0.729522713718023,60
AF793,datasets\processed\scut_fbp5500\images\AF793.jpg,scut_fbp5500,portrait_score,unassigned,2.85,2.85,0.4044246802977017,60
AF794,datasets\processed\scut_fbp5500\images\AF794.jpg,scut_fbp5500,portrait_score,unassigned,3.2333333333333334,3.2333333333333334,0.5634839166238778,60
AF795,datasets\processed\scut_fbp5500\images\AF795.jpg,scut_fbp5500,portrait_score,unassigned,2.566666666666667,2.566666666666667,0.6207340287621398,60
AF796,datasets\processed\scut_fbp5500\images\AF796.jpg,scut_fbp5500,portrait_score,unassigned,2.566666666666667,2.566666666666667,0.7448504949901058,60
AF797,datasets\processed\scut_fbp5500\images\AF797.jpg,scut_fbp5500,portrait_score,unassigned,2.7666666666666666,2.7666666666666666,0.6474635430261865,60
AF798,datasets\processed\scut_fbp5500\images\AF798.jpg,scut_fbp5500,portrait_score,unassigned,4.166666666666667,4.166666666666667,0.5574356135706043,60
AF799,datasets\processed\scut_fbp5500\images\AF799.jpg,scut_fbp5500,portrait_score,unassigned,3.1166666666666667,3.1166666666666667,0.4544196025054849,60
AF8,datasets\processed\scut_fbp5500\images\AF8.jpg,scut_fbp5500,portrait_score,unassigned,2.75,2.75,0.5084039498973099,60
AF80,datasets\processed\scut_fbp5500\images\AF80.jpg,scut_fbp5500,portrait_score,unassigned,2.8666666666666667,2.8666666666666667,0.5030977485864634,60
AF800,datasets\processed\scut_fbp5500\images\AF800.jpg,scut_fbp5500,portrait_score,unassigned,2.0166666666666666,2.0166666666666666,0.7476894729916951,60
AF801,datasets\processed\scut_fbp5500\images\AF801.jpg,scut_fbp5500,portrait_score,unassigned,2.6333333333333333,2.6333333333333333,0.5812513288970896,60
AF802,datasets\processed\scut_fbp5500\images\AF802.jpg,scut_fbp5500,portrait_score,unassigned,2.783333333333333,2.783333333333333,0.4544196025054849,60
AF803,datasets\processed\scut_fbp5500\images\AF803.jpg,scut_fbp5500,portrait_score,unassigned,2.8,2.8,0.5142049977013223,60
AF804,datasets\processed\scut_fbp5500\images\AF804.jpg,scut_fbp5500,portrait_score,unassigned,2.833333333333333,2.833333333333333,0.4928872620664331,60
AF805,datasets\processed\scut_fbp5500\images\AF805.jpg,scut_fbp5500,portrait_score,unassigned,2.45,2.45,0.6745996929755541,60
AF806,datasets\processed\scut_fbp5500\images\AF806.jpg,scut_fbp5500,portrait_score,unassigned,2.2,2.2,0.6839565850033842,60
AF807,datasets\processed\scut_fbp5500\images\AF807.jpg,scut_fbp5500,portrait_score,unassigned,2.966666666666667,2.966666666666667,0.3666923463015805,60
AF808,datasets\processed\scut_fbp5500\images\AF808.jpg,scut_fbp5500,portrait_score,unassigned,2.1,2.1,0.705907277725455,60
AF809,datasets\processed\scut_fbp5500\images\AF809.jpg,scut_fbp5500,portrait_score,unassigned,2.833333333333333,2.833333333333333,0.5261522196019802,60
AF81,datasets\processed\scut_fbp5500\images\AF81.jpg,scut_fbp5500,portrait_score,unassigned,2.1166666666666667,2.1166666666666667,0.7385663314751768,60
AF810,datasets\processed\scut_fbp5500\images\AF810.jpg,scut_fbp5500,portrait_score,unassigned,2.9,2.9,0.5430610041581775,60
AF811,datasets\processed\scut_fbp5500\images\AF811.jpg,scut_fbp5500,portrait_score,unassigned,2.4166666666666665,2.4166666666666665,0.6186827632817331,60
AF812,datasets\processed\scut_fbp5500\images\AF812.jpg,scut_fbp5500,portrait_score,unassigned,3.9166666666666665,3.9166666666666665,0.7431419023347088,60
AF813,datasets\processed\scut_fbp5500\images\AF813.jpg,scut_fbp5500,portrait_score,unassigned,3.1333333333333333,3.1333333333333333,0.4681976500881041,60
AF814,datasets\processed\scut_fbp5500\images\AF814.jpg,scut_fbp5500,portrait_score,unassigned,2.9166666666666665,2.9166666666666665,0.6960339624157417,60
AF815,datasets\processed\scut_fbp5500\images\AF815.jpg,scut_fbp5500,portrait_score,unassigned,1.3166666666666669,1.3166666666666669,0.5365194379932873,60
AF816,datasets\processed\scut_fbp5500\images\AF816.jpg,scut_fbp5500,portrait_score,unassigned,2.9,2.9,0.5734226707429991,60
AF817,datasets\processed\scut_fbp5500\images\AF817.jpg,scut_fbp5500,portrait_score,unassigned,2.6666666666666665,2.6666666666666665,0.6013168224022629,60
AF818,datasets\processed\scut_fbp5500\images\AF818.jpg,scut_fbp5500,portrait_score,unassigned,3.05,3.05,0.8911048179704615,60
AF819,datasets\processed\scut_fbp5500\images\AF819.jpg,scut_fbp5500,portrait_score,unassigned,2.966666666666667,2.966666666666667,0.4103188783384258,60
AF82,datasets\processed\scut_fbp5500\images\AF82.jpg,scut_fbp5500,portrait_score,unassigned,2.5,2.5,0.5674803065350239,60
AF820,datasets\processed\scut_fbp5500\images\AF820.jpg,scut_fbp5500,portrait_score,unassigned,2.9,2.9,0.6297699337786183,60
AF821,datasets\processed\scut_fbp5500\images\AF821.jpg,scut_fbp5500,portrait_score,unassigned,1.9,1.9,0.705907277725455,60
AF822,datasets\processed\scut_fbp5500\images\AF822.jpg,scut_fbp5500,portrait_score,unassigned,2.15,2.15,0.7773270149271754,60
AF823,datasets\processed\scut_fbp5500\images\AF823.jpg,scut_fbp5500,portrait_score,unassigned,2.966666666666667,2.966666666666667,0.4497331286503694,60
AF824,datasets\processed\scut_fbp5500\images\AF824.jpg,scut_fbp5500,portrait_score,unassigned,2.283333333333333,2.283333333333333,0.6661721329614916,60
AF825,datasets\processed\scut_fbp5500\images\AF825.jpg,scut_fbp5500,portrait_score,unassigned,2.9166666666666665,2.9166666666666665,0.5301636033600228,60
AF826,datasets\processed\scut_fbp5500\images\AF826.jpg,scut_fbp5500,portrait_score,unassigned,2.8,2.8,0.4801129810537007,60
AF827,datasets\processed\scut_fbp5500\images\AF827.jpg,scut_fbp5500,portrait_score,unassigned,2.933333333333333,2.933333333333333,0.4459484908564834,60
AF828,datasets\processed\scut_fbp5500\images\AF828.jpg,scut_fbp5500,portrait_score,unassigned,2.283333333333333,2.283333333333333,0.6911465950282971,60
AF829,datasets\processed\scut_fbp5500\images\AF829.jpg,scut_fbp5500,portrait_score,unassigned,2.2,2.2,0.7083042533080239,60
AF83,datasets\processed\scut_fbp5500\images\AF83.jpg,scut_fbp5500,portrait_score,unassigned,2.683333333333333,2.683333333333333,0.5365194379932872,60
AF830,datasets\processed\scut_fbp5500\images\AF830.jpg,scut_fbp5500,portrait_score,unassigned,2.816666666666667,2.816666666666667,0.503939284299098,60
AF831,datasets\processed\scut_fbp5500\images\AF831.jpg,scut_fbp5500,portrait_score,unassigned,2.3833333333333333,2.3833333333333333,0.6131791749276647,60
AF832,datasets\processed\scut_fbp5500\images\AF832.jpg,scut_fbp5500,portrait_score,unassigned,2.966666666666667,2.966666666666667,0.4859611014169708,60
AF833,datasets\processed\scut_fbp5500\images\AF833.jpg,scut_fbp5500,portrait_score,unassigned,3.2,3.2,0.6839565850033842,60
AF834,datasets\processed\scut_fbp5500\images\AF834.jpg,scut_fbp5500,portrait_score,unassigned,2.6166666666666667,2.6166666666666667,0.6131791749276647,60
AF835,datasets\processed\scut_fbp5500\images\AF835.jpg,scut_fbp5500,portrait_score,unassigned,2.783333333333333,2.783333333333333,0.4903014177279,60
AF836,datasets\processed\scut_fbp5500\images\AF836.jpg,scut_fbp5500,portrait_score,unassigned,4.0,4.0,0.6638357975446149,60
AF837,datasets\processed\scut_fbp5500\images\AF837.jpg,scut_fbp5500,portrait_score,unassigned,2.316666666666667,2.316666666666667,0.6762726024084974,60
AF838,datasets\processed\scut_fbp5500\images\AF838.jpg,scut_fbp5500,portrait_score,unassigned,4.216666666666667,4.216666666666667,0.7152495514881186,60
AF839,datasets\processed\scut_fbp5500\images\AF839.jpg,scut_fbp5500,portrait_score,unassigned,3.2666666666666666,3.2666666666666666,0.4824607357929978,60
AF84,datasets\processed\scut_fbp5500\images\AF84.jpg,scut_fbp5500,portrait_score,unassigned,2.833333333333333,2.833333333333333,0.4572084295183094,60
AF840,datasets\processed\scut_fbp5500\images\AF840.jpg,scut_fbp5500,portrait_score,unassigned,3.733333333333333,3.733333333333333,0.6604227374117243,60
AF841,datasets\processed\scut_fbp5500\images\AF841.jpg,scut_fbp5500,portrait_score,unassigned,2.4166666666666665,2.4166666666666665,0.6454972243679027,60
AF842,datasets\processed\scut_fbp5500\images\AF842.jpg,scut_fbp5500,portrait_score,unassigned,2.683333333333333,2.683333333333333,0.5365194379932873,60
AF843,datasets\processed\scut_fbp5500\images\AF843.jpg,scut_fbp5500,portrait_score,unassigned,2.4166666666666665,2.4166666666666665,0.590652229740289,60
AF844,datasets\processed\scut_fbp5500\images\AF844.jpg,scut_fbp5500,portrait_score,unassigned,2.7666666666666666,2.7666666666666666,0.6474635430261866,60
AF845,datasets\processed\scut_fbp5500\images\AF845.jpg,scut_fbp5500,portrait_score,unassigned,3.2333333333333334,3.2333333333333334,0.5928004971139375,60
AF846,datasets\processed\scut_fbp5500\images\AF846.jpg,scut_fbp5500,portrait_score,unassigned,1.7333333333333334,1.7333333333333334,0.5783280010825674,60
AF847,datasets\processed\scut_fbp5500\images\AF847.jpg,scut_fbp5500,portrait_score,unassigned,2.75,2.75,0.6541911813032297,60
AF848,datasets\processed\scut_fbp5500\images\AF848.jpg,scut_fbp5500,portrait_score,unassigned,2.9166666666666665,2.9166666666666665,0.5612234416098719,60
AF849,datasets\processed\scut_fbp5500\images\AF849.jpg,scut_fbp5500,portrait_score,unassigned,2.6666666666666665,2.6666666666666665,0.6013168224022631,60
AF85,datasets\processed\scut_fbp5500\images\AF85.jpg,scut_fbp5500,portrait_score,unassigned,2.783333333333333,2.783333333333333,0.4903014177278999,60
AF850,datasets\processed\scut_fbp5500\images\AF850.jpg,scut_fbp5500,portrait_score,unassigned,3.6166666666666663,3.6166666666666663,0.7152495514881186,60
AF851,datasets\processed\scut_fbp5500\images\AF851.jpg,scut_fbp5500,portrait_score,unassigned,2.25,2.25,0.7277781371744774,60
AF852,datasets\processed\scut_fbp5500\images\AF852.jpg,scut_fbp5500,portrait_score,unassigned,2.8,2.8,0.5142049977013224,60
AF853,datasets\processed\scut_fbp5500\images\AF853.jpg,scut_fbp5500,portrait_score,unassigned,2.5166666666666666,2.5166666666666666,0.6507275372101721,60
AF854,datasets\processed\scut_fbp5500\images\AF854.jpg,scut_fbp5500,portrait_score,unassigned,2.8,2.8,0.4434074531303295,60
AF855,datasets\processed\scut_fbp5500\images\AF855.jpg,scut_fbp5500,portrait_score,unassigned,4.1,4.1,0.6561314461114262,60
AF856,datasets\processed\scut_fbp5500\images\AF856.jpg,scut_fbp5500,portrait_score,unassigned,3.2333333333333334,3.2333333333333334,0.5928004971139372,60
AF857,datasets\processed\scut_fbp5500\images\AF857.jpg,scut_fbp5500,portrait_score,unassigned,2.333333333333333,2.333333333333333,0.7287478619712606,60
AF858,datasets\processed\scut_fbp5500\images\AF858.jpg,scut_fbp5500,portrait_score,unassigned,3.95,3.95,0.6992732304667879,60
AF859,datasets\processed\scut_fbp5500\images\AF859.jpg,scut_fbp5500,portrait_score,unassigned,3.1166666666666667,3.1166666666666667,0.5848849420870964,60
AF86,datasets\processed\scut_fbp5500\images\AF86.jpg,scut_fbp5500,portrait_score,unassigned,2.333333333333333,2.333333333333333,0.6806444271116839,60
AF860,datasets\processed\scut_fbp5500\images\AF860.jpg,scut_fbp5500,portrait_score,unassigned,3.8,3.8,0.6839565850033841,60
AF861,datasets\processed\scut_fbp5500\images\AF861.jpg,scut_fbp5500,portrait_score,unassigned,3.15,3.15,0.684575830567082,60
AF862,datasets\processed\scut_fbp5500\images\AF862.jpg,scut_fbp5500,portrait_score,unassigned,4.266666666666667,4.266666666666667,0.7997174642327565,60
AF863,datasets\processed\scut_fbp5500\images\AF863.jpg,scut_fbp5500,portrait_score,unassigned,2.783333333333333,2.783333333333333,0.4544196025054851,60
AF864,datasets\processed\scut_fbp5500\images\AF864.jpg,scut_fbp5500,portrait_score,unassigned,2.6666666666666665,2.6666666666666665,0.5420196589926082,60
AF865,datasets\processed\scut_fbp5500\images\AF865.jpg,scut_fbp5500,portrait_score,unassigned,2.4,2.4,0.643085781240651,60
AF866,datasets\processed\scut_fbp5500\images\AF866.jpg,scut_fbp5500,portrait_score,unassigned,2.3833333333333333,2.3833333333333333,0.6661721329614915,60
AF867,datasets\processed\scut_fbp5500\images\AF867.jpg,scut_fbp5500,portrait_score,unassigned,4.016666666666667,4.016666666666667,0.7008872504569529,60
AF868,datasets\processed\scut_fbp5500\images\AF868.jpg,scut_fbp5500,portrait_score,unassigned,2.2333333333333334,2.2333333333333334,0.6731324866865128,60
AF869,datasets\processed\scut_fbp5500\images\AF869.jpg,scut_fbp5500,portrait_score,unassigned,3.9166666666666665,3.9166666666666665,0.6960339624157418,60
AF87,datasets\processed\scut_fbp5500\images\AF87.jpg,scut_fbp5500,portrait_score,unassigned,2.333333333333333,2.333333333333333,0.6013168224022629,60
AF870,datasets\processed\scut_fbp5500\images\AF870.jpg,scut_fbp5500,portrait_score,unassigned,2.6,2.6,0.5584482131582668,60
AF871,datasets\processed\scut_fbp5500\images\AF871.jpg,scut_fbp5500,portrait_score,unassigned,2.8,2.8,0.5461731270812972,60
AF872,datasets\processed\scut_fbp5500\images\AF872.jpg,scut_fbp5500,portrait_score,unassigned,4.316666666666666,4.316666666666666,0.5963637459756623,60
AF873,datasets\processed\scut_fbp5500\images\AF873.jpg,scut_fbp5500,portrait_score,unassigned,2.933333333333333,2.933333333333333,0.5783280010825675,60
AF874,datasets\processed\scut_fbp5500\images\AF874.jpg,scut_fbp5500,portrait_score,unassigned,2.7666666666666666,2.7666666666666666,0.4645634607236648,60
AF875,datasets\processed\scut_fbp5500\images\AF875.jpg,scut_fbp5500,portrait_score,unassigned,2.533333333333333,2.533333333333333,0.7002824288999323,60
AF876,datasets\processed\scut_fbp5500\images\AF876.jpg,scut_fbp5500,portrait_score,unassigned,2.75,2.75,0.704104191057266,60
AF877,datasets\processed\scut_fbp5500\images\AF877.jpg,scut_fbp5500,portrait_score,unassigned,3.95,3.95,0.7685557664227725,60
AF878,datasets\processed\scut_fbp5500\images\AF878.jpg,scut_fbp5500,portrait_score,unassigned,2.75,2.75,0.5712015287450461,60
AF879,datasets\processed\scut_fbp5500\images\AF879.jpg,scut_fbp5500,portrait_score,unassigned,2.7,2.7,0.5304299503265155,60
AF88,datasets\processed\scut_fbp5500\images\AF88.jpg,scut_fbp5500,portrait_score,unassigned,2.4,2.4,0.7178121183764841,60
AF880,datasets\processed\scut_fbp5500\images\AF880.jpg,scut_fbp5500,portrait_score,unassigned,3.783333333333333,3.783333333333333,0.8044719642367518,60
AF881,datasets\processed\scut_fbp5500\images\AF881.jpg,scut_fbp5500,portrait_score,unassigned,4.016666666666667,4.016666666666667,0.6762726024084973,60
AF882,datasets\processed\scut_fbp5500\images\AF882.jpg,scut_fbp5500,portrait_score,unassigned,4.133333333333334,4.133333333333334,0.675645746779511,60
AF883,datasets\processed\scut_fbp5500\images\AF883.jpg,scut_fbp5500,portrait_score,unassigned,3.1666666666666665,3.1666666666666665,0.5870543146605617,60
AF884,datasets\processed\scut_fbp5500\images\AF884.jpg,scut_fbp5500,portrait_score,unassigned,2.45,2.45,0.6223247830459753,60
AF885,datasets\processed\scut_fbp5500\images\AF885.jpg,scut_fbp5500,portrait_score,unassigned,4.216666666666667,4.216666666666667,0.4903014177279,60
AF886,datasets\processed\scut_fbp5500\images\AF886.jpg,scut_fbp5500,portrait_score,unassigned,2.25,2.25,0.6796060673505357,60
AF887,datasets\processed\scut_fbp5500\images\AF887.jpg,scut_fbp5500,portrait_score,unassigned,2.0166666666666666,2.0166666666666666,0.7476894729916951,60
AF888,datasets\processed\scut_fbp5500\images\AF888.jpg,scut_fbp5500,portrait_score,unassigned,2.783333333333333,2.783333333333333,0.5237306419436755,60
AF889,datasets\processed\scut_fbp5500\images\AF889.jpg,scut_fbp5500,portrait_score,unassigned,2.583333333333333,2.583333333333333,0.5612234416098719,60
AF89,datasets\processed\scut_fbp5500\images\AF89.jpg,scut_fbp5500,portrait_score,unassigned,1.65,1.65,0.7089022308339535,60
AF890,datasets\processed\scut_fbp5500\images\AF890.jpg,scut_fbp5500,portrait_score,unassigned,3.3,3.3,0.9619894639826152,60
AF891,datasets\processed\scut_fbp5500\images\AF891.jpg,scut_fbp5500,portrait_score,unassigned,2.283333333333333,2.283333333333333,0.6661721329614917,60
AF892,datasets\processed\scut_fbp5500\images\AF892.jpg,scut_fbp5500,portrait_score,unassigned,3.8,3.8,0.7318423466423509,60
AF893,datasets\processed\scut_fbp5500\images\AF893.jpg,scut_fbp5500,portrait_score,unassigned,2.8,2.8,0.5142049977013224,60
AF894,datasets\processed\scut_fbp5500\images\AF894.jpg,scut_fbp5500,portrait_score,unassigned,3.1666666666666665,3.1666666666666665,0.5574356135706041,60
AF895,datasets\processed\scut_fbp5500\images\AF895.jpg,scut_fbp5500,portrait_score,unassigned,3.5166666666666666,3.5166666666666666,0.7246662976417855,60
AF896,datasets\processed\scut_fbp5500\images\AF896.jpg,scut_fbp5500,portrait_score,unassigned,3.033333333333333,3.033333333333333,0.7583806715217981,60
AF897,datasets\processed\scut_fbp5500\images\AF897.jpg,scut_fbp5500,portrait_score,unassigned,4.383333333333334,4.383333333333334,0.5848849420870962,60
AF898,datasets\processed\scut_fbp5500\images\AF898.jpg,scut_fbp5500,portrait_score,unassigned,4.066666666666666,4.066666666666666,0.7333846926031609,60
AF899,datasets\processed\scut_fbp5500\images\AF899.jpg,scut_fbp5500,portrait_score,unassigned,2.6166666666666667,2.6166666666666667,0.5848849420870962,60
AF9,datasets\processed\scut_fbp5500\images\AF9.jpg,scut_fbp5500,portrait_score,unassigned,2.15,2.15,0.684575830567082,60
AF90,datasets\processed\scut_fbp5500\images\AF90.jpg,scut_fbp5500,portrait_score,unassigned,1.7833333333333334,1.7833333333333334,0.7385663314751766,60
AF900,datasets\processed\scut_fbp5500\images\AF900.jpg,scut_fbp5500,portrait_score,unassigned,2.9,2.9,0.602255647052628,60
AF901,datasets\processed\scut_fbp5500\images\AF901.jpg,scut_fbp5500,portrait_score,unassigned,2.4166666666666665,2.4166666666666665,0.6454972243679027,60
AF902,datasets\processed\scut_fbp5500\images\AF902.jpg,scut_fbp5500,portrait_score,unassigned,3.4833333333333334,3.4833333333333334,0.5039392842990978,60
AF903,datasets\processed\scut_fbp5500\images\AF903.jpg,scut_fbp5500,portrait_score,unassigned,3.066666666666667,3.066666666666667,0.3117292755628478,60
AF904,datasets\processed\scut_fbp5500\images\AF904.jpg,scut_fbp5500,portrait_score,unassigned,2.566666666666667,2.566666666666667,0.5634839166238779,60
AF905,datasets\processed\scut_fbp5500\images\AF905.jpg,scut_fbp5500,portrait_score,unassigned,4.416666666666667,4.416666666666667,0.5906522297402891,60
AF906,datasets\processed\scut_fbp5500\images\AF906.jpg,scut_fbp5500,portrait_score,unassigned,2.95,2.95,0.3872983346207416,60
AF907,datasets\processed\scut_fbp5500\images\AF907.jpg,scut_fbp5500,portrait_score,unassigned,2.1,2.1,0.656131446111426,60
AF908,datasets\processed\scut_fbp5500\images\AF908.jpg,scut_fbp5500,portrait_score,unassigned,3.066666666666667,3.066666666666667,0.6342396132422272,60
AF909,datasets\processed\scut_fbp5500\images\AF909.jpg,scut_fbp5500,portrait_score,unassigned,3.5,3.5,0.6243640832675887,60
AF91,datasets\processed\scut_fbp5500\images\AF91.jpg,scut_fbp5500,portrait_score,unassigned,2.783333333333333,2.783333333333333,0.5551505114790766,60
AF910,datasets\processed\scut_fbp5500\images\AF910.jpg,scut_fbp5500,portrait_score,unassigned,3.216666666666667,3.216666666666667,0.4544196025054849,60
AF911,datasets\processed\scut_fbp5500\images\AF911.jpg,scut_fbp5500,portrait_score,unassigned,2.066666666666667,2.066666666666667,0.7098977407062844,60
AF912,datasets\processed\scut_fbp5500\images\AF912.jpg,scut_fbp5500,portrait_score,unassigned,3.783333333333333,3.783333333333333,0.6402241838994505,60
AF913,datasets\processed\scut_fbp5500\images\AF913.jpg,scut_fbp5500,portrait_score,unassigned,2.8,2.8,0.6050633809075329,60
AF914,datasets\processed\scut_fbp5500\images\AF914.jpg,scut_fbp5500,portrait_score,unassigned,3.783333333333333,3.783333333333333,0.7831199372753781,60
AF915,datasets\processed\scut_fbp5500\images\AF915.jpg,scut_fbp5500,portrait_score,unassigned,3.1666666666666665,3.1666666666666665,0.6152487898779871,60
AF916,datasets\processed\scut_fbp5500\images\AF916.jpg,scut_fbp5500,portrait_score,unassigned,3.033333333333333,3.033333333333333,0.4497331286503695,60
AF917,datasets\processed\scut_fbp5500\images\AF917.jpg,scut_fbp5500,portrait_score,unassigned,1.4333333333333331,1.4333333333333331,0.6474635430261867,60
AF918,datasets\processed\scut_fbp5500\images\AF918.jpg,scut_fbp5500,portrait_score,unassigned,2.283333333333333,2.283333333333333,0.6911465950282972,60
AF919,datasets\processed\scut_fbp5500\images\AF919.jpg,scut_fbp5500,portrait_score,unassigned,2.65,2.65,0.6331251516304803,60
AF92,datasets\processed\scut_fbp5500\images\AF92.jpg,scut_fbp5500,portrait_score,unassigned,2.533333333333333,2.533333333333333,0.5956528014598821,60
AF920,datasets\processed\scut_fbp5500\images\AF920.jpg,scut_fbp5500,portrait_score,unassigned,2.6,2.6,0.5880159112340471,60
AF921,datasets\processed\scut_fbp5500\images\AF921.jpg,scut_fbp5500,portrait_score,unassigned,4.1,4.1,0.656131446111426,60
AF922,datasets\processed\scut_fbp5500\images\AF922.jpg,scut_fbp5500,portrait_score,unassigned,1.6833333333333331,1.6833333333333331,0.7246662976417856,60
AF923,datasets\processed\scut_fbp5500\images\AF923.jpg,scut_fbp5500,portrait_score,unassigned,2.7666666666666666,2.7666666666666666,0.5928004971139373,60
AF924,datasets\processed\scut_fbp5500\images\AF924.jpg,scut_fbp5500,portrait_score,unassigned,3.1166666666666667,3.1166666666666667,0.5551505114790766,60
AF925,datasets\processed\scut_fbp5500\images\AF925.jpg,scut_fbp5500,portrait_score,unassigned,2.35,2.35,0.6593525329532482,60
AF926,datasets\processed\scut_fbp5500\images\AF926.jpg,scut_fbp5500,portrait_score,unassigned,3.933333333333333,3.933333333333333,0.5783280010825675,60
AF927,datasets\processed\scut_fbp5500\images\AF927.jpg,scut_fbp5500,portrait_score,unassigned,3.1666666666666665,3.1666666666666665,0.5261522196019802,60
AF928,datasets\processed\scut_fbp5500\images\AF928.jpg,scut_fbp5500,portrait_score,unassigned,4.116666666666666,4.116666666666666,0.6131791749276647,60
AF929,datasets\processed\scut_fbp5500\images\AF929.jpg,scut_fbp5500,portrait_score,unassigned,3.8,3.8,0.7546466228796951,60
AF93,datasets\processed\scut_fbp5500\images\AF93.jpg,scut_fbp5500,portrait_score,unassigned,2.533333333333333,2.533333333333333,0.5956528014598821,60
AF930,datasets\processed\scut_fbp5500\images\AF930.jpg,scut_fbp5500,portrait_score,unassigned,4.016666666666667,4.016666666666667,0.7476894729916951,60
AF931,datasets\processed\scut_fbp5500\images\AF931.jpg,scut_fbp5500,portrait_score,unassigned,2.6666666666666665,2.6666666666666665,0.6806444271116837,60
AF932,datasets\processed\scut_fbp5500\images\AF932.jpg,scut_fbp5500,portrait_score,unassigned,3.1333333333333333,3.1333333333333333,0.4681976500881038,60
AF933,datasets\processed\scut_fbp5500\images\AF933.jpg,scut_fbp5500,portrait_score,unassigned,3.983333333333333,3.983333333333333,0.7008872504569529,60
AF934,datasets\processed\scut_fbp5500\images\AF934.jpg,scut_fbp5500,portrait_score,unassigned,3.8666666666666663,3.8666666666666663,0.6234585511256954,60
AF935,datasets\processed\scut_fbp5500\images\AF935.jpg,scut_fbp5500,portrait_score,unassigned,2.9,2.9,0.729522713718023,60
AF936,datasets\processed\scut_fbp5500\images\AF936.jpg,scut_fbp5500,portrait_score,unassigned,2.5,2.5,0.5966005392134929,60
AF937,datasets\processed\scut_fbp5500\images\AF937.jpg,scut_fbp5500,portrait_score,unassigned,2.85,2.85,0.5469483909592215,60
AF938,datasets\processed\scut_fbp5500\images\AF938.jpg,scut_fbp5500,portrait_score,unassigned,3.6166666666666663,3.6166666666666663,0.7385663314751767,60
AF939,datasets\processed\scut_fbp5500\images\AF939.jpg,scut_fbp5500,portrait_score,unassigned,1.9666666666666663,1.9666666666666663,0.6880743620304537,60
AF94,datasets\processed\scut_fbp5500\images\AF94.jpg,scut_fbp5500,portrait_score,unassigned,2.8666666666666667,2.8666666666666667,0.5030977485864634,60
AF940,datasets\processed\scut_fbp5500\images\AF940.jpg,scut_fbp5500,portrait_score,unassigned,3.3,3.3,0.5908913118102866,60
AF941,datasets\processed\scut_fbp5500\images\AF941.jpg,scut_fbp5500,portrait_score,unassigned,1.5333333333333334,1.5333333333333334,0.6756457467795108,60
AF942,datasets\processed\scut_fbp5500\images\AF942.jpg,scut_fbp5500,portrait_score,unassigned,4.083333333333333,4.083333333333333,0.6712413662397547,60
AF943,datasets\processed\scut_fbp5500\images\AF943.jpg,scut_fbp5500,portrait_score,unassigned,2.3833333333333333,2.3833333333333333,0.6402241838994506,60
AF944,datasets\processed\scut_fbp5500\images\AF944.jpg,scut_fbp5500,portrait_score,unassigned,4.0,4.0,0.5822225097395819,60
AF945,datasets\processed\scut_fbp5500\images\AF945.jpg,scut_fbp5500,portrait_score,unassigned,3.2,3.2,0.5461731270812972,60
AF946,datasets\processed\scut_fbp5500\images\AF946.jpg,scut_fbp5500,portrait_score,unassigned,3.5166666666666666,3.5166666666666666,0.7917298517752696,60
AF947,datasets\processed\scut_fbp5500\images\AF947.jpg,scut_fbp5500,portrait_score,unassigned,3.35,3.35,0.5771055773925833,60
AF948,datasets\processed\scut_fbp5500\images\AF948.jpg,scut_fbp5500,portrait_score,unassigned,2.7666666666666666,2.7666666666666666,0.5325559305923083,60
AF949,datasets\processed\scut_fbp5500\images\AF949.jpg,scut_fbp5500,portrait_score,unassigned,2.783333333333333,2.783333333333333,0.5237306419436755,60
AF95,datasets\processed\scut_fbp5500\images\AF95.jpg,scut_fbp5500,portrait_score,unassigned,2.533333333333333,2.533333333333333,0.5664838521990366,60
AF950,datasets\processed\scut_fbp5500\images\AF950.jpg,scut_fbp5500,portrait_score,unassigned,3.566666666666667,3.566666666666667,0.6474635430261866,60
AF951,datasets\processed\scut_fbp5500\images\AF951.jpg,scut_fbp5500,portrait_score,unassigned,2.9833333333333334,2.9833333333333334,0.4691017983072984,60
AF952,datasets\processed\scut_fbp5500\images\AF952.jpg,scut_fbp5500,portrait_score,unassigned,3.2666666666666666,3.2666666666666666,0.6342396132422271,60
AF953,datasets\processed\scut_fbp5500\images\AF953.jpg,scut_fbp5500,portrait_score,unassigned,3.8333333333333335,3.8333333333333335,0.6680776029892181,60
AF954,datasets\processed\scut_fbp5500\images\AF954.jpg,scut_fbp5500,portrait_score,unassigned,4.0,4.0,0.6377928041432805,60
AF955,datasets\processed\scut_fbp5500\images\AF955.jpg,scut_fbp5500,portrait_score,unassigned,4.0,4.0,0.6377928041432807,60
AF956,datasets\processed\scut_fbp5500\images\AF956.jpg,scut_fbp5500,portrait_score,unassigned,3.35,3.35,0.5469483909592215,60
AF957,datasets\processed\scut_fbp5500\images\AF957.jpg,scut_fbp5500,portrait_score,unassigned,3.0166666666666666,3.0166666666666666,0.6241378234003048,60
AF958,datasets\processed\scut_fbp5500\images\AF958.jpg,scut_fbp5500,portrait_score,unassigned,3.05,3.05,0.6223247830459753,60
AF959,datasets\processed\scut_fbp5500\images\AF959.jpg,scut_fbp5500,portrait_score,unassigned,3.35,3.35,0.7324211069911228,60
AF96,datasets\processed\scut_fbp5500\images\AF96.jpg,scut_fbp5500,portrait_score,unassigned,3.1,3.1,0.5430610041581774,60
AF960,datasets\processed\scut_fbp5500\images\AF960.jpg,scut_fbp5500,portrait_score,unassigned,2.4166666666666665,2.4166666666666665,0.6712413662397546,60
AF961,datasets\processed\scut_fbp5500\images\AF961.jpg,scut_fbp5500,portrait_score,unassigned,3.8333333333333335,3.8333333333333335,0.6929833971319694,60
AF962,datasets\processed\scut_fbp5500\images\AF962.jpg,scut_fbp5500,portrait_score,unassigned,3.983333333333333,3.983333333333333,0.6507275372101721,60
AF963,datasets\processed\scut_fbp5500\images\AF963.jpg,scut_fbp5500,portrait_score,unassigned,4.216666666666667,4.216666666666667,0.6661721329614917,60
AF964,datasets\processed\scut_fbp5500\images\AF964.jpg,scut_fbp5500,portrait_score,unassigned,3.783333333333333,3.783333333333333,0.6661721329614916,60
AF965,datasets\processed\scut_fbp5500\images\AF965.jpg,scut_fbp5500,portrait_score,unassigned,2.933333333333333,2.933333333333333,0.6069279874259416,60
AF966,datasets\processed\scut_fbp5500\images\AF966.jpg,scut_fbp5500,portrait_score,unassigned,3.033333333333333,3.033333333333333,0.5196696038591647,60
AF967,datasets\processed\scut_fbp5500\images\AF967.jpg,scut_fbp5500,portrait_score,unassigned,3.9,3.9,0.681473975776784,60
AF968,datasets\processed\scut_fbp5500\images\AF968.jpg,scut_fbp5500,portrait_score,unassigned,2.3,2.3,0.6962368581968816,60
AF969,datasets\processed\scut_fbp5500\images\AF969.jpg,scut_fbp5500,portrait_score,unassigned,3.783333333333333,3.783333333333333,0.6402241838994506,60
AF97,datasets\processed\scut_fbp5500\images\AF97.jpg,scut_fbp5500,portrait_score,unassigned,2.3,2.3,0.6714517537598057,60
AF970,datasets\processed\scut_fbp5500\images\AF970.jpg,scut_fbp5500,portrait_score,unassigned,2.533333333333333,2.533333333333333,0.595652801459882,60
AF971,datasets\processed\scut_fbp5500\images\AF971.jpg,scut_fbp5500,portrait_score,unassigned,4.1,4.1,0.7059072777254548,60
AF972,datasets\processed\scut_fbp5500\images\AF972.jpg,scut_fbp5500,portrait_score,unassigned,4.366666666666666,4.366666666666666,0.5812513288970896,60
AF973,datasets\processed\scut_fbp5500\images\AF973.jpg,scut_fbp5500,portrait_score,unassigned,3.0,3.0,0.552344770738994,60
AF974,datasets\processed\scut_fbp5500\images\AF974.jpg,scut_fbp5500,portrait_score,unassigned,2.716666666666667,2.716666666666667,0.5237306419436755,60
AF975,datasets\processed\scut_fbp5500\images\AF975.jpg,scut_fbp5500,portrait_score,unassigned,2.466666666666667,2.466666666666667,0.6234585511256954,60
AF976,datasets\processed\scut_fbp5500\images\AF976.jpg,scut_fbp5500,portrait_score,unassigned,4.316666666666666,4.316666666666666,0.5963637459756624,60
AF977,datasets\processed\scut_fbp5500\images\AF977.jpg,scut_fbp5500,portrait_score,unassigned,3.583333333333333,3.583333333333333,0.8692811498670175,60
AF978,datasets\processed\scut_fbp5500\images\AF978.jpg,scut_fbp5500,portrait_score,unassigned,2.05,2.05,0.699273230466788,60
AF979,datasets\processed\scut_fbp5500\images\AF979.jpg,scut_fbp5500,portrait_score,unassigned,2.3833333333333333,2.3833333333333333,0.6131791749276648,60
AF98,datasets\processed\scut_fbp5500\images\AF98.jpg,scut_fbp5500,portrait_score,unassigned,2.0,2.0,0.7130740328122924,60
AF980,datasets\processed\scut_fbp5500\images\AF980.jpg,scut_fbp5500,portrait_score,unassigned,3.933333333333333,3.933333333333333,0.6342396132422271,60
AF981,datasets\processed\scut_fbp5500\images\AF981.jpg,scut_fbp5500,portrait_score,unassigned,2.8833333333333333,2.8833333333333333,0.4154502016565851,60
AF982,datasets\processed\scut_fbp5500\images\AF982.jpg,scut_fbp5500,portrait_score,unassigned,2.8833333333333333,2.8833333333333333,0.4903014177278999,60
AF983,datasets\processed\scut_fbp5500\images\AF983.jpg,scut_fbp5500,portrait_score,unassigned,3.6,3.6,0.6161663873899261,60
AF984,datasets\processed\scut_fbp5500\images\AF984.jpg,scut_fbp5500,portrait_score,unassigned,3.716666666666667,3.716666666666667,0.6911465950282972,60
AF985,datasets\processed\scut_fbp5500\images\AF985.jpg,scut_fbp5500,portrait_score,unassigned,1.6,1.6,0.6689227362847253,60
AF986,datasets\processed\scut_fbp5500\images\AF986.jpg,scut_fbp5500,portrait_score,unassigned,2.183333333333333,2.183333333333333,0.7700245795475263,60
AF987,datasets\processed\scut_fbp5500\images\AF987.jpg,scut_fbp5500,portrait_score,unassigned,3.533333333333333,3.533333333333333,0.5956528014598821,60
AF988,datasets\processed\scut_fbp5500\images\AF988.jpg,scut_fbp5500,portrait_score,unassigned,2.433333333333333,2.433333333333333,0.6474635430261866,60
AF989,datasets\processed\scut_fbp5500\images\AF989.jpg,scut_fbp5500,portrait_score,unassigned,2.4833333333333334,2.4833333333333334,0.6241378234003048,60
AF99,datasets\processed\scut_fbp5500\images\AF99.jpg,scut_fbp5500,portrait_score,unassigned,2.533333333333333,2.533333333333333,0.5956528014598821,60
AF990,datasets\processed\scut_fbp5500\images\AF990.jpg,scut_fbp5500,portrait_score,unassigned,2.066666666666667,2.066666666666667,0.6856066636017631,60
AF991,datasets\processed\scut_fbp5500\images\AF991.jpg,scut_fbp5500,portrait_score,unassigned,2.783333333333333,2.783333333333333,0.454419602505485,60
AF992,datasets\processed\scut_fbp5500\images\AF992.jpg,scut_fbp5500,portrait_score,unassigned,2.6666666666666665,2.6666666666666665,0.50979113924206,60
AF993,datasets\processed\scut_fbp5500\images\AF993.jpg,scut_fbp5500,portrait_score,unassigned,2.65,2.65,0.5150283849343992,60
AF994,datasets\processed\scut_fbp5500\images\AF994.jpg,scut_fbp5500,portrait_score,unassigned,3.6666666666666665,3.6666666666666665,0.5724365605193374,60
AF995,datasets\processed\scut_fbp5500\images\AF995.jpg,scut_fbp5500,portrait_score,unassigned,3.0166666666666666,3.0166666666666666,0.5672313570575752,60
AF996,datasets\processed\scut_fbp5500\images\AF996.jpg,scut_fbp5500,portrait_score,unassigned,3.3666666666666667,3.3666666666666667,0.5812513288970896,60
AF997,datasets\processed\scut_fbp5500\images\AF997.jpg,scut_fbp5500,portrait_score,unassigned,3.733333333333333,3.733333333333333,0.6069279874259417,60
AF998,datasets\processed\scut_fbp5500\images\AF998.jpg,scut_fbp5500,portrait_score,unassigned,3.35,3.35,0.684575830567082,60
AF999,datasets\processed\scut_fbp5500\images\AF999.jpg,scut_fbp5500,portrait_score,unassigned,3.5,3.5,0.8130294884889122,60
AM1,datasets\processed\scut_fbp5500\images\AM1.jpg,scut_fbp5500,portrait_score,unassigned,3.95,3.95,0.699273230466788,60
AM10,datasets\processed\scut_fbp5500\images\AM10.jpg,scut_fbp5500,portrait_score,unassigned,1.1666666666666667,1.1666666666666667,0.4184987968176887,60
AM100,datasets\processed\scut_fbp5500\images\AM100.jpg,scut_fbp5500,portrait_score,unassigned,2.0166666666666666,2.0166666666666666,0.7246662976417856,60
AM1000,datasets\processed\scut_fbp5500\images\AM1000.jpg,scut_fbp5500,portrait_score,unassigned,2.7666666666666666,2.7666666666666666,0.5325559305923083,60
AM1001,datasets\processed\scut_fbp5500\images\AM1001.jpg,scut_fbp5500,portrait_score,unassigned,2.3,2.3,0.6962368581968815,60
AM1002,datasets\processed\scut_fbp5500\images\AM1002.jpg,scut_fbp5500,portrait_score,unassigned,1.9166666666666667,1.9166666666666667,0.6712413662397546,60
AM1003,datasets\processed\scut_fbp5500\images\AM1003.jpg,scut_fbp5500,portrait_score,unassigned,2.466666666666667,2.466666666666667,0.6756457467795106,60
AM1004,datasets\processed\scut_fbp5500\images\AM1004.jpg,scut_fbp5500,portrait_score,unassigned,2.3,2.3,0.6714517537598057,60
AM1005,datasets\processed\scut_fbp5500\images\AM1005.jpg,scut_fbp5500,portrait_score,unassigned,2.45,2.45,0.6489887831680652,60
AM1006,datasets\processed\scut_fbp5500\images\AM1006.jpg,scut_fbp5500,portrait_score,unassigned,2.2333333333333334,2.2333333333333334,0.7448504949901058,60
AM1007,datasets\processed\scut_fbp5500\images\AM1007.jpg,scut_fbp5500,portrait_score,unassigned,2.316666666666667,2.316666666666667,0.7008872504569528,60
AM1008,datasets\processed\scut_fbp5500\images\AM1008.jpg,scut_fbp5500,portrait_score,unassigned,2.4833333333333334,2.4833333333333334,0.6762726024084975,60
AM1009,datasets\processed\scut_fbp5500\images\AM1009.jpg,scut_fbp5500,portrait_score,unassigned,2.716666666666667,2.716666666666667,0.5848849420870964,60
AM101,datasets\processed\scut_fbp5500\images\AM101.jpg,scut_fbp5500,portrait_score,unassigned,3.4833333333333334,3.4833333333333334,0.7246662976417856,60
AM1010,datasets\processed\scut_fbp5500\images\AM1010.jpg,scut_fbp5500,portrait_score,unassigned,2.25,2.25,0.7277781371744776,60
AM1011,datasets\processed\scut_fbp5500\images\AM1011.jpg,scut_fbp5500,portrait_score,unassigned,2.75,2.75,0.5712015287450464,60
AM1012,datasets\processed\scut_fbp5500\images\AM1012.jpg,scut_fbp5500,portrait_score,unassigned,2.066666666666667,2.066666666666667,0.7098977407062844,60
AM1013,datasets\processed\scut_fbp5500\images\AM1013.jpg,scut_fbp5500,portrait_score,unassigned,2.7666666666666666,2.7666666666666666,0.5928004971139371,60
AM1014,datasets\processed\scut_fbp5500\images\AM1014.jpg,scut_fbp5500,portrait_score,unassigned,1.8666666666666667,1.8666666666666667,0.6756457467795108,60
AM1015,datasets\processed\scut_fbp5500\images\AM1015.jpg,scut_fbp5500,portrait_score,unassigned,2.333333333333333,2.333333333333333,0.7516460280028288,60
AM1016,datasets\processed\scut_fbp5500\images\AM1016.jpg,scut_fbp5500,portrait_score,unassigned,1.8166666666666669,1.8166666666666669,0.6507275372101721,60
AM1017,datasets\processed\scut_fbp5500\images\AM1017.jpg,scut_fbp5500,portrait_score,unassigned,2.283333333333333,2.283333333333333,0.7152495514881186,60
AM1018,datasets\processed\scut_fbp5500\images\AM1018.jpg,scut_fbp5500,portrait_score,unassigned,2.8833333333333333,2.8833333333333333,0.5237306419436756,60
AM1019,datasets\processed\scut_fbp5500\images\AM1019.jpg,scut_fbp5500,portrait_score,unassigned,2.7,2.7,0.720169471580551,60
AM102,datasets\processed\scut_fbp5500\images\AM102.jpg,scut_fbp5500,portrait_score,unassigned,2.933333333333333,2.933333333333333,0.5163977794943222,60
AM1020,datasets\processed\scut_fbp5500\images\AM1020.jpg,scut_fbp5500,portrait_score,unassigned,3.95,3.95,0.7461766955734743,60
AM1021,datasets\processed\scut_fbp5500\images\AM1021.jpg,scut_fbp5500,portrait_score,unassigned,2.85,2.85,0.8601340061144985,60
AM1022,datasets\processed\scut_fbp5500\images\AM1022.jpg,scut_fbp5500,portrait_score,unassigned,1.9833333333333332,1.9833333333333332,0.7008872504569529,60
AM1023,datasets\processed\scut_fbp5500\images\AM1023.jpg,scut_fbp5500,portrait_score,unassigned,2.4833333333333334,2.4833333333333334,0.6762726024084974,60
AM1024,datasets\processed\scut_fbp5500\images\AM1024.jpg,scut_fbp5500,portrait_score,unassigned,3.15,3.15,0.5771055773925835,60
AM1025,datasets\processed\scut_fbp5500\images\AM1025.jpg,scut_fbp5500,portrait_score,unassigned,2.533333333333333,2.533333333333333,0.6234585511256955,60
AM1026,datasets\processed\scut_fbp5500\images\AM1026.jpg,scut_fbp5500,portrait_score,unassigned,2.2666666666666666,2.2666666666666666,0.6342396132422271,60
AM1027,datasets\processed\scut_fbp5500\images\AM1027.jpg,scut_fbp5500,portrait_score,unassigned,2.283333333333333,2.283333333333333,0.6911465950282971,60
AM1028,datasets\processed\scut_fbp5500\images\AM1028.jpg,scut_fbp5500,portrait_score,unassigned,2.25,2.25,0.6796060673505359,60
AM1029,datasets\processed\scut_fbp5500\images\AM1029.jpg,scut_fbp5500,portrait_score,unassigned,2.25,2.25,0.6541911813032298,60
AM103,datasets\processed\scut_fbp5500\images\AM103.jpg,scut_fbp5500,portrait_score,unassigned,3.216666666666667,3.216666666666667,0.6911465950282976,60
AM1030,datasets\processed\scut_fbp5500\images\AM1030.jpg,scut_fbp5500,portrait_score,unassigned,2.6166666666666667,2.6166666666666667,0.5551505114790763,60
AM1031,datasets\processed\scut_fbp5500\images\AM1031.jpg,scut_fbp5500,portrait_score,unassigned,2.05,2.05,0.7903013799725017,60
AM1032,datasets\processed\scut_fbp5500\images\AM1032.jpg,scut_fbp5500,portrait_score,unassigned,1.7166666666666666,1.7166666666666666,0.6661721329614917,60
AM1033,datasets\processed\scut_fbp5500\images\AM1033.jpg,scut_fbp5500,portrait_score,unassigned,2.0,2.0,0.6638357975446149,60
AM1034,datasets\processed\scut_fbp5500\images\AM1034.jpg,scut_fbp5500,portrait_score,unassigned,2.2333333333333334,2.2333333333333334,0.6474635430261865,60
AM1035,datasets\processed\scut_fbp5500\images\AM1035.jpg,scut_fbp5500,portrait_score,unassigned,2.066666666666667,2.066666666666667,0.733384692603161,60
AM1036,datasets\processed\scut_fbp5500\images\AM1036.jpg,scut_fbp5500,portrait_score,unassigned,1.9833333333333332,1.9833333333333332,0.6762726024084973,60
AM1037,datasets\processed\scut_fbp5500\images\AM1037.jpg,scut_fbp5500,portrait_score,unassigned,2.2666666666666666,2.2666666666666666,0.6069279874259416,60
AM1038,datasets\processed\scut_fbp5500\images\AM1038.jpg,scut_fbp5500,portrait_score,unassigned,2.783333333333333,2.783333333333333,0.5848849420870963,60
AM1039,datasets\processed\scut_fbp5500\images\AM1039.jpg,scut_fbp5500,portrait_score,unassigned,3.1166666666666667,3.1166666666666667,0.7152495514881188,60
AM104,datasets\processed\scut_fbp5500\images\AM104.jpg,scut_fbp5500,portrait_score,unassigned,3.75,3.75,0.5712015287450464,60
AM1040,datasets\processed\scut_fbp5500\images\AM1040.jpg,scut_fbp5500,portrait_score,unassigned,2.1333333333333333,2.1333333333333333,0.7002824288999324,60
AM1041,datasets\processed\scut_fbp5500\images\AM1041.jpg,scut_fbp5500,portrait_score,unassigned,3.3,3.3,0.7433319399039409,60
AM1042,datasets\processed\scut_fbp5500\images\AM1042.jpg,scut_fbp5500,portrait_score,unassigned,2.6666666666666665,2.6666666666666665,0.7738669501259082,60
AM1043,datasets\processed\scut_fbp5500\images\AM1043.jpg,scut_fbp5500,portrait_score,unassigned,3.733333333333333,3.733333333333333,0.6856066636017633,60
AM1044,datasets\processed\scut_fbp5500\images\AM1044.jpg,scut_fbp5500,portrait_score,unassigned,2.7333333333333334,2.7333333333333334,0.5482380612028067,60
AM1045,datasets\processed\scut_fbp5500\images\AM1045.jpg,scut_fbp5500,portrait_score,unassigned,2.0,2.0,0.7130740328122924,60
AM1046,datasets\processed\scut_fbp5500\images\AM1046.jpg,scut_fbp5500,portrait_score,unassigned,2.45,2.45,0.6489887831680653,60
AM1047,datasets\processed\scut_fbp5500\images\AM1047.jpg,scut_fbp5500,portrait_score,unassigned,4.45,4.45,0.5344092255369316,60
AM1048,datasets\processed\scut_fbp5500\images\AM1048.jpg,scut_fbp5500,portrait_score,unassigned,2.533333333333333,2.533333333333333,0.6234585511256954,60
AM1049,datasets\processed\scut_fbp5500\images\AM1049.jpg,scut_fbp5500,portrait_score,unassigned,2.85,2.85,0.4044246802977018,60
AM105,datasets\processed\scut_fbp5500\images\AM105.jpg,scut_fbp5500,portrait_score,unassigned,3.316666666666667,3.316666666666667,0.7476894729916951,60
AM1050,datasets\processed\scut_fbp5500\images\AM1050.jpg,scut_fbp5500,portrait_score,unassigned,3.033333333333333,3.033333333333333,0.5812513288970897,60
AM1051,datasets\processed\scut_fbp5500\images\AM1051.jpg,scut_fbp5500,portrait_score,unassigned,2.8,2.8,0.6050633809075328,60
AM1052,datasets\processed\scut_fbp5500\images\AM1052.jpg,scut_fbp5500,portrait_score,unassigned,2.5,2.5,0.7478783550139053,60
AM1053,datasets\processed\scut_fbp5500\images\AM1053.jpg,scut_fbp5500,portrait_score,unassigned,2.783333333333333,2.783333333333333,0.5551505114790766,60
AM1054,datasets\processed\scut_fbp5500\images\AM1054.jpg,scut_fbp5500,portrait_score,unassigned,1.8333333333333333,1.8333333333333333,0.668077602989218,60
AM1055,datasets\processed\scut_fbp5500\images\AM1055.jpg,scut_fbp5500,portrait_score,unassigned,2.4833333333333334,2.4833333333333334,0.7008872504569529,60
AM1056,datasets\processed\scut_fbp5500\images\AM1056.jpg,scut_fbp5500,portrait_score,unassigned,2.683333333333333,2.683333333333333,0.5672313570575752,60
AM1057,datasets\processed\scut_fbp5500\images\AM1057.jpg,scut_fbp5500,portrait_score,unassigned,2.316666666666667,2.316666666666667,0.6507275372101721,60
AM1058,datasets\processed\scut_fbp5500\images\AM1058.jpg,scut_fbp5500,portrait_score,unassigned,2.716666666666667,2.716666666666667,0.6402241838994506,60
AM1059,datasets\processed\scut_fbp5500\images\AM1059.jpg,scut_fbp5500,portrait_score,unassigned,2.0166666666666666,2.0166666666666666,0.7476894729916952,60
AM106,datasets\processed\scut_fbp5500\images\AM106.jpg,scut_fbp5500,portrait_score,unassigned,3.1,3.1,0.6814739757767841,60
AM1060,datasets\processed\scut_fbp5500\images\AM1060.jpg,scut_fbp5500,portrait_score,unassigned,2.066666666666667,2.066666666666667,0.6604227374117245,60
AM1061,datasets\processed\scut_fbp5500\images\AM1061.jpg,scut_fbp5500,portrait_score,unassigned,2.65,2.65,0.5771055773925833,60
AM1062,datasets\processed\scut_fbp5500\images\AM1062.jpg,scut_fbp5500,portrait_score,unassigned,2.683333333333333,2.683333333333333,0.5963637459756624,60
AM1063,datasets\processed\scut_fbp5500\images\AM1063.jpg,scut_fbp5500,portrait_score,unassigned,2.0166666666666666,2.0166666666666666,0.6762726024084973,60
AM1064,datasets\processed\scut_fbp5500\images\AM1064.jpg,scut_fbp5500,portrait_score,unassigned,4.133333333333334,4.133333333333334,0.6756457467795108,60
AM1065,datasets\processed\scut_fbp5500\images\AM1065.jpg,scut_fbp5500,portrait_score,unassigned,2.1333333333333333,2.1333333333333333,0.6500760494407536,60
AM1066,datasets\processed\scut_fbp5500\images\AM1066.jpg,scut_fbp5500,portrait_score,unassigned,2.65,2.65,0.6593525329532484,60
AM1067,datasets\processed\scut_fbp5500\images\AM1067.jpg,scut_fbp5500,portrait_score,unassigned,2.1333333333333333,2.1333333333333333,0.6500760494407538,60
AM1068,datasets\processed\scut_fbp5500\images\AM1068.jpg,scut_fbp5500,portrait_score,unassigned,2.0166666666666666,2.0166666666666666,0.7008872504569528,60
AM1069,datasets\processed\scut_fbp5500\images\AM1069.jpg,scut_fbp5500,portrait_score,unassigned,2.2333333333333334,2.2333333333333334,0.7448504949901059,60
AM107,datasets\processed\scut_fbp5500\images\AM107.jpg,scut_fbp5500,portrait_score,unassigned,2.9833333333333334,2.9833333333333334,0.5365194379932874,60
AM1070,datasets\processed\scut_fbp5500\images\AM1070.jpg,scut_fbp5500,portrait_score,unassigned,2.6333333333333333,2.6333333333333333,0.6097142055335258,60
AM1071,datasets\processed\scut_fbp5500\images\AM1071.jpg,scut_fbp5500,portrait_score,unassigned,2.1166666666666667,2.1166666666666667,0.7152495514881186,60
AM1072,datasets\processed\scut_fbp5500\images\AM1072.jpg,scut_fbp5500,portrait_score,unassigned,3.05,3.05,0.6223247830459755,60
AM1073,datasets\processed\scut_fbp5500\images\AM1073.jpg,scut_fbp5500,portrait_score,unassigned,2.2,2.2,0.708304253308024,60
AM1074,datasets\processed\scut_fbp5500\images\AM1074.jpg,scut_fbp5500,portrait_score,unassigned,2.6,2.6,0.6689227362847253,60
AM1075,datasets\processed\scut_fbp5500\images\AM1075.jpg,scut_fbp5500,portrait_score,unassigned,2.6333333333333333,2.6333333333333333,0.6369063647932279,60
AM1076,datasets\processed\scut_fbp5500\images\AM1076.jpg,scut_fbp5500,portrait_score,unassigned,2.716666666666667,2.716666666666667,0.6402241838994507,60
AM1077,datasets\processed\scut_fbp5500\images\AM1077.jpg,scut_fbp5500,portrait_score,unassigned,2.5,2.5,0.7010887416930995,60
AM1078,datasets\processed\scut_fbp5500\images\AM1078.jpg,scut_fbp5500,portrait_score,unassigned,2.45,2.45,0.5944660045019183,60
AM1079,datasets\processed\scut_fbp5500\images\AM1079.jpg,scut_fbp5500,portrait_score,unassigned,2.333333333333333,2.333333333333333,0.7051064751106303,60
AM108,datasets\processed\scut_fbp5500\images\AM108.jpg,scut_fbp5500,portrait_score,unassigned,3.9,3.9,0.7745966692414834,60
AM1080,datasets\processed\scut_fbp5500\images\AM1080.jpg,scut_fbp5500,portrait_score,unassigned,2.6166666666666667,2.6166666666666667,0.6402241838994507,60
AM1081,datasets\processed\scut_fbp5500\images\AM1081.jpg,scut_fbp5500,portrait_score,unassigned,2.1666666666666665,2.1666666666666665,0.7170246117012379,60
AM1082,datasets\processed\scut_fbp5500\images\AM1082.jpg,scut_fbp5500,portrait_score,unassigned,2.1333333333333333,2.1333333333333333,0.747122540414543,60
AM1083,datasets\processed\scut_fbp5500\images\AM1083.jpg,scut_fbp5500,portrait_score,unassigned,2.7,2.7,0.5614750549117347,60
AM1084,datasets\processed\scut_fbp5500\images\AM1084.jpg,scut_fbp5500,portrait_score,unassigned,2.45,2.45,0.6745996929755541,60
AM1085,datasets\processed\scut_fbp5500\images\AM1085.jpg,scut_fbp5500,portrait_score,unassigned,2.783333333333333,2.783333333333333,0.5848849420870964,60
AM1086,datasets\processed\scut_fbp5500\images\AM1086.jpg,scut_fbp5500,portrait_score,unassigned,3.216666666666667,3.216666666666667,0.6402241838994506,60
AM1087,datasets\processed\scut_fbp5500\images\AM1087.jpg,scut_fbp5500,portrait_score,unassigned,2.0,2.0,0.6106401198187059,60
AM1088,datasets\processed\scut_fbp5500\images\AM1088.jpg,scut_fbp5500,portrait_score,unassigned,2.3,2.3,0.6962368581968813,60
AM1089,datasets\processed\scut_fbp5500\images\AM1089.jpg,scut_fbp5500,portrait_score,unassigned,1.9666666666666663,1.9666666666666663,0.7804098589988461,60
AM109,datasets\processed\scut_fbp5500\images\AM109.jpg,scut_fbp5500,portrait_score,unassigned,3.333333333333333,3.333333333333333,0.7051064751106302,60
AM1090,datasets\processed\scut_fbp5500\images\AM1090.jpg,scut_fbp5500,portrait_score,unassigned,2.1666666666666665,2.1666666666666665,0.7402854847084716,60
AM1091,datasets\processed\scut_fbp5500\images\AM1091.jpg,scut_fbp5500,portrait_score,unassigned,2.3666666666666667,2.3666666666666667,0.7583806715217977,60
AM1092,datasets\processed\scut_fbp5500\images\AM1092.jpg,scut_fbp5500,portrait_score,unassigned,3.45,3.45,0.8114644639607989,60
AM1093,datasets\processed\scut_fbp5500\images\AM1093.jpg,scut_fbp5500,portrait_score,unassigned,3.033333333333333,3.033333333333333,0.662984179750068,60
AM1094,datasets\processed\scut_fbp5500\images\AM1094.jpg,scut_fbp5500,portrait_score,unassigned,2.75,2.75,0.6277481952265331,60
AM1095,datasets\processed\scut_fbp5500\images\AM1095.jpg,scut_fbp5500,portrait_score,unassigned,4.15,4.15,0.5771055773925835,60
AM1096,datasets\processed\scut_fbp5500\images\AM1096.jpg,scut_fbp5500,portrait_score,unassigned,3.4166666666666665,3.4166666666666665,0.618682763281733,60
AM1097,datasets\processed\scut_fbp5500\images\AM1097.jpg,scut_fbp5500,portrait_score,unassigned,2.216666666666667,2.216666666666667,0.761169186891749,60
AM1098,datasets\processed\scut_fbp5500\images\AM1098.jpg,scut_fbp5500,portrait_score,unassigned,3.25,3.25,0.6796060673505359,60
AM1099,datasets\processed\scut_fbp5500\images\AM1099.jpg,scut_fbp5500,portrait_score,unassigned,2.816666666666667,2.816666666666667,0.4691017983072983,60
AM11,datasets\processed\scut_fbp5500\images\AM11.jpg,scut_fbp5500,portrait_score,unassigned,4.15,4.15,0.5469483909592214,60
AM110,datasets\processed\scut_fbp5500\images\AM110.jpg,scut_fbp5500,portrait_score,unassigned,2.333333333333333,2.333333333333333,0.7051064751106303,60
AM1100,datasets\processed\scut_fbp5500\images\AM1100.jpg,scut_fbp5500,portrait_score,unassigned,2.15,2.15,0.7552079071691765,60
AM1101,datasets\processed\scut_fbp5500\images\AM1101.jpg,scut_fbp5500,portrait_score,unassigned,2.3833333333333333,2.3833333333333333,0.6131791749276648,60
AM1102,datasets\processed\scut_fbp5500\images\AM1102.jpg,scut_fbp5500,portrait_score,unassigned,2.433333333333333,2.433333333333333,0.7217367628174831,60
AM1103,datasets\processed\scut_fbp5500\images\AM1103.jpg,scut_fbp5500,portrait_score,unassigned,3.1166666666666667,3.1166666666666667,0.5848849420870962,60
AM1104,datasets\processed\scut_fbp5500\images\AM1104.jpg,scut_fbp5500,portrait_score,unassigned,1.9833333333333332,1.9833333333333332,0.7246662976417857,60
AM1105,datasets\processed\scut_fbp5500\images\AM1105.jpg,scut_fbp5500,portrait_score,unassigned,2.333333333333333,2.333333333333333,0.7516460280028288,60
AM1106,datasets\processed\scut_fbp5500\images\AM1106.jpg,scut_fbp5500,portrait_score,unassigned,2.1166666666666667,2.1166666666666667,0.7152495514881185,60
AM1107,datasets\processed\scut_fbp5500\images\AM1107.jpg,scut_fbp5500,portrait_score,unassigned,2.083333333333333,2.083333333333333,0.765609686518134,60
AM1108,datasets\processed\scut_fbp5500\images\AM1108.jpg,scut_fbp5500,portrait_score,unassigned,3.033333333333333,3.033333333333333,0.6629841797500677,60
AM1109,datasets\processed\scut_fbp5500\images\AM1109.jpg,scut_fbp5500,portrait_score,unassigned,2.15,2.15,0.7324211069911227,60
AM111,datasets\processed\scut_fbp5500\images\AM111.jpg,scut_fbp5500,portrait_score,unassigned,1.25,1.25,0.4366668823046865,60
AM1110,datasets\processed\scut_fbp5500\images\AM1110.jpg,scut_fbp5500,portrait_score,unassigned,2.6,2.6,0.643085781240651,60
AM1111,datasets\processed\scut_fbp5500\images\AM1111.jpg,scut_fbp5500,portrait_score,unassigned,2.216666666666667,2.216666666666667,0.7152495514881186,60
AM1112,datasets\processed\scut_fbp5500\images\AM1112.jpg,scut_fbp5500,portrait_score,unassigned,2.75,2.75,0.5712015287450464,60
AM1113,datasets\processed\scut_fbp5500\images\AM1113.jpg,scut_fbp5500,portrait_score,unassigned,2.95,2.95,0.5016920522135438,60
AM1114,datasets\processed\scut_fbp5500\images\AM1114.jpg,scut_fbp5500,portrait_score,unassigned,3.316666666666667,3.316666666666667,0.6241378234003049,60
AM1115,datasets\processed\scut_fbp5500\images\AM1115.jpg,scut_fbp5500,portrait_score,unassigned,2.583333333333333,2.583333333333333,0.5906522297402889,60
AM1116,datasets\processed\scut_fbp5500\images\AM1116.jpg,scut_fbp5500,portrait_score,unassigned,2.5,2.5,0.6243640832675885,60
AM1117,datasets\processed\scut_fbp5500\images\AM1117.jpg,scut_fbp5500,portrait_score,unassigned,2.9,2.9,0.5734226707429991,60
AM1118,datasets\processed\scut_fbp5500\images\AM1118.jpg,scut_fbp5500,portrait_score,unassigned,2.316666666666667,2.316666666666667,0.6762726024084974,60
AM1119,datasets\processed\scut_fbp5500\images\AM1119.jpg,scut_fbp5500,portrait_score,unassigned,2.6333333333333333,2.6333333333333333,0.6629841797500676,60
AM112,datasets\processed\scut_fbp5500\images\AM112.jpg,scut_fbp5500,portrait_score,unassigned,4.133333333333334,4.133333333333334,0.6756457467795108,60
AM1120,datasets\processed\scut_fbp5500\images\AM1120.jpg,scut_fbp5500,portrait_score,unassigned,2.5166666666666666,2.5166666666666666,0.6241378234003051,60
AM1121,datasets\processed\scut_fbp5500\images\AM1121.jpg,scut_fbp5500,portrait_score,unassigned,2.566666666666667,2.566666666666667,0.6207340287621396,60
AM1122,datasets\processed\scut_fbp5500\images\AM1122.jpg,scut_fbp5500,portrait_score,unassigned,2.216666666666667,2.216666666666667,0.6131791749276648,60
AM1123,datasets\processed\scut_fbp5500\images\AM1123.jpg,scut_fbp5500,portrait_score,unassigned,2.15,2.15,0.7324211069911226,60
AM1124,datasets\processed\scut_fbp5500\images\AM1124.jpg,scut_fbp5500,portrait_score,unassigned,2.1166666666666667,2.1166666666666667,0.6661721329614916,60
AM1125,datasets\processed\scut_fbp5500\images\AM1125.jpg,scut_fbp5500,portrait_score,unassigned,2.0166666666666666,2.0166666666666666,0.7008872504569529,60
AM1126,datasets\processed\scut_fbp5500\images\AM1126.jpg,scut_fbp5500,portrait_score,unassigned,2.4,2.4,0.6689227362847253,60
AM1127,datasets\processed\scut_fbp5500\images\AM1127.jpg,scut_fbp5500,portrait_score,unassigned,2.783333333333333,2.783333333333333,0.6911465950282971,60
AM1128,datasets\processed\scut_fbp5500\images\AM1128.jpg,scut_fbp5500,portrait_score,unassigned,2.6333333333333333,2.6333333333333333,0.7583806715217979,60
AM1129,datasets\processed\scut_fbp5500\images\AM1129.jpg,scut_fbp5500,portrait_score,unassigned,2.2333333333333334,2.2333333333333334,0.7217367628174831,60
AM113,datasets\processed\scut_fbp5500\images\AM113.jpg,scut_fbp5500,portrait_score,unassigned,3.3,3.3,0.7876160124393407,60
AM1130,datasets\processed\scut_fbp5500\images\AM1130.jpg,scut_fbp5500,portrait_score,unassigned,2.033333333333333,2.033333333333333,0.7122812876724768,60
AM1131,datasets\processed\scut_fbp5500\images\AM1131.jpg,scut_fbp5500,portrait_score,unassigned,2.35,2.35,0.6845758305670822,60
AM1132,datasets\processed\scut_fbp5500\images\AM1132.jpg,scut_fbp5500,portrait_score,unassigned,1.9666666666666663,1.9666666666666663,0.758380671521798,60
AM1133,datasets\processed\scut_fbp5500\images\AM1133.jpg,scut_fbp5500,portrait_score,unassigned,2.716666666666667,2.716666666666667,0.5848849420870962,60
AM1134,datasets\processed\scut_fbp5500\images\AM1134.jpg,scut_fbp5500,portrait_score,unassigned,2.8,2.8,0.5461731270812971,60
AM1135,datasets\processed\scut_fbp5500\images\AM1135.jpg,scut_fbp5500,portrait_score,unassigned,2.3,2.3,0.6714517537598056,60
AM1136,datasets\processed\scut_fbp5500\images\AM1136.jpg,scut_fbp5500,portrait_score,unassigned,2.5166666666666666,2.5166666666666666,0.6507275372101721,60
AM1137,datasets\processed\scut_fbp5500\images\AM1137.jpg,scut_fbp5500,portrait_score,unassigned,3.0,3.0,0.4871223004474546,60
AM1138,datasets\processed\scut_fbp5500\images\AM1138.jpg,scut_fbp5500,portrait_score,unassigned,2.583333333333333,2.583333333333333,0.6454972243679028,60
AM1139,datasets\processed\scut_fbp5500\images\AM1139.jpg,scut_fbp5500,portrait_score,unassigned,2.35,2.35,0.6845758305670819,60
AM114,datasets\processed\scut_fbp5500\images\AM114.jpg,scut_fbp5500,portrait_score,unassigned,3.2,3.2,0.6587095756740947,60
AM1140,datasets\processed\scut_fbp5500\images\AM1140.jpg,scut_fbp5500,portrait_score,unassigned,2.583333333333333,2.583333333333333,0.561223441609872,60
AM1141,datasets\processed\scut_fbp5500\images\AM1141.jpg,scut_fbp5500,portrait_score,unassigned,3.283333333333333,3.283333333333333,0.6131791749276648,60
AM1142,datasets\processed\scut_fbp5500\images\AM1142.jpg,scut_fbp5500,portrait_score,unassigned,2.2666666666666666,2.2666666666666666,0.6604227374117243,60
AM1143,datasets\processed\scut_fbp5500\images\AM1143.jpg,scut_fbp5500,portrait_score,unassigned,2.35,2.35,0.6845758305670822,60
AM1144,datasets\processed\scut_fbp5500\images\AM1144.jpg,scut_fbp5500,portrait_score,unassigned,2.2333333333333334,2.2333333333333334,0.767268248379764,60
AM1145,datasets\processed\scut_fbp5500\images\AM1145.jpg,scut_fbp5500,portrait_score,unassigned,4.25,4.25,0.6541911813032298,60
AM1146,datasets\processed\scut_fbp5500\images\AM1146.jpg,scut_fbp5500,portrait_score,unassigned,2.7333333333333334,2.7333333333333334,0.5783280010825675,60
AM1147,datasets\processed\scut_fbp5500\images\AM1147.jpg,scut_fbp5500,portrait_score,unassigned,2.533333333333333,2.533333333333333,0.675645746779511,60
AM1148,datasets\processed\scut_fbp5500\images\AM1148.jpg,scut_fbp5500,portrait_score,unassigned,2.6,2.6,0.6689227362847253,60
AM1149,datasets\processed\scut_fbp5500\images\AM1149.jpg,scut_fbp5500,portrait_score,unassigned,1.8166666666666669,1.8166666666666669,0.6762726024084974,60
AM115,datasets\processed\scut_fbp5500\images\AM115.jpg,scut_fbp5500,portrait_score,unassigned,1.9,1.9,0.681473975776784,60
AM1150,datasets\processed\scut_fbp5500\images\AM1150.jpg,scut_fbp5500,portrait_score,unassigned,2.2,2.2,0.731842346642351,60
AM1151,datasets\processed\scut_fbp5500\images\AM1151.jpg,scut_fbp5500,portrait_score,unassigned,2.566666666666667,2.566666666666667,0.6731324866865128,60
AM1152,datasets\processed\scut_fbp5500\images\AM1152.jpg,scut_fbp5500,portrait_score,unassigned,2.033333333333333,2.033333333333333,0.7122812876724768,60
AM1153,datasets\processed\scut_fbp5500\images\AM1153.jpg,scut_fbp5500,portrait_score,unassigned,2.35,2.35,0.6593525329532485,60
AM1154,datasets\processed\scut_fbp5500\images\AM1154.jpg,scut_fbp5500,portrait_score,unassigned,2.95,2.95,0.466686843793021,60
AM1155,datasets\processed\scut_fbp5500\images\AM1155.jpg,scut_fbp5500,portrait_score,unassigned,2.6666666666666665,2.6666666666666665,0.6288721857330793,60
AM1156,datasets\processed\scut_fbp5500\images\AM1156.jpg,scut_fbp5500,portrait_score,unassigned,3.1,3.1,0.4765696633943421,60
AM1157,datasets\processed\scut_fbp5500\images\AM1157.jpg,scut_fbp5500,portrait_score,unassigned,2.7333333333333334,2.7333333333333334,0.5482380612028068,60
AM1158,datasets\processed\scut_fbp5500\images\AM1158.jpg,scut_fbp5500,portrait_score,unassigned,2.8666666666666667,2.8666666666666667,0.7002824288999322,60
AM1159,datasets\processed\scut_fbp5500\images\AM1159.jpg,scut_fbp5500,portrait_score,unassigned,2.7,2.7,0.6189110173988075,60
AM116,datasets\processed\scut_fbp5500\images\AM116.jpg,scut_fbp5500,portrait_score,unassigned,3.9166666666666665,3.9166666666666665,0.7431419023347088,60
AM1160,datasets\processed\scut_fbp5500\images\AM1160.jpg,scut_fbp5500,portrait_score,unassigned,2.4166666666666665,2.4166666666666665,0.719973320284095,60
AM1161,datasets\processed\scut_fbp5500\images\AM1161.jpg,scut_fbp5500,portrait_score,unassigned,2.65,2.65,0.5771055773925835,60
AM1162,datasets\processed\scut_fbp5500\images\AM1162.jpg,scut_fbp5500,portrait_score,unassigned,4.1,4.1,0.6814739757767843,60
AM1163,datasets\processed\scut_fbp5500\images\AM1163.jpg,scut_fbp5500,portrait_score,unassigned,2.5,2.5,0.7478783550139053,60
AM1164,datasets\processed\scut_fbp5500\images\AM1164.jpg,scut_fbp5500,portrait_score,unassigned,2.716666666666667,2.716666666666667,0.6402241838994506,60
AM1165,datasets\processed\scut_fbp5500\images\AM1165.jpg,scut_fbp5500,portrait_score,unassigned,2.566666666666667,2.566666666666667,0.6207340287621398,60
AM1166,datasets\processed\scut_fbp5500\images\AM1166.jpg,scut_fbp5500,portrait_score,unassigned,2.433333333333333,2.433333333333333,0.7217367628174831,60
AM1167,datasets\processed\scut_fbp5500\images\AM1167.jpg,scut_fbp5500,portrait_score,unassigned,2.7333333333333334,2.7333333333333334,0.6604227374117244,60
AM1168,datasets\processed\scut_fbp5500\images\AM1168.jpg,scut_fbp5500,portrait_score,unassigned,2.0,2.0,0.6888949638271722,60
AM1169,datasets\processed\scut_fbp5500\images\AM1169.jpg,scut_fbp5500,portrait_score,unassigned,2.25,2.25,0.704104191057266,60
AM117,datasets\processed\scut_fbp5500\images\AM117.jpg,scut_fbp5500,portrait_score,unassigned,4.116666666666666,4.116666666666666,0.6402241838994507,60
AM1170,datasets\processed\scut_fbp5500\images\AM1170.jpg,scut_fbp5500,portrait_score,unassigned,2.15,2.15,0.7324211069911228,60
AM1171,datasets\processed\scut_fbp5500\images\AM1171.jpg,scut_fbp5500,portrait_score,unassigned,2.466666666666667,2.466666666666667,1.0809077582850923,60
AM1172,datasets\processed\scut_fbp5500\images\AM1172.jpg,scut_fbp5500,portrait_score,unassigned,2.2666666666666666,2.2666666666666666,0.7333846926031609,60
AM1173,datasets\processed\scut_fbp5500\images\AM1173.jpg,scut_fbp5500,portrait_score,unassigned,1.9,1.9,0.7295227137180228,60
AM1174,datasets\processed\scut_fbp5500\images\AM1174.jpg,scut_fbp5500,portrait_score,unassigned,2.433333333333333,2.433333333333333,0.6474635430261867,60
AM1175,datasets\processed\scut_fbp5500\images\AM1175.jpg,scut_fbp5500,portrait_score,unassigned,2.75,2.75,0.6277481952265331,60
AM1176,datasets\processed\scut_fbp5500\images\AM1176.jpg,scut_fbp5500,portrait_score,unassigned,1.95,1.95,0.7461766955734742,60
AM1177,datasets\processed\scut_fbp5500\images\AM1177.jpg,scut_fbp5500,portrait_score,unassigned,2.0,2.0,0.688894963827172,60
AM1178,datasets\processed\scut_fbp5500\images\AM1178.jpg,scut_fbp5500,portrait_score,unassigned,2.1333333333333333,2.1333333333333333,0.7002824288999322,60
AM1179,datasets\processed\scut_fbp5500\images\AM1179.jpg,scut_fbp5500,portrait_score,unassigned,2.7333333333333334,2.7333333333333334,0.5482380612028067,60
AM118,datasets\processed\scut_fbp5500\images\AM118.jpg,scut_fbp5500,portrait_score,unassigned,4.183333333333334,4.183333333333334,0.7917298517752693,60
AM1180,datasets\processed\scut_fbp5500\images\AM1180.jpg,scut_fbp5500,portrait_score,unassigned,2.75,2.75,0.5407151573203144,60
AM1181,datasets\processed\scut_fbp5500\images\AM1181.jpg,scut_fbp5500,portrait_score,unassigned,2.4833333333333334,2.4833333333333334,0.6507275372101718,60
AM1182,datasets\processed\scut_fbp5500\images\AM1182.jpg,scut_fbp5500,portrait_score,unassigned,2.183333333333333,2.183333333333333,0.7246662976417856,60
AM1183,datasets\processed\scut_fbp5500\images\AM1183.jpg,scut_fbp5500,portrait_score,unassigned,2.8,2.8,0.6050633809075329,60
AM1184,datasets\processed\scut_fbp5500\images\AM1184.jpg,scut_fbp5500,portrait_score,unassigned,3.033333333333333,3.033333333333333,0.5812513288970897,60
AM1185,datasets\processed\scut_fbp5500\images\AM1185.jpg,scut_fbp5500,portrait_score,unassigned,2.833333333333333,2.833333333333333,0.5261522196019802,60
AM1186,datasets\processed\scut_fbp5500\images\AM1186.jpg,scut_fbp5500,portrait_score,unassigned,2.3833333333333333,2.3833333333333333,0.6661721329614918,60
AM1187,datasets\processed\scut_fbp5500\images\AM1187.jpg,scut_fbp5500,portrait_score,unassigned,2.833333333333333,2.833333333333333,0.6152487898779871,60
AM1188,datasets\processed\scut_fbp5500\images\AM1188.jpg,scut_fbp5500,portrait_score,unassigned,2.466666666666667,2.466666666666667,0.7002824288999323,60
AM1189,datasets\processed\scut_fbp5500\images\AM1189.jpg,scut_fbp5500,portrait_score,unassigned,2.433333333333333,2.433333333333333,0.8102451327476413,60
AM119,datasets\processed\scut_fbp5500\images\AM119.jpg,scut_fbp5500,portrait_score,unassigned,3.8333333333333335,3.8333333333333335,0.6152487898779869,60
AM1190,datasets\processed\scut_fbp5500\images\AM1190.jpg,scut_fbp5500,portrait_score,unassigned,3.05,3.05,0.5344092255369317,60
AM1191,datasets\processed\scut_fbp5500\images\AM1191.jpg,scut_fbp5500,portrait_score,unassigned,2.533333333333333,2.533333333333333,0.6756457467795108,60
AM1192,datasets\processed\scut_fbp5500\images\AM1192.jpg,scut_fbp5500,portrait_score,unassigned,2.8833333333333333,2.8833333333333333,0.4154502016565851,60
AM1193,datasets\processed\scut_fbp5500\images\AM1193.jpg,scut_fbp5500,portrait_score,unassigned,2.8666666666666667,2.8666666666666667,0.5664838521990366,60
AM1194,datasets\processed\scut_fbp5500\images\AM1194.jpg,scut_fbp5500,portrait_score,unassigned,2.7333333333333334,2.7333333333333334,0.6069279874259417,60
AM1195,datasets\processed\scut_fbp5500\images\AM1195.jpg,scut_fbp5500,portrait_score,unassigned,1.9666666666666663,1.9666666666666663,0.7122812876724767,60
AM1196,datasets\processed\scut_fbp5500\images\AM1196.jpg,scut_fbp5500,portrait_score,unassigned,2.3666666666666667,2.3666666666666667,0.6369063647932277,60
AM1197,datasets\processed\scut_fbp5500\images\AM1197.jpg,scut_fbp5500,portrait_score,unassigned,2.216666666666667,2.216666666666667,0.6911465950282971,60
AM1198,datasets\processed\scut_fbp5500\images\AM1198.jpg,scut_fbp5500,portrait_score,unassigned,2.583333333333333,2.583333333333333,0.6186827632817331,60
AM1199,datasets\processed\scut_fbp5500\images\AM1199.jpg,scut_fbp5500,portrait_score,unassigned,2.683333333333333,2.683333333333333,0.6241378234003049,60
AM12,datasets\processed\scut_fbp5500\images\AM12.jpg,scut_fbp5500,portrait_score,unassigned,2.533333333333333,2.533333333333333,0.6500760494407534,60
AM120,datasets\processed\scut_fbp5500\images\AM120.jpg,scut_fbp5500,portrait_score,unassigned,4.433333333333334,4.433333333333334,0.6474635430261866,60
AM1200,datasets\processed\scut_fbp5500\images\AM1200.jpg,scut_fbp5500,portrait_score,unassigned,2.783333333333333,2.783333333333333,0.5848849420870964,60
AM1201,datasets\processed\scut_fbp5500\images\AM1201.jpg,scut_fbp5500,portrait_score,unassigned,2.15,2.15,0.684575830567082,60
AM1202,datasets\processed\scut_fbp5500\images\AM1202.jpg,scut_fbp5500,portrait_score,unassigned,2.683333333333333,2.683333333333333,0.6241378234003048,60
AM1203,datasets\processed\scut_fbp5500\images\AM1203.jpg,scut_fbp5500,portrait_score,unassigned,2.833333333333333,2.833333333333333,0.6152487898779871,60
AM1204,datasets\processed\scut_fbp5500\images\AM1204.jpg,scut_fbp5500,portrait_score,unassigned,2.533333333333333,2.533333333333333,0.6234585511256954,60
AM1205,datasets\processed\scut_fbp5500\images\AM1205.jpg,scut_fbp5500,portrait_score,unassigned,2.583333333333333,2.583333333333333,0.6454972243679028,60
AM1206,datasets\processed\scut_fbp5500\images\AM1206.jpg,scut_fbp5500,portrait_score,unassigned,2.2666666666666666,2.2666666666666666,0.7333846926031607,60
AM1207,datasets\processed\scut_fbp5500\images\AM1207.jpg,scut_fbp5500,portrait_score,unassigned,2.1333333333333333,2.1333333333333333,0.675645746779511,60
AM1208,datasets\processed\scut_fbp5500\images\AM1208.jpg,scut_fbp5500,portrait_score,unassigned,2.333333333333333,2.333333333333333,0.6806444271116838,60
AM1209,datasets\processed\scut_fbp5500\images\AM1209.jpg,scut_fbp5500,portrait_score,unassigned,2.466666666666667,2.466666666666667,0.7002824288999322,60
AM121,datasets\processed\scut_fbp5500\images\AM121.jpg,scut_fbp5500,portrait_score,unassigned,2.55,2.55,0.699273230466788,60
AM1210,datasets\processed\scut_fbp5500\images\AM1210.jpg,scut_fbp5500,portrait_score,unassigned,2.35,2.35,0.6057632809459261,60
AM1211,datasets\processed\scut_fbp5500\images\AM1211.jpg,scut_fbp5500,portrait_score,unassigned,2.1,2.1,0.729522713718023,60
AM1212,datasets\processed\scut_fbp5500\images\AM1212.jpg,scut_fbp5500,portrait_score,unassigned,2.466666666666667,2.466666666666667,0.6500760494407536,60
AM1213,datasets\processed\scut_fbp5500\images\AM1213.jpg,scut_fbp5500,portrait_score,unassigned,2.216666666666667,2.216666666666667,0.7152495514881185,60
AM1214,datasets\processed\scut_fbp5500\images\AM1214.jpg,scut_fbp5500,portrait_score,unassigned,2.833333333333333,2.833333333333333,0.5870543146605618,60
AM1215,datasets\processed\scut_fbp5500\images\AM1215.jpg,scut_fbp5500,portrait_score,unassigned,2.3,2.3,0.7433319399039409,60
AM1216,datasets\processed\scut_fbp5500\images\AM1216.jpg,scut_fbp5500,portrait_score,unassigned,2.3,2.3,0.6962368581968814,60
AM1217,datasets\processed\scut_fbp5500\images\AM1217.jpg,scut_fbp5500,portrait_score,unassigned,2.9,2.9,0.573422670742999,60
AM1218,datasets\processed\scut_fbp5500\images\AM1218.jpg,scut_fbp5500,portrait_score,unassigned,3.566666666666667,3.566666666666667,0.7672682483797642,60
AM1219,datasets\processed\scut_fbp5500\images\AM1219.jpg,scut_fbp5500,portrait_score,unassigned,3.15,3.15,0.684575830567082,60
AM122,datasets\processed\scut_fbp5500\images\AM122.jpg,scut_fbp5500,portrait_score,unassigned,3.25,3.25,0.7041041910572658,60
AM1220,datasets\processed\scut_fbp5500\images\AM1220.jpg,scut_fbp5500,portrait_score,unassigned,2.25,2.25,0.7945790912196152,60
AM1221,datasets\processed\scut_fbp5500\images\AM1221.jpg,scut_fbp5500,portrait_score,unassigned,2.85,2.85,0.6331251516304806,60
AM1222,datasets\processed\scut_fbp5500\images\AM1222.jpg,scut_fbp5500,portrait_score,unassigned,2.816666666666667,2.816666666666667,0.5672313570575754,60
AM1223,datasets\processed\scut_fbp5500\images\AM1223.jpg,scut_fbp5500,portrait_score,unassigned,2.6333333333333333,2.6333333333333333,0.6097142055335258,60
AM1224,datasets\processed\scut_fbp5500\images\AM1224.jpg,scut_fbp5500,portrait_score,unassigned,2.533333333333333,2.533333333333333,0.6500760494407535,60
AM1225,datasets\processed\scut_fbp5500\images\AM1225.jpg,scut_fbp5500,portrait_score,unassigned,2.3833333333333333,2.3833333333333333,0.6402241838994507,60
AM1226,datasets\processed\scut_fbp5500\images\AM1226.jpg,scut_fbp5500,portrait_score,unassigned,2.8,2.8,0.5763708787148328,60
AM1227,datasets\processed\scut_fbp5500\images\AM1227.jpg,scut_fbp5500,portrait_score,unassigned,2.3666666666666667,2.3666666666666667,0.6880743620304537,60
AM1228,datasets\processed\scut_fbp5500\images\AM1228.jpg,scut_fbp5500,portrait_score,unassigned,2.3666666666666667,2.3666666666666667,0.6369063647932279,60
AM1229,datasets\processed\scut_fbp5500\images\AM1229.jpg,scut_fbp5500,portrait_score,unassigned,2.566666666666667,2.566666666666667,0.5928004971139373,60
AM123,datasets\processed\scut_fbp5500\images\AM123.jpg,scut_fbp5500,portrait_score,unassigned,4.383333333333334,4.383333333333334,0.6402241838994507,60
AM1230,datasets\processed\scut_fbp5500\images\AM1230.jpg,scut_fbp5500,portrait_score,unassigned,2.583333333333333,2.583333333333333,0.6186827632817329,60
AM1231,datasets\processed\scut_fbp5500\images\AM1231.jpg,scut_fbp5500,portrait_score,unassigned,1.95,1.95,0.699273230466788,60
AM1232,datasets\processed\scut_fbp5500\images\AM1232.jpg,scut_fbp5500,portrait_score,unassigned,2.45,2.45,0.5944660045019182,60
AM1233,datasets\processed\scut_fbp5500\images\AM1233.jpg,scut_fbp5500,portrait_score,unassigned,2.6166666666666667,2.6166666666666667,0.7152495514881184,60
AM1234,datasets\processed\scut_fbp5500\images\AM1234.jpg,scut_fbp5500,portrait_score,unassigned,2.15,2.15,0.7089022308339535,60
AM1235,datasets\processed\scut_fbp5500\images\AM1235.jpg,scut_fbp5500,portrait_score,unassigned,2.283333333333333,2.283333333333333,0.6661721329614917,60
AM1236,datasets\processed\scut_fbp5500\images\AM1236.jpg,scut_fbp5500,portrait_score,unassigned,2.1666666666666665,2.1666666666666665,0.7170246117012378,60
AM1237,datasets\processed\scut_fbp5500\images\AM1237.jpg,scut_fbp5500,portrait_score,unassigned,2.566666666666667,2.566666666666667,0.6474635430261866,60
AM1238,datasets\processed\scut_fbp5500\images\AM1238.jpg,scut_fbp5500,portrait_score,unassigned,2.8,2.8,0.576370878714833,60
AM1239,datasets\processed\scut_fbp5500\images\AM1239.jpg,scut_fbp5500,portrait_score,unassigned,2.6333333333333333,2.6333333333333333,0.5812513288970896,60
AM124,datasets\processed\scut_fbp5500\images\AM124.jpg,scut_fbp5500,portrait_score,unassigned,4.45,4.45,0.5652358139960075,60
AM1240,datasets\processed\scut_fbp5500\images\AM1240.jpg,scut_fbp5500,portrait_score,unassigned,2.3,2.3,0.6457159999120146,60
AM1241,datasets\processed\scut_fbp5500\images\AM1241.jpg,scut_fbp5500,portrait_score,unassigned,2.3,2.3,0.743331939903941,60
AM1242,datasets\processed\scut_fbp5500\images\AM1242.jpg,scut_fbp5500,portrait_score,unassigned,1.9333333333333331,1.9333333333333331,0.7098977407062844,60
AM1243,datasets\processed\scut_fbp5500\images\AM1243.jpg,scut_fbp5500,portrait_score,unassigned,2.566666666666667,2.566666666666667,0.6731324866865128,60
AM1244,datasets\processed\scut_fbp5500\images\AM1244.jpg,scut_fbp5500,portrait_score,unassigned,2.3,2.3,0.7433319399039409,60
AM1245,datasets\processed\scut_fbp5500\images\AM1245.jpg,scut_fbp5500,portrait_score,unassigned,2.7,2.7,0.6962368581968814,60
AM1246,datasets\processed\scut_fbp5500\images\AM1246.jpg,scut_fbp5500,portrait_score,unassigned,2.566666666666667,2.566666666666667,0.6474635430261867,60
AM1247,datasets\processed\scut_fbp5500\images\AM1247.jpg,scut_fbp5500,portrait_score,unassigned,2.1,2.1,0.7961773075670681,60
AM1248,datasets\processed\scut_fbp5500\images\AM1248.jpg,scut_fbp5500,portrait_score,unassigned,2.5,2.5,0.596600539213493,60
AM1249,datasets\processed\scut_fbp5500\images\AM1249.jpg,scut_fbp5500,portrait_score,unassigned,2.4166666666666665,2.4166666666666665,0.6960339624157418,60
AM125,datasets\processed\scut_fbp5500\images\AM125.jpg,scut_fbp5500,portrait_score,unassigned,3.9,3.9,0.6297699337786183,60
AM1250,datasets\processed\scut_fbp5500\images\AM1250.jpg,scut_fbp5500,portrait_score,unassigned,2.6666666666666665,2.6666666666666665,0.6806444271116839,60
AM1251,datasets\processed\scut_fbp5500\images\AM1251.jpg,scut_fbp5500,portrait_score,unassigned,2.85,2.85,0.605763280945926,60
AM1252,datasets\processed\scut_fbp5500\images\AM1252.jpg,scut_fbp5500,portrait_score,unassigned,2.2,2.2,0.6839565850033842,60
AM1253,datasets\processed\scut_fbp5500\images\AM1253.jpg,scut_fbp5500,portrait_score,unassigned,2.4833333333333334,2.4833333333333334,0.6507275372101721,60
AM1254,datasets\processed\scut_fbp5500\images\AM1254.jpg,scut_fbp5500,portrait_score,unassigned,2.466666666666667,2.466666666666667,0.6756457467795107,60
AM1255,datasets\processed\scut_fbp5500\images\AM1255.jpg,scut_fbp5500,portrait_score,unassigned,2.35,2.35,0.7324211069911227,60
AM1256,datasets\processed\scut_fbp5500\images\AM1256.jpg,scut_fbp5500,portrait_score,unassigned,2.7666666666666666,2.7666666666666666,0.5325559305923083,60
AM1257,datasets\processed\scut_fbp5500\images\AM1257.jpg,scut_fbp5500,portrait_score,unassigned,2.6,2.6,0.5880159112340472,60
AM1258,datasets\processed\scut_fbp5500\images\AM1258.jpg,scut_fbp5500,portrait_score,unassigned,2.7,2.7,0.5908913118102866,60
AM1259,datasets\processed\scut_fbp5500\images\AM1259.jpg,scut_fbp5500,portrait_score,unassigned,2.75,2.75,0.6277481952265331,60
AM126,datasets\processed\scut_fbp5500\images\AM126.jpg,scut_fbp5500,portrait_score,unassigned,1.7666666666666666,1.7666666666666666,0.7448504949901058,60
AM1260,datasets\processed\scut_fbp5500\images\AM1260.jpg,scut_fbp5500,portrait_score,unassigned,2.55,2.55,0.6223247830459754,60
AM1261,datasets\processed\scut_fbp5500\images\AM1261.jpg,scut_fbp5500,portrait_score,unassigned,2.566666666666667,2.566666666666667,0.592800497113937,60
AM1262,datasets\processed\scut_fbp5500\images\AM1262.jpg,scut_fbp5500,portrait_score,unassigned,2.7333333333333334,2.7333333333333334,0.6069279874259416,60
AM1263,datasets\processed\scut_fbp5500\images\AM1263.jpg,scut_fbp5500,portrait_score,unassigned,2.466666666666667,2.466666666666667,0.7002824288999321,60
AM1264,datasets\processed\scut_fbp5500\images\AM1264.jpg,scut_fbp5500,portrait_score,unassigned,3.0,3.0,0.6106401198187058,60
AM1265,datasets\processed\scut_fbp5500\images\AM1265.jpg,scut_fbp5500,portrait_score,unassigned,2.083333333333333,2.083333333333333,0.6960339624157418,60
AM1266,datasets\processed\scut_fbp5500\images\AM1266.jpg,scut_fbp5500,portrait_score,unassigned,3.1333333333333333,3.1333333333333333,0.675645746779511,60
AM1267,datasets\processed\scut_fbp5500\images\AM1267.jpg,scut_fbp5500,portrait_score,unassigned,2.2,2.2,0.7083042533080239,60
AM1268,datasets\processed\scut_fbp5500\images\AM1268.jpg,scut_fbp5500,portrait_score,unassigned,2.45,2.45,0.699273230466788,60
AM1269,datasets\processed\scut_fbp5500\images\AM1269.jpg,scut_fbp5500,portrait_score,unassigned,2.3,2.3,0.6714517537598056,60
AM127,datasets\processed\scut_fbp5500\images\AM127.jpg,scut_fbp5500,portrait_score,unassigned,3.9,3.9,0.656131446111426,60
AM1270,datasets\processed\scut_fbp5500\images\AM1270.jpg,scut_fbp5500,portrait_score,unassigned,2.35,2.35,0.684575830567082,60
AM1271,datasets\processed\scut_fbp5500\images\AM1271.jpg,scut_fbp5500,portrait_score,unassigned,2.45,2.45,0.6992732304667879,60
AM1272,datasets\processed\scut_fbp5500\images\AM1272.jpg,scut_fbp5500,portrait_score,unassigned,2.05,2.05,0.7231053560389408,60
AM1273,datasets\processed\scut_fbp5500\images\AM1273.jpg,scut_fbp5500,portrait_score,unassigned,2.7666666666666666,2.7666666666666666,0.5325559305923082,60
AM1274,datasets\processed\scut_fbp5500\images\AM1274.jpg,scut_fbp5500,portrait_score,unassigned,2.6333333333333333,2.6333333333333333,0.6097142055335256,60
AM1275,datasets\processed\scut_fbp5500\images\AM1275.jpg,scut_fbp5500,portrait_score,unassigned,2.433333333333333,2.433333333333333,0.6207340287621397,60
AM1276,datasets\processed\scut_fbp5500\images\AM1276.jpg,scut_fbp5500,portrait_score,unassigned,2.1666666666666665,2.1666666666666665,0.7170246117012377,60
AM1277,datasets\processed\scut_fbp5500\images\AM1277.jpg,scut_fbp5500,portrait_score,unassigned,2.216666666666667,2.216666666666667,0.6402241838994507,60
AM1278,datasets\processed\scut_fbp5500\images\AM1278.jpg,scut_fbp5500,portrait_score,unassigned,2.1333333333333333,2.1333333333333333,0.6500760494407538,60
AM1279,datasets\processed\scut_fbp5500\images\AM1279.jpg,scut_fbp5500,portrait_score,unassigned,2.8666666666666667,2.8666666666666667,0.5664838521990366,60
AM128,datasets\processed\scut_fbp5500\images\AM128.jpg,scut_fbp5500,portrait_score,unassigned,3.3666666666666667,3.3666666666666667,0.5812513288970897,60
AM1280,datasets\processed\scut_fbp5500\images\AM1280.jpg,scut_fbp5500,portrait_score,unassigned,2.783333333333333,2.783333333333333,0.5237306419436755,60
AM1281,datasets\processed\scut_fbp5500\images\AM1281.jpg,scut_fbp5500,portrait_score,unassigned,2.466666666666667,2.466666666666667,0.6756457467795108,60
AM1282,datasets\processed\scut_fbp5500\images\AM1282.jpg,scut_fbp5500,portrait_score,unassigned,2.05,2.05,0.6745996929755539,60
AM1283,datasets\processed\scut_fbp5500\images\AM1283.jpg,scut_fbp5500,portrait_score,unassigned,2.9833333333333334,2.9833333333333334,0.5039392842990981,60
AM1284,datasets\processed\scut_fbp5500\images\AM1284.jpg,scut_fbp5500,portrait_score,unassigned,2.3666666666666667,2.3666666666666667,0.7122812876724767,60
AM1285,datasets\processed\scut_fbp5500\images\AM1285.jpg,scut_fbp5500,portrait_score,unassigned,2.1666666666666665,2.1666666666666665,0.7170246117012379,60
AM1286,datasets\processed\scut_fbp5500\images\AM1286.jpg,scut_fbp5500,portrait_score,unassigned,2.65,2.65,0.605763280945926,60
AM1287,datasets\processed\scut_fbp5500\images\AM1287.jpg,scut_fbp5500,portrait_score,unassigned,2.3833333333333333,2.3833333333333333,0.7152495514881186,60
AM1288,datasets\processed\scut_fbp5500\images\AM1288.jpg,scut_fbp5500,portrait_score,unassigned,1.95,1.95,0.7231053560389408,60
AM1289,datasets\processed\scut_fbp5500\images\AM1289.jpg,scut_fbp5500,portrait_score,unassigned,2.65,2.65,0.6331251516304803,60
AM129,datasets\processed\scut_fbp5500\images\AM129.jpg,scut_fbp5500,portrait_score,unassigned,4.3,4.3,0.7657941485582805,60
AM1290,datasets\processed\scut_fbp5500\images\AM1290.jpg,scut_fbp5500,portrait_score,unassigned,2.466666666666667,2.466666666666667,0.675645746779511,60
AM1291,datasets\processed\scut_fbp5500\images\AM1291.jpg,scut_fbp5500,portrait_score,unassigned,2.216666666666667,2.216666666666667,0.6131791749276648,60
AM1292,datasets\processed\scut_fbp5500\images\AM1292.jpg,scut_fbp5500,portrait_score,unassigned,2.833333333333333,2.833333333333333,0.6152487898779871,60
AM1293,datasets\processed\scut_fbp5500\images\AM1293.jpg,scut_fbp5500,portrait_score,unassigned,2.566666666666667,2.566666666666667,0.5928004971139371,60
AM1294,datasets\processed\scut_fbp5500\images\AM1294.jpg,scut_fbp5500,portrait_score,unassigned,2.433333333333333,2.433333333333333,0.6474635430261866,60
AM1295,datasets\processed\scut_fbp5500\images\AM1295.jpg,scut_fbp5500,portrait_score,unassigned,2.2333333333333334,2.2333333333333334,0.6731324866865128,60
AM1296,datasets\processed\scut_fbp5500\images\AM1296.jpg,scut_fbp5500,portrait_score,unassigned,2.6666666666666665,2.6666666666666665,0.6552698154756149,60
AM1297,datasets\processed\scut_fbp5500\images\AM1297.jpg,scut_fbp5500,portrait_score,unassigned,2.433333333333333,2.433333333333333,0.6731324866865128,60
AM1298,datasets\processed\scut_fbp5500\images\AM1298.jpg,scut_fbp5500,portrait_score,unassigned,2.6166666666666667,2.6166666666666667,0.6402241838994506,60
AM1299,datasets\processed\scut_fbp5500\images\AM1299.jpg,scut_fbp5500,portrait_score,unassigned,2.6,2.6,0.5880159112340472,60
AM13,datasets\processed\scut_fbp5500\images\AM13.jpg,scut_fbp5500,portrait_score,unassigned,2.8666666666666667,2.8666666666666667,0.6234585511256955,60
AM130,datasets\processed\scut_fbp5500\images\AM130.jpg,scut_fbp5500,portrait_score,unassigned,3.6666666666666665,3.6666666666666665,0.7287478619712608,60
AM1300,datasets\processed\scut_fbp5500\images\AM1300.jpg,scut_fbp5500,portrait_score,unassigned,2.3,2.3,0.6962368581968813,60
AM1301,datasets\processed\scut_fbp5500\images\AM1301.jpg,scut_fbp5500,portrait_score,unassigned,2.6166666666666667,2.6166666666666667,0.5551505114790766,60
AM1302,datasets\processed\scut_fbp5500\images\AM1302.jpg,scut_fbp5500,portrait_score,unassigned,2.4166666666666665,2.4166666666666665,0.6960339624157418,60
AM1303,datasets\processed\scut_fbp5500\images\AM1303.jpg,scut_fbp5500,portrait_score,unassigned,2.15,2.15,0.7089022308339537,60
AM1304,datasets\processed\scut_fbp5500\images\AM1304.jpg,scut_fbp5500,portrait_score,unassigned,2.3833333333333333,2.3833333333333333,0.7152495514881186,60
AM1305,datasets\processed\scut_fbp5500\images\AM1305.jpg,scut_fbp5500,portrait_score,unassigned,2.75,2.75,0.5407151573203143,60
AM1306,datasets\processed\scut_fbp5500\images\AM1306.jpg,scut_fbp5500,portrait_score,unassigned,2.533333333333333,2.533333333333333,0.5956528014598821,60
AM1307,datasets\processed\scut_fbp5500\images\AM1307.jpg,scut_fbp5500,portrait_score,unassigned,2.6,2.6,0.5880159112340471,60
AM1308,datasets\processed\scut_fbp5500\images\AM1308.jpg,scut_fbp5500,portrait_score,unassigned,2.333333333333333,2.333333333333333,0.6013168224022629,60
AM1309,datasets\processed\scut_fbp5500\images\AM1309.jpg,scut_fbp5500,portrait_score,unassigned,2.7,2.7,0.6189110173988076,60
AM131,datasets\processed\scut_fbp5500\images\AM131.jpg,scut_fbp5500,portrait_score,unassigned,4.283333333333333,4.283333333333333,0.7152495514881189,60
AM1310,datasets\processed\scut_fbp5500\images\AM1310.jpg,scut_fbp5500,portrait_score,unassigned,2.6166666666666667,2.6166666666666667,0.691146595028297,60
AM1311,datasets\processed\scut_fbp5500\images\AM1311.jpg,scut_fbp5500,portrait_score,unassigned,2.8666666666666667,2.8666666666666667,0.3891175007353576,60
AM1312,datasets\processed\scut_fbp5500\images\AM1312.jpg,scut_fbp5500,portrait_score,unassigned,2.7333333333333334,2.7333333333333334,0.634239613242227,60
AM1313,datasets\processed\scut_fbp5500\images\AM1313.jpg,scut_fbp5500,portrait_score,unassigned,2.6,2.6,0.643085781240651,60
AM1314,datasets\processed\scut_fbp5500\images\AM1314.jpg,scut_fbp5500,portrait_score,unassigned,2.6,2.6,0.6689227362847252,60
AM1315,datasets\processed\scut_fbp5500\images\AM1315.jpg,scut_fbp5500,portrait_score,unassigned,2.433333333333333,2.433333333333333,0.6207340287621396,60
AM1316,datasets\processed\scut_fbp5500\images\AM1316.jpg,scut_fbp5500,portrait_score,unassigned,2.35,2.35,0.7552079071691765,60
AM1317,datasets\processed\scut_fbp5500\images\AM1317.jpg,scut_fbp5500,portrait_score,unassigned,2.583333333333333,2.583333333333333,0.6186827632817329,60
AM1318,datasets\processed\scut_fbp5500\images\AM1318.jpg,scut_fbp5500,portrait_score,unassigned,2.65,2.65,0.5771055773925834,60
AM1319,datasets\processed\scut_fbp5500\images\AM1319.jpg,scut_fbp5500,portrait_score,unassigned,2.533333333333333,2.533333333333333,0.7240813388775702,60
AM132,datasets\processed\scut_fbp5500\images\AM132.jpg,scut_fbp5500,portrait_score,unassigned,2.65,2.65,0.6331251516304803,60
AM1320,datasets\processed\scut_fbp5500\images\AM1320.jpg,scut_fbp5500,portrait_score,unassigned,2.25,2.25,0.704104191057266,60
AM1321,datasets\processed\scut_fbp5500\images\AM1321.jpg,scut_fbp5500,portrait_score,unassigned,2.65,2.65,0.6593525329532484,60
AM1322,datasets\processed\scut_fbp5500\images\AM1322.jpg,scut_fbp5500,portrait_score,unassigned,2.2,2.2,0.6839565850033844,60
AM1323,datasets\processed\scut_fbp5500\images\AM1323.jpg,scut_fbp5500,portrait_score,unassigned,2.95,2.95,0.4288336566604185,60
AM1324,datasets\processed\scut_fbp5500\images\AM1324.jpg,scut_fbp5500,portrait_score,unassigned,2.6,2.6,0.6161663873899262,60
AM1325,datasets\processed\scut_fbp5500\images\AM1325.jpg,scut_fbp5500,portrait_score,unassigned,2.2666666666666666,2.2666666666666666,0.6604227374117244,60
AM1326,datasets\processed\scut_fbp5500\images\AM1326.jpg,scut_fbp5500,portrait_score,unassigned,2.6333333333333333,2.6333333333333333,0.6369063647932279,60
AM1327,datasets\processed\scut_fbp5500\images\AM1327.jpg,scut_fbp5500,portrait_score,unassigned,2.6666666666666665,2.6666666666666665,0.5724365605193374,60
AM1328,datasets\processed\scut_fbp5500\images\AM1328.jpg,scut_fbp5500,portrait_score,unassigned,2.4,2.4,0.6430857812406509,60
AM1329,datasets\processed\scut_fbp5500\images\AM1329.jpg,scut_fbp5500,portrait_score,unassigned,2.7,2.7,0.5908913118102866,60
AM133,datasets\processed\scut_fbp5500\images\AM133.jpg,scut_fbp5500,portrait_score,unassigned,3.1,3.1,0.656131446111426,60
AM1330,datasets\processed\scut_fbp5500\images\AM1330.jpg,scut_fbp5500,portrait_score,unassigned,2.833333333333333,2.833333333333333,0.6152487898779871,60
AM1331,datasets\processed\scut_fbp5500\images\AM1331.jpg,scut_fbp5500,portrait_score,unassigned,2.65,2.65,0.5771055773925834,60
AM1332,datasets\processed\scut_fbp5500\images\AM1332.jpg,scut_fbp5500,portrait_score,unassigned,2.433333333333333,2.433333333333333,0.5928004971139371,60
AM1333,datasets\processed\scut_fbp5500\images\AM1333.jpg,scut_fbp5500,portrait_score,unassigned,2.55,2.55,0.565235813996007,60
AM1334,datasets\processed\scut_fbp5500\images\AM1334.jpg,scut_fbp5500,portrait_score,unassigned,2.1,2.1,0.7523972985831715,60
AM1335,datasets\processed\scut_fbp5500\images\AM1335.jpg,scut_fbp5500,portrait_score,unassigned,2.833333333333333,2.833333333333333,0.4572084295183094,60
AM1336,datasets\processed\scut_fbp5500\images\AM1336.jpg,scut_fbp5500,portrait_score,unassigned,2.533333333333333,2.533333333333333,0.5956528014598821,60
AM1337,datasets\processed\scut_fbp5500\images\AM1337.jpg,scut_fbp5500,portrait_score,unassigned,2.533333333333333,2.533333333333333,0.6756457467795108,60
AM1338,datasets\processed\scut_fbp5500\images\AM1338.jpg,scut_fbp5500,portrait_score,unassigned,2.433333333333333,2.433333333333333,0.6474635430261865,60
AM1339,datasets\processed\scut_fbp5500\images\AM1339.jpg,scut_fbp5500,portrait_score,unassigned,2.2666666666666666,2.2666666666666666,0.7098977407062844,60
AM134,datasets\processed\scut_fbp5500\images\AM134.jpg,scut_fbp5500,portrait_score,unassigned,3.983333333333333,3.983333333333333,0.7700245795475265,60
AM1340,datasets\processed\scut_fbp5500\images\AM1340.jpg,scut_fbp5500,portrait_score,unassigned,2.6166666666666667,2.6166666666666667,0.5848849420870963,60
AM1341,datasets\processed\scut_fbp5500\images\AM1341.jpg,scut_fbp5500,portrait_score,unassigned,2.85,2.85,0.5469483909592215,60
AM1342,datasets\processed\scut_fbp5500\images\AM1342.jpg,scut_fbp5500,portrait_score,unassigned,2.583333333333333,2.583333333333333,0.590652229740289,60
AM1343,datasets\processed\scut_fbp5500\images\AM1343.jpg,scut_fbp5500,portrait_score,unassigned,2.5,2.5,0.6243640832675886,60
AM1344,datasets\processed\scut_fbp5500\images\AM1344.jpg,scut_fbp5500,portrait_score,unassigned,2.7,2.7,0.5614750549117348,60
AM1345,datasets\processed\scut_fbp5500\images\AM1345.jpg,scut_fbp5500,portrait_score,unassigned,2.6666666666666665,2.6666666666666665,0.6806444271116837,60
AM1346,datasets\processed\scut_fbp5500\images\AM1346.jpg,scut_fbp5500,portrait_score,unassigned,2.55,2.55,0.6489887831680653,60
AM1347,datasets\processed\scut_fbp5500\images\AM1347.jpg,scut_fbp5500,portrait_score,unassigned,2.4833333333333334,2.4833333333333334,0.650727537210172,60
AM1348,datasets\processed\scut_fbp5500\images\AM1348.jpg,scut_fbp5500,portrait_score,unassigned,2.35,2.35,0.7324211069911226,60
AM1349,datasets\processed\scut_fbp5500\images\AM1349.jpg,scut_fbp5500,portrait_score,unassigned,2.7,2.7,0.561475054911735,60
AM135,datasets\processed\scut_fbp5500\images\AM135.jpg,scut_fbp5500,portrait_score,unassigned,2.4166666666666665,2.4166666666666665,0.6960339624157417,60
AM1350,datasets\processed\scut_fbp5500\images\AM1350.jpg,scut_fbp5500,portrait_score,unassigned,2.316666666666667,2.316666666666667,0.6507275372101721,60
AM1351,datasets\processed\scut_fbp5500\images\AM1351.jpg,scut_fbp5500,portrait_score,unassigned,2.75,2.75,0.6277481952265332,60
AM1352,datasets\processed\scut_fbp5500\images\AM1352.jpg,scut_fbp5500,portrait_score,unassigned,2.6333333333333333,2.6333333333333333,0.5513209612012652,60
AM1353,datasets\processed\scut_fbp5500\images\AM1353.jpg,scut_fbp5500,portrait_score,unassigned,2.4,2.4,0.6689227362847253,60
AM1354,datasets\processed\scut_fbp5500\images\AM1354.jpg,scut_fbp5500,portrait_score,unassigned,2.0,2.0,0.8025383458814725,60
AM1355,datasets\processed\scut_fbp5500\images\AM1355.jpg,scut_fbp5500,portrait_score,unassigned,2.8,2.8,0.5461731270812972,60
AM1356,datasets\processed\scut_fbp5500\images\AM1356.jpg,scut_fbp5500,portrait_score,unassigned,2.3833333333333333,2.3833333333333333,0.6911465950282971,60
AM1357,datasets\processed\scut_fbp5500\images\AM1357.jpg,scut_fbp5500,portrait_score,unassigned,2.566666666666667,2.566666666666667,0.6731324866865129,60
AM1358,datasets\processed\scut_fbp5500\images\AM1358.jpg,scut_fbp5500,portrait_score,unassigned,2.85,2.85,0.605763280945926,60
AM1359,datasets\processed\scut_fbp5500\images\AM1359.jpg,scut_fbp5500,portrait_score,unassigned,2.4,2.4,0.6430857812406509,60
AM136,datasets\processed\scut_fbp5500\images\AM136.jpg,scut_fbp5500,portrait_score,unassigned,2.566666666666667,2.566666666666667,0.6474635430261866,60
AM1360,datasets\processed\scut_fbp5500\images\AM1360.jpg,scut_fbp5500,portrait_score,unassigned,2.216666666666667,2.216666666666667,0.6661721329614916,60
AM1361,datasets\processed\scut_fbp5500\images\AM1361.jpg,scut_fbp5500,portrait_score,unassigned,2.35,2.35,0.7089022308339535,60
AM1362,datasets\processed\scut_fbp5500\images\AM1362.jpg,scut_fbp5500,portrait_score,unassigned,2.6166666666666667,2.6166666666666667,0.6131791749276647,60
AM1363,datasets\processed\scut_fbp5500\images\AM1363.jpg,scut_fbp5500,portrait_score,unassigned,1.6666666666666667,1.6666666666666667,0.7287478619712606,60
AM1364,datasets\processed\scut_fbp5500\images\AM1364.jpg,scut_fbp5500,portrait_score,unassigned,2.3,2.3,0.7201694715805511,60
AM1365,datasets\processed\scut_fbp5500\images\AM1365.jpg,scut_fbp5500,portrait_score,unassigned,2.55,2.55,0.6745996929755541,60
AM1366,datasets\processed\scut_fbp5500\images\AM1366.jpg,scut_fbp5500,portrait_score,unassigned,2.8,2.8,0.6050633809075331,60
AM1367,datasets\processed\scut_fbp5500\images\AM1367.jpg,scut_fbp5500,portrait_score,unassigned,2.4,2.4,0.6937981927069209,60
AM1368,datasets\processed\scut_fbp5500\images\AM1368.jpg,scut_fbp5500,portrait_score,unassigned,2.716666666666667,2.716666666666667,0.5848849420870962,60
AM1369,datasets\processed\scut_fbp5500\images\AM1369.jpg,scut_fbp5500,portrait_score,unassigned,2.583333333333333,2.583333333333333,0.6454972243679028,60
AM137,datasets\processed\scut_fbp5500\images\AM137.jpg,scut_fbp5500,portrait_score,unassigned,4.25,4.25,0.6001412263171257,60
AM1370,datasets\processed\scut_fbp5500\images\AM1370.jpg,scut_fbp5500,portrait_score,unassigned,2.9833333333333334,2.9833333333333334,0.5672313570575752,60
AM1371,datasets\processed\scut_fbp5500\images\AM1371.jpg,scut_fbp5500,portrait_score,unassigned,2.65,2.65,0.6331251516304802,60
AM1372,datasets\processed\scut_fbp5500\images\AM1372.jpg,scut_fbp5500,portrait_score,unassigned,2.4833333333333334,2.4833333333333334,0.6762726024084973,60
AM1373,datasets\processed\scut_fbp5500\images\AM1373.jpg,scut_fbp5500,portrait_score,unassigned,2.066666666666667,2.066666666666667,0.7098977407062843,60
AM1374,datasets\processed\scut_fbp5500\images\AM1374.jpg,scut_fbp5500,portrait_score,unassigned,2.65,2.65,0.5771055773925834,60
AM1375,datasets\processed\scut_fbp5500\images\AM1375.jpg,scut_fbp5500,portrait_score,unassigned,2.8833333333333333,2.8833333333333333,0.6402241838994506,60
AM1376,datasets\processed\scut_fbp5500\images\AM1376.jpg,scut_fbp5500,portrait_score,unassigned,2.6,2.6,0.6161663873899261,60
AM1377,datasets\processed\scut_fbp5500\images\AM1377.jpg,scut_fbp5500,portrait_score,unassigned,2.216666666666667,2.216666666666667,0.6661721329614919,60
AM1378,datasets\processed\scut_fbp5500\images\AM1378.jpg,scut_fbp5500,portrait_score,unassigned,2.6666666666666665,2.6666666666666665,0.7287478619712606,60
AM1379,datasets\processed\scut_fbp5500\images\AM1379.jpg,scut_fbp5500,portrait_score,unassigned,2.466666666666667,2.466666666666667,0.6756457467795108,60
AM138,datasets\processed\scut_fbp5500\images\AM138.jpg,scut_fbp5500,portrait_score,unassigned,3.2333333333333334,3.2333333333333334,0.6474635430261868,60
AM1380,datasets\processed\scut_fbp5500\images\AM1380.jpg,scut_fbp5500,portrait_score,unassigned,2.833333333333333,2.833333333333333,0.5261522196019802,60
AM1381,datasets\processed\scut_fbp5500\images\AM1381.jpg,scut_fbp5500,portrait_score,unassigned,2.6666666666666665,2.6666666666666665,0.6013168224022631,60
AM1382,datasets\processed\scut_fbp5500\images\AM1382.jpg,scut_fbp5500,portrait_score,unassigned,2.1166666666666667,2.1166666666666667,0.7385663314751766,60
AM1383,datasets\processed\scut_fbp5500\images\AM1383.jpg,scut_fbp5500,portrait_score,unassigned,2.35,2.35,0.684575830567082,60
AM1384,datasets\processed\scut_fbp5500\images\AM1384.jpg,scut_fbp5500,portrait_score,unassigned,2.466666666666667,2.466666666666667,0.7471225404145427,60
AM1385,datasets\processed\scut_fbp5500\images\AM1385.jpg,scut_fbp5500,portrait_score,unassigned,2.5166666666666666,2.5166666666666666,0.650727537210172,60
AM1386,datasets\processed\scut_fbp5500\images\AM1386.jpg,scut_fbp5500,portrait_score,unassigned,3.2666666666666666,3.2666666666666666,0.7561424551163483,60
AM1387,datasets\processed\scut_fbp5500\images\AM1387.jpg,scut_fbp5500,portrait_score,unassigned,2.066666666666667,2.066666666666667,0.6856066636017631,60
AM1388,datasets\processed\scut_fbp5500\images\AM1388.jpg,scut_fbp5500,portrait_score,unassigned,2.7333333333333334,2.7333333333333334,0.6069279874259417,60
AM1389,datasets\processed\scut_fbp5500\images\AM1389.jpg,scut_fbp5500,portrait_score,unassigned,2.7666666666666666,2.7666666666666666,0.4997174342809082,60
AM139,datasets\processed\scut_fbp5500\images\AM139.jpg,scut_fbp5500,portrait_score,unassigned,4.5,4.5,0.5674803065350239,60
AM1390,datasets\processed\scut_fbp5500\images\AM1390.jpg,scut_fbp5500,portrait_score,unassigned,2.316666666666667,2.316666666666667,0.6762726024084974,60
AM1391,datasets\processed\scut_fbp5500\images\AM1391.jpg,scut_fbp5500,portrait_score,unassigned,2.45,2.45,0.6745996929755541,60
AM1392,datasets\processed\scut_fbp5500\images\AM1392.jpg,scut_fbp5500,portrait_score,unassigned,2.433333333333333,2.433333333333333,0.7448504949901058,60
AM1393,datasets\processed\scut_fbp5500\images\AM1393.jpg,scut_fbp5500,portrait_score,unassigned,2.6,2.6,0.6161663873899261,60
AM1394,datasets\processed\scut_fbp5500\images\AM1394.jpg,scut_fbp5500,portrait_score,unassigned,2.583333333333333,2.583333333333333,0.6454972243679029,60
AM1395,datasets\processed\scut_fbp5500\images\AM1395.jpg,scut_fbp5500,portrait_score,unassigned,2.9166666666666665,2.9166666666666665,0.497167116011244,60
AM1396,datasets\processed\scut_fbp5500\images\AM1396.jpg,scut_fbp5500,portrait_score,unassigned,2.7666666666666666,2.7666666666666666,0.5325559305923083,60
AM1397,datasets\processed\scut_fbp5500\images\AM1397.jpg,scut_fbp5500,portrait_score,unassigned,2.85,2.85,0.5469483909592215,60
AM1398,datasets\processed\scut_fbp5500\images\AM1398.jpg,scut_fbp5500,portrait_score,unassigned,2.6666666666666665,2.6666666666666665,0.7051064751106303,60
AM1399,datasets\processed\scut_fbp5500\images\AM1399.jpg,scut_fbp5500,portrait_score,unassigned,2.7666666666666666,2.7666666666666666,0.6978579008061127,60
AM14,datasets\processed\scut_fbp5500\images\AM14.jpg,scut_fbp5500,portrait_score,unassigned,4.133333333333334,4.133333333333334,0.5956528014598821,60
AM140,datasets\processed\scut_fbp5500\images\AM140.jpg,scut_fbp5500,portrait_score,unassigned,3.1166666666666667,3.1166666666666667,0.5848849420870965,60
AM1400,datasets\processed\scut_fbp5500\images\AM1400.jpg,scut_fbp5500,portrait_score,unassigned,2.9,2.9,0.5430610041581775,60
AM1401,datasets\processed\scut_fbp5500\images\AM1401.jpg,scut_fbp5500,portrait_score,unassigned,2.4,2.4,0.6689227362847253,60
AM1402,datasets\processed\scut_fbp5500\images\AM1402.jpg,scut_fbp5500,portrait_score,unassigned,3.15,3.15,0.6331251516304803,60
AM1403,datasets\processed\scut_fbp5500\images\AM1403.jpg,scut_fbp5500,portrait_score,unassigned,2.816666666666667,2.816666666666667,0.5672313570575753,60
AM1404,datasets\processed\scut_fbp5500\images\AM1404.jpg,scut_fbp5500,portrait_score,unassigned,2.9,2.9,0.5734226707429991,60
AM1405,datasets\processed\scut_fbp5500\images\AM1405.jpg,scut_fbp5500,portrait_score,unassigned,2.6,2.6,0.616166387389926,60
AM1406,datasets\processed\scut_fbp5500\images\AM1406.jpg,scut_fbp5500,portrait_score,unassigned,2.683333333333333,2.683333333333333,0.5365194379932872,60
AM1407,datasets\processed\scut_fbp5500\images\AM1407.jpg,scut_fbp5500,portrait_score,unassigned,2.4833333333333334,2.4833333333333334,0.5963637459756624,60
AM1408,datasets\processed\scut_fbp5500\images\AM1408.jpg,scut_fbp5500,portrait_score,unassigned,2.533333333333333,2.533333333333333,0.6234585511256955,60
AM1409,datasets\processed\scut_fbp5500\images\AM1409.jpg,scut_fbp5500,portrait_score,unassigned,3.1,3.1,0.5108981788502895,60
AM141,datasets\processed\scut_fbp5500\images\AM141.jpg,scut_fbp5500,portrait_score,unassigned,3.7666666666666666,3.7666666666666666,0.6978579008061127,60
AM1410,datasets\processed\scut_fbp5500\images\AM1410.jpg,scut_fbp5500,portrait_score,unassigned,2.566666666666667,2.566666666666667,0.6207340287621396,60
AM1411,datasets\processed\scut_fbp5500\images\AM1411.jpg,scut_fbp5500,portrait_score,unassigned,2.7,2.7,0.6189110173988076,60
AM1412,datasets\processed\scut_fbp5500\images\AM1412.jpg,scut_fbp5500,portrait_score,unassigned,2.816666666666667,2.816666666666667,0.5672313570575752,60
AM1413,datasets\processed\scut_fbp5500\images\AM1413.jpg,scut_fbp5500,portrait_score,unassigned,2.833333333333333,2.833333333333333,0.806050565488477,60
AM1414,datasets\processed\scut_fbp5500\images\AM1414.jpg,scut_fbp5500,portrait_score,unassigned,2.65,2.65,0.5771055773925835,60
AM1415,datasets\processed\scut_fbp5500\images\AM1415.jpg,scut_fbp5500,portrait_score,unassigned,2.183333333333333,2.183333333333333,0.7476894729916953,60
AM1416,datasets\processed\scut_fbp5500\images\AM1416.jpg,scut_fbp5500,portrait_score,unassigned,2.8,2.8,0.576370878714833,60
AM1417,datasets\processed\scut_fbp5500\images\AM1417.jpg,scut_fbp5500,portrait_score,unassigned,2.4,2.4,0.6689227362847253,60
AM1418,datasets\processed\scut_fbp5500\images\AM1418.jpg,scut_fbp5500,portrait_score,unassigned,2.5,2.5,0.7010887416930993,60
AM1419,datasets\processed\scut_fbp5500\images\AM1419.jpg,scut_fbp5500,portrait_score,unassigned,1.8166666666666669,1.8166666666666669,0.650727537210172,60
AM142,datasets\processed\scut_fbp5500\images\AM142.jpg,scut_fbp5500,portrait_score,unassigned,3.083333333333333,3.083333333333333,0.6454972243679028,60
AM1420,datasets\processed\scut_fbp5500\images\AM1420.jpg,scut_fbp5500,portrait_score,unassigned,2.85,2.85,0.5150283849343991,60
AM1421,datasets\processed\scut_fbp5500\images\AM1421.jpg,scut_fbp5500,portrait_score,unassigned,2.85,2.85,0.6845758305670822,60
AM1422,datasets\processed\scut_fbp5500\images\AM1422.jpg,scut_fbp5500,portrait_score,unassigned,2.816666666666667,2.816666666666667,0.5963637459756624,60
AM1423,datasets\processed\scut_fbp5500\images\AM1423.jpg,scut_fbp5500,portrait_score,unassigned,2.316666666666667,2.316666666666667,0.7246662976417856,60
AM1424,datasets\processed\scut_fbp5500\images\AM1424.jpg,scut_fbp5500,portrait_score,unassigned,2.783333333333333,2.783333333333333,0.613179174927665,60
AM1425,datasets\processed\scut_fbp5500\images\AM1425.jpg,scut_fbp5500,portrait_score,unassigned,2.316666666666667,2.316666666666667,0.650727537210172,60
AM1426,datasets\processed\scut_fbp5500\images\AM1426.jpg,scut_fbp5500,portrait_score,unassigned,2.083333333333333,2.083333333333333,0.6960339624157418,60
AM1427,datasets\processed\scut_fbp5500\images\AM1427.jpg,scut_fbp5500,portrait_score,unassigned,3.1166666666666667,3.1166666666666667,0.6402241838994506,60
AM1428,datasets\processed\scut_fbp5500\images\AM1428.jpg,scut_fbp5500,portrait_score,unassigned,2.533333333333333,2.533333333333333,0.6500760494407536,60
AM1429,datasets\processed\scut_fbp5500\images\AM1429.jpg,scut_fbp5500,portrait_score,unassigned,2.5166666666666666,2.5166666666666666,0.6507275372101721,60
AM143,datasets\processed\scut_fbp5500\images\AM143.jpg,scut_fbp5500,portrait_score,unassigned,3.15,3.15,0.5469483909592217,60
AM1430,datasets\processed\scut_fbp5500\images\AM1430.jpg,scut_fbp5500,portrait_score,unassigned,2.45,2.45,0.6489887831680653,60
AM1431,datasets\processed\scut_fbp5500\images\AM1431.jpg,scut_fbp5500,portrait_score,unassigned,2.716666666666667,2.716666666666667,0.5848849420870961,60
AM1432,datasets\processed\scut_fbp5500\images\AM1432.jpg,scut_fbp5500,portrait_score,unassigned,2.7333333333333334,2.7333333333333334,0.5482380612028067,60
AM1433,datasets\processed\scut_fbp5500\images\AM1433.jpg,scut_fbp5500,portrait_score,unassigned,2.716666666666667,2.716666666666667,0.6402241838994506,60
AM1434,datasets\processed\scut_fbp5500\images\AM1434.jpg,scut_fbp5500,portrait_score,unassigned,2.3833333333333333,2.3833333333333333,0.6402241838994506,60
AM1435,datasets\processed\scut_fbp5500\images\AM1435.jpg,scut_fbp5500,portrait_score,unassigned,2.683333333333333,2.683333333333333,0.5963637459756623,60
AM1436,datasets\processed\scut_fbp5500\images\AM1436.jpg,scut_fbp5500,portrait_score,unassigned,2.8,2.8,0.5763708787148327,60
AM1437,datasets\processed\scut_fbp5500\images\AM1437.jpg,scut_fbp5500,portrait_score,unassigned,3.2,3.2,0.5461731270812971,60
AM1438,datasets\processed\scut_fbp5500\images\AM1438.jpg,scut_fbp5500,portrait_score,unassigned,2.533333333333333,2.533333333333333,0.595652801459882,60
AM1439,datasets\processed\scut_fbp5500\images\AM1439.jpg,scut_fbp5500,portrait_score,unassigned,2.5166666666666666,2.5166666666666666,0.6241378234003045,60
AM144,datasets\processed\scut_fbp5500\images\AM144.jpg,scut_fbp5500,portrait_score,unassigned,3.216666666666667,3.216666666666667,0.6661721329614918,60
AM1440,datasets\processed\scut_fbp5500\images\AM1440.jpg,scut_fbp5500,portrait_score,unassigned,2.3666666666666667,2.3666666666666667,0.6629841797500676,60
AM1441,datasets\processed\scut_fbp5500\images\AM1441.jpg,scut_fbp5500,portrait_score,unassigned,2.25,2.25,0.7041041910572658,60
AM1442,datasets\processed\scut_fbp5500\images\AM1442.jpg,scut_fbp5500,portrait_score,unassigned,2.466666666666667,2.466666666666667,0.6500760494407536,60
AM1443,datasets\processed\scut_fbp5500\images\AM1443.jpg,scut_fbp5500,portrait_score,unassigned,2.316666666666667,2.316666666666667,0.7476894729916953,60
AM1444,datasets\processed\scut_fbp5500\images\AM1444.jpg,scut_fbp5500,portrait_score,unassigned,2.2666666666666666,2.2666666666666666,0.7561424551163483,60
AM1445,datasets\processed\scut_fbp5500\images\AM1445.jpg,scut_fbp5500,portrait_score,unassigned,2.6666666666666665,2.6666666666666665,0.6552698154756148,60
AM1446,datasets\processed\scut_fbp5500\images\AM1446.jpg,scut_fbp5500,portrait_score,unassigned,2.7333333333333334,2.7333333333333334,0.6604227374117245,60
AM1447,datasets\processed\scut_fbp5500\images\AM1447.jpg,scut_fbp5500,portrait_score,unassigned,2.75,2.75,0.5712015287450465,60
AM1448,datasets\processed\scut_fbp5500\images\AM1448.jpg,scut_fbp5500,portrait_score,unassigned,2.5,2.5,0.6243640832675883,60
AM1449,datasets\processed\scut_fbp5500\images\AM1449.jpg,scut_fbp5500,portrait_score,unassigned,2.4,2.4,0.6689227362847251,60
AM145,datasets\processed\scut_fbp5500\images\AM145.jpg,scut_fbp5500,portrait_score,unassigned,3.033333333333333,3.033333333333333,0.7583806715217979,60
AM1450,datasets\processed\scut_fbp5500\images\AM1450.jpg,scut_fbp5500,portrait_score,unassigned,2.6666666666666665,2.6666666666666665,0.6013168224022629,60
AM1451,datasets\processed\scut_fbp5500\images\AM1451.jpg,scut_fbp5500,portrait_score,unassigned,2.3833333333333333,2.3833333333333333,0.7611691868917491,60
AM1452,datasets\processed\scut_fbp5500\images\AM1452.jpg,scut_fbp5500,portrait_score,unassigned,2.4833333333333334,2.4833333333333334,0.7246662976417856,60
AM1453,datasets\processed\scut_fbp5500\images\AM1453.jpg,scut_fbp5500,portrait_score,unassigned,2.083333333333333,2.083333333333333,0.7431419023347088,60
AM1454,datasets\processed\scut_fbp5500\images\AM1454.jpg,scut_fbp5500,portrait_score,unassigned,2.6166666666666667,2.6166666666666667,0.6402241838994506,60
AM1455,datasets\processed\scut_fbp5500\images\AM1455.jpg,scut_fbp5500,portrait_score,unassigned,1.75,1.75,0.6541911813032298,60
AM1456,datasets\processed\scut_fbp5500\images\AM1456.jpg,scut_fbp5500,portrait_score,unassigned,2.85,2.85,0.605763280945926,60
AM1457,datasets\processed\scut_fbp5500\images\AM1457.jpg,scut_fbp5500,portrait_score,unassigned,2.55,2.55,0.5944660045019182,60
AM1458,datasets\processed\scut_fbp5500\images\AM1458.jpg,scut_fbp5500,portrait_score,unassigned,1.6666666666666667,1.6666666666666667,0.6806444271116838,60
AM1459,datasets\processed\scut_fbp5500\images\AM1459.jpg,scut_fbp5500,portrait_score,unassigned,3.2,3.2,0.7083042533080239,60
AM146,datasets\processed\scut_fbp5500\images\AM146.jpg,scut_fbp5500,portrait_score,unassigned,2.966666666666667,2.966666666666667,0.6880743620304537,60
AM1460,datasets\processed\scut_fbp5500\images\AM1460.jpg,scut_fbp5500,portrait_score,unassigned,2.1166666666666667,2.1166666666666667,0.7152495514881185,60
AM1461,datasets\processed\scut_fbp5500\images\AM1461.jpg,scut_fbp5500,portrait_score,unassigned,3.65,3.65,0.7552079071691764,60
AM1462,datasets\processed\scut_fbp5500\images\AM1462.jpg,scut_fbp5500,portrait_score,unassigned,2.1,2.1,0.7745966692414834,60
AM1463,datasets\processed\scut_fbp5500\images\AM1463.jpg,scut_fbp5500,portrait_score,unassigned,2.183333333333333,2.183333333333333,0.6762726024084974,60
AM1464,datasets\processed\scut_fbp5500\images\AM1464.jpg,scut_fbp5500,portrait_score,unassigned,4.416666666666667,4.416666666666667,0.5612234416098719,60
AM1465,datasets\processed\scut_fbp5500\images\AM1465.jpg,scut_fbp5500,portrait_score,unassigned,2.816666666666667,2.816666666666667,0.6507275372101721,60
AM1466,datasets\processed\scut_fbp5500\images\AM1466.jpg,scut_fbp5500,portrait_score,unassigned,4.016666666666667,4.016666666666667,0.6241378234003048,60
AM1467,datasets\processed\scut_fbp5500\images\AM1467.jpg,scut_fbp5500,portrait_score,unassigned,2.966666666666667,2.966666666666667,0.7356921488320419,60
AM1468,datasets\processed\scut_fbp5500\images\AM1468.jpg,scut_fbp5500,portrait_score,unassigned,2.4166666666666665,2.4166666666666665,0.6712413662397545,60
AM1469,datasets\processed\scut_fbp5500\images\AM1469.jpg,scut_fbp5500,portrait_score,unassigned,3.8666666666666663,3.8666666666666663,0.7002824288999323,60
AM147,datasets\processed\scut_fbp5500\images\AM147.jpg,scut_fbp5500,portrait_score,unassigned,3.816666666666667,3.816666666666667,0.7917298517752697,60
AM1470,datasets\processed\scut_fbp5500\images\AM1470.jpg,scut_fbp5500,portrait_score,unassigned,3.6,3.6,0.8067511745433771,60
AM1471,datasets\processed\scut_fbp5500\images\AM1471.jpg,scut_fbp5500,portrait_score,unassigned,2.3,2.3,0.6962368581968814,60
AM1472,datasets\processed\scut_fbp5500\images\AM1472.jpg,scut_fbp5500,portrait_score,unassigned,1.7166666666666666,1.7166666666666666,0.7152495514881185,60
AM1473,datasets\processed\scut_fbp5500\images\AM1473.jpg,scut_fbp5500,portrait_score,unassigned,1.65,1.65,0.7324211069911228,60
AM1474,datasets\processed\scut_fbp5500\images\AM1474.jpg,scut_fbp5500,portrait_score,unassigned,2.35,2.35,0.6593525329532482,60
AM1475,datasets\processed\scut_fbp5500\images\AM1475.jpg,scut_fbp5500,portrait_score,unassigned,2.833333333333333,2.833333333333333,0.5870543146605618,60
AM1476,datasets\processed\scut_fbp5500\images\AM1476.jpg,scut_fbp5500,portrait_score,unassigned,2.6666666666666665,2.6666666666666665,0.4753826885415284,60
AM1477,datasets\processed\scut_fbp5500\images\AM1477.jpg,scut_fbp5500,portrait_score,unassigned,2.5,2.5,0.6243640832675884,60
AM1478,datasets\processed\scut_fbp5500\images\AM1478.jpg,scut_fbp5500,portrait_score,unassigned,2.3,2.3,0.5908913118102866,60
AM1479,datasets\processed\scut_fbp5500\images\AM1479.jpg,scut_fbp5500,portrait_score,unassigned,2.3,2.3,0.6962368581968813,60
AM148,datasets\processed\scut_fbp5500\images\AM148.jpg,scut_fbp5500,portrait_score,unassigned,4.1,4.1,0.656131446111426,60
AM1480,datasets\processed\scut_fbp5500\images\AM1480.jpg,scut_fbp5500,portrait_score,unassigned,1.8666666666666667,1.8666666666666667,0.7694741031901113,60
AM1481,datasets\processed\scut_fbp5500\images\AM1481.jpg,scut_fbp5500,portrait_score,unassigned,2.2666666666666666,2.2666666666666666,0.6604227374117246,60
AM1482,datasets\processed\scut_fbp5500\images\AM1482.jpg,scut_fbp5500,portrait_score,unassigned,2.1666666666666665,2.1666666666666665,0.6929833971319694,60
AM1483,datasets\processed\scut_fbp5500\images\AM1483.jpg,scut_fbp5500,portrait_score,unassigned,2.75,2.75,0.5407151573203143,60
AM1484,datasets\processed\scut_fbp5500\images\AM1484.jpg,scut_fbp5500,portrait_score,unassigned,2.533333333333333,2.533333333333333,0.6234585511256954,60
AM1485,datasets\processed\scut_fbp5500\images\AM1485.jpg,scut_fbp5500,portrait_score,unassigned,2.466666666666667,2.466666666666667,0.6234585511256956,60
AM1486,datasets\processed\scut_fbp5500\images\AM1486.jpg,scut_fbp5500,portrait_score,unassigned,2.583333333333333,2.583333333333333,0.6186827632817331,60
AM1487,datasets\processed\scut_fbp5500\images\AM1487.jpg,scut_fbp5500,portrait_score,unassigned,2.45,2.45,0.5652358139960072,60
AM1488,datasets\processed\scut_fbp5500\images\AM1488.jpg,scut_fbp5500,portrait_score,unassigned,2.783333333333333,2.783333333333333,0.5237306419436755,60
AM1489,datasets\processed\scut_fbp5500\images\AM1489.jpg,scut_fbp5500,portrait_score,unassigned,2.25,2.25,0.679606067350536,60
AM149,datasets\processed\scut_fbp5500\images\AM149.jpg,scut_fbp5500,portrait_score,unassigned,2.683333333333333,2.683333333333333,0.6762726024084975,60
AM1490,datasets\processed\scut_fbp5500\images\AM1490.jpg,scut_fbp5500,portrait_score,unassigned,2.2666666666666666,2.2666666666666666,0.7333846926031609,60
AM1491,datasets\processed\scut_fbp5500\images\AM1491.jpg,scut_fbp5500,portrait_score,unassigned,2.6,2.6,0.5880159112340472,60
AM1492,datasets\processed\scut_fbp5500\images\AM1492.jpg,scut_fbp5500,portrait_score,unassigned,2.783333333333333,2.783333333333333,0.5551505114790765,60
AM1493,datasets\processed\scut_fbp5500\images\AM1493.jpg,scut_fbp5500,portrait_score,unassigned,2.6,2.6,0.7635776630164262,60
AM1494,datasets\processed\scut_fbp5500\images\AM1494.jpg,scut_fbp5500,portrait_score,unassigned,2.7,2.7,0.5614750549117348,60
AM1495,datasets\processed\scut_fbp5500\images\AM1495.jpg,scut_fbp5500,portrait_score,unassigned,2.7,2.7,0.5614750549117347,60
AM1496,datasets\processed\scut_fbp5500\images\AM1496.jpg,scut_fbp5500,portrait_score,unassigned,2.35,2.35,0.7324211069911228,60
AM1497,datasets\processed\scut_fbp5500\images\AM1497.jpg,scut_fbp5500,portrait_score,unassigned,3.0166666666666666,3.0166666666666666,0.6507275372101721,60
AM1498,datasets\processed\scut_fbp5500\images\AM1498.jpg,scut_fbp5500,portrait_score,unassigned,3.066666666666667,3.066666666666667,0.5163977794943222,60
AM1499,datasets\processed\scut_fbp5500\images\AM1499.jpg,scut_fbp5500,portrait_score,unassigned,2.7333333333333334,2.7333333333333334,0.5783280010825675,60
AM15,datasets\processed\scut_fbp5500\images\AM15.jpg,scut_fbp5500,portrait_score,unassigned,3.683333333333333,3.683333333333333,0.6762726024084974,60
AM150,datasets\processed\scut_fbp5500\images\AM150.jpg,scut_fbp5500,portrait_score,unassigned,3.5166666666666666,3.5166666666666666,0.7476894729916951,60
AM1500,datasets\processed\scut_fbp5500\images\AM1500.jpg,scut_fbp5500,portrait_score,unassigned,2.6,2.6,0.5880159112340471,60
AM1501,datasets\processed\scut_fbp5500\images\AM1501.jpg,scut_fbp5500,portrait_score,unassigned,2.65,2.65,0.605763280945926,60
AM1502,datasets\processed\scut_fbp5500\images\AM1502.jpg,scut_fbp5500,portrait_score,unassigned,2.6666666666666665,2.6666666666666665,0.6288721857330791,60
AM1503,datasets\processed\scut_fbp5500\images\AM1503.jpg,scut_fbp5500,portrait_score,unassigned,2.4166666666666665,2.4166666666666665,0.6454972243679029,60
AM1504,datasets\processed\scut_fbp5500\images\AM1504.jpg,scut_fbp5500,portrait_score,unassigned,2.6,2.6,0.5880159112340472,60
AM1505,datasets\processed\scut_fbp5500\images\AM1505.jpg,scut_fbp5500,portrait_score,unassigned,2.783333333333333,2.783333333333333,0.5848849420870964,60
AM1506,datasets\processed\scut_fbp5500\images\AM1506.jpg,scut_fbp5500,portrait_score,unassigned,2.6333333333333333,2.6333333333333333,0.636906364793228,60
AM1507,datasets\processed\scut_fbp5500\images\AM1507.jpg,scut_fbp5500,portrait_score,unassigned,2.533333333333333,2.533333333333333,0.5956528014598821,60
AM1508,datasets\processed\scut_fbp5500\images\AM1508.jpg,scut_fbp5500,portrait_score,unassigned,2.6666666666666665,2.6666666666666665,0.6552698154756148,60
AM1509,datasets\processed\scut_fbp5500\images\AM1509.jpg,scut_fbp5500,portrait_score,unassigned,1.85,1.85,0.7552079071691765,60
AM151,datasets\processed\scut_fbp5500\images\AM151.jpg,scut_fbp5500,portrait_score,unassigned,4.033333333333333,4.033333333333333,0.7122812876724768,60
AM1510,datasets\processed\scut_fbp5500\images\AM1510.jpg,scut_fbp5500,portrait_score,unassigned,2.7,2.7,0.5908913118102866,60
AM1511,datasets\processed\scut_fbp5500\images\AM1511.jpg,scut_fbp5500,portrait_score,unassigned,2.4166666666666665,2.4166666666666665,0.6186827632817331,60
AM1512,datasets\processed\scut_fbp5500\images\AM1512.jpg,scut_fbp5500,portrait_score,unassigned,2.75,2.75,0.5712015287450464,60
AM1513,datasets\processed\scut_fbp5500\images\AM1513.jpg,scut_fbp5500,portrait_score,unassigned,2.316666666666667,2.316666666666667,0.6507275372101721,60
AM1514,datasets\processed\scut_fbp5500\images\AM1514.jpg,scut_fbp5500,portrait_score,unassigned,2.8666666666666667,2.8666666666666667,0.535729082389144,60
AM1515,datasets\processed\scut_fbp5500\images\AM1515.jpg,scut_fbp5500,portrait_score,unassigned,2.6333333333333333,2.6333333333333333,0.6097142055335257,60
AM1516,datasets\processed\scut_fbp5500\images\AM1516.jpg,scut_fbp5500,portrait_score,unassigned,2.183333333333333,2.183333333333333,0.7246662976417856,60
AM1517,datasets\processed\scut_fbp5500\images\AM1517.jpg,scut_fbp5500,portrait_score,unassigned,2.3833333333333333,2.3833333333333333,0.6661721329614915,60
AM1518,datasets\processed\scut_fbp5500\images\AM1518.jpg,scut_fbp5500,portrait_score,unassigned,2.8833333333333333,2.8833333333333333,0.6131791749276648,60
AM1519,datasets\processed\scut_fbp5500\images\AM1519.jpg,scut_fbp5500,portrait_score,unassigned,2.316666666666667,2.316666666666667,0.6507275372101721,60
AM152,datasets\processed\scut_fbp5500\images\AM152.jpg,scut_fbp5500,portrait_score,unassigned,4.316666666666666,4.316666666666666,0.5963637459756626,60
AM1520,datasets\processed\scut_fbp5500\images\AM1520.jpg,scut_fbp5500,portrait_score,unassigned,2.6666666666666665,2.6666666666666665,0.5724365605193374,60
AM1521,datasets\processed\scut_fbp5500\images\AM1521.jpg,scut_fbp5500,portrait_score,unassigned,1.85,1.85,0.7324211069911228,60
AM1522,datasets\processed\scut_fbp5500\images\AM1522.jpg,scut_fbp5500,portrait_score,unassigned,2.15,2.15,0.8197767368650349,60
AM1523,datasets\processed\scut_fbp5500\images\AM1523.jpg,scut_fbp5500,portrait_score,unassigned,2.0,2.0,0.688894963827172,60
AM1524,datasets\processed\scut_fbp5500\images\AM1524.jpg,scut_fbp5500,portrait_score,unassigned,2.816666666666667,2.816666666666667,0.5672313570575753,60
AM1525,datasets\processed\scut_fbp5500\images\AM1525.jpg,scut_fbp5500,portrait_score,unassigned,2.15,2.15,0.6057632809459262,60
AM1526,datasets\processed\scut_fbp5500\images\AM1526.jpg,scut_fbp5500,portrait_score,unassigned,2.9166666666666665,2.9166666666666665,0.4971671160112441,60
AM1527,datasets\processed\scut_fbp5500\images\AM1527.jpg,scut_fbp5500,portrait_score,unassigned,2.1666666666666665,2.1666666666666665,0.7170246117012378,60
AM1528,datasets\processed\scut_fbp5500\images\AM1528.jpg,scut_fbp5500,portrait_score,unassigned,2.0,2.0,0.6888949638271721,60
AM1529,datasets\processed\scut_fbp5500\images\AM1529.jpg,scut_fbp5500,portrait_score,unassigned,3.1666666666666665,3.1666666666666665,0.7847414918554696,60
AM153,datasets\processed\scut_fbp5500\images\AM153.jpg,scut_fbp5500,portrait_score,unassigned,2.8,2.8,0.6839565850033842,60
AM1530,datasets\processed\scut_fbp5500\images\AM1530.jpg,scut_fbp5500,portrait_score,unassigned,2.6166666666666667,2.6166666666666667,0.6402241838994505,60
AM1531,datasets\processed\scut_fbp5500\images\AM1531.jpg,scut_fbp5500,portrait_score,unassigned,2.8666666666666667,2.8666666666666667,0.4304773332746763,60
AM1532,datasets\processed\scut_fbp5500\images\AM1532.jpg,scut_fbp5500,portrait_score,unassigned,2.7,2.7,0.5614750549117347,60
AM1533,datasets\processed\scut_fbp5500\images\AM1533.jpg,scut_fbp5500,portrait_score,unassigned,1.8333333333333333,1.8333333333333333,0.7847414918554695,60
AM1534,datasets\processed\scut_fbp5500\images\AM1534.jpg,scut_fbp5500,portrait_score,unassigned,2.4166666666666665,2.4166666666666665,0.6454972243679025,60
AM1535,datasets\processed\scut_fbp5500\images\AM1535.jpg,scut_fbp5500,portrait_score,unassigned,2.066666666666667,2.066666666666667,0.685606663601763,60
AM1536,datasets\processed\scut_fbp5500\images\AM1536.jpg,scut_fbp5500,portrait_score,unassigned,2.6166666666666667,2.6166666666666667,0.5848849420870961,60
AM1537,datasets\processed\scut_fbp5500\images\AM1537.jpg,scut_fbp5500,portrait_score,unassigned,2.5,2.5,0.676481425202546,60
AM1538,datasets\processed\scut_fbp5500\images\AM1538.jpg,scut_fbp5500,portrait_score,unassigned,2.816666666666667,2.816666666666667,0.5963637459756623,60
AM1539,datasets\processed\scut_fbp5500\images\AM1539.jpg,scut_fbp5500,portrait_score,unassigned,2.4833333333333334,2.4833333333333334,0.7008872504569528,60
AM154,datasets\processed\scut_fbp5500\images\AM154.jpg,scut_fbp5500,portrait_score,unassigned,4.1,4.1,0.681473975776784,60
AM1540,datasets\processed\scut_fbp5500\images\AM1540.jpg,scut_fbp5500,portrait_score,unassigned,2.783333333333333,2.783333333333333,0.4544196025054851,60
AM1541,datasets\processed\scut_fbp5500\images\AM1541.jpg,scut_fbp5500,portrait_score,unassigned,2.65,2.65,0.6331251516304802,60
AM1542,datasets\processed\scut_fbp5500\images\AM1542.jpg,scut_fbp5500,portrait_score,unassigned,2.85,2.85,0.6057632809459258,60
AM1543,datasets\processed\scut_fbp5500\images\AM1543.jpg,scut_fbp5500,portrait_score,unassigned,2.7333333333333334,2.7333333333333334,0.6069279874259419,60
AM1544,datasets\processed\scut_fbp5500\images\AM1544.jpg,scut_fbp5500,portrait_score,unassigned,2.55,2.55,0.6745996929755542,60
AM1545,datasets\processed\scut_fbp5500\images\AM1545.jpg,scut_fbp5500,portrait_score,unassigned,2.716666666666667,2.716666666666667,0.5848849420870962,60
AM1546,datasets\processed\scut_fbp5500\images\AM1546.jpg,scut_fbp5500,portrait_score,unassigned,2.5,2.5,0.6764814252025458,60
AM1547,datasets\processed\scut_fbp5500\images\AM1547.jpg,scut_fbp5500,portrait_score,unassigned,2.2333333333333334,2.2333333333333334,0.6978579008061127,60
AM1548,datasets\processed\scut_fbp5500\images\AM1548.jpg,scut_fbp5500,portrait_score,unassigned,2.3833333333333333,2.3833333333333333,0.7611691868917491,60
AM1549,datasets\processed\scut_fbp5500\images\AM1549.jpg,scut_fbp5500,portrait_score,unassigned,2.2666666666666666,2.2666666666666666,0.7098977407062843,60
AM155,datasets\processed\scut_fbp5500\images\AM155.jpg,scut_fbp5500,portrait_score,unassigned,3.7666666666666666,3.7666666666666666,0.6731324866865128,60
AM1550,datasets\processed\scut_fbp5500\images\AM1550.jpg,scut_fbp5500,portrait_score,unassigned,2.8666666666666667,2.8666666666666667,0.4681976500881039,60
AM1551,datasets\processed\scut_fbp5500\images\AM1551.jpg,scut_fbp5500,portrait_score,unassigned,2.45,2.45,0.6489887831680654,60
AM1552,datasets\processed\scut_fbp5500\images\AM1552.jpg,scut_fbp5500,portrait_score,unassigned,2.583333333333333,2.583333333333333,0.6454972243679028,60
AM1553,datasets\processed\scut_fbp5500\images\AM1553.jpg,scut_fbp5500,portrait_score,unassigned,2.85,2.85,0.5150283849343991,60
AM1554,datasets\processed\scut_fbp5500\images\AM1554.jpg,scut_fbp5500,portrait_score,unassigned,2.7,2.7,0.5614750549117348,60
AM1555,datasets\processed\scut_fbp5500\images\AM1555.jpg,scut_fbp5500,portrait_score,unassigned,2.8666666666666667,2.8666666666666667,0.6756457467795108,60
AM1556,datasets\processed\scut_fbp5500\images\AM1556.jpg,scut_fbp5500,portrait_score,unassigned,2.75,2.75,0.5712015287450464,60
AM1557,datasets\processed\scut_fbp5500\images\AM1557.jpg,scut_fbp5500,portrait_score,unassigned,2.1166666666666667,2.1166666666666667,0.7152495514881185,60
AM1558,datasets\processed\scut_fbp5500\images\AM1558.jpg,scut_fbp5500,portrait_score,unassigned,1.9166666666666667,1.9166666666666667,0.6960339624157417,60
AM1559,datasets\processed\scut_fbp5500\images\AM1559.jpg,scut_fbp5500,portrait_score,unassigned,2.716666666666667,2.716666666666667,0.5551505114790765,60
AM156,datasets\processed\scut_fbp5500\images\AM156.jpg,scut_fbp5500,portrait_score,unassigned,4.0,4.0,0.7364596943186587,60
AM1560,datasets\processed\scut_fbp5500\images\AM1560.jpg,scut_fbp5500,portrait_score,unassigned,2.833333333333333,2.833333333333333,0.5870543146605619,60
AM1561,datasets\processed\scut_fbp5500\images\AM1561.jpg,scut_fbp5500,portrait_score,unassigned,3.216666666666667,3.216666666666667,0.8455600223594003,60
AM1562,datasets\processed\scut_fbp5500\images\AM1562.jpg,scut_fbp5500,portrait_score,unassigned,3.8666666666666663,3.8666666666666663,0.6756457467795108,60
AM1563,datasets\processed\scut_fbp5500\images\AM1563.jpg,scut_fbp5500,portrait_score,unassigned,3.0,3.0,0.6888949638271723,60
AM1564,datasets\processed\scut_fbp5500\images\AM1564.jpg,scut_fbp5500,portrait_score,unassigned,4.0,4.0,0.6377928041432808,60
AM1565,datasets\processed\scut_fbp5500\images\AM1565.jpg,scut_fbp5500,portrait_score,unassigned,4.0,4.0,0.688894963827172,60
AM1566,datasets\processed\scut_fbp5500\images\AM1566.jpg,scut_fbp5500,portrait_score,unassigned,4.2,4.2,0.576370878714833,60
AM1567,datasets\processed\scut_fbp5500\images\AM1567.jpg,scut_fbp5500,portrait_score,unassigned,4.233333333333333,4.233333333333333,0.6978579008061124,60
AM1568,datasets\processed\scut_fbp5500\images\AM1568.jpg,scut_fbp5500,portrait_score,unassigned,4.033333333333333,4.033333333333333,0.735692148832042,60
AM1569,datasets\processed\scut_fbp5500\images\AM1569.jpg,scut_fbp5500,portrait_score,unassigned,3.466666666666667,3.466666666666667,0.7911944770819447,60
AM157,datasets\processed\scut_fbp5500\images\AM157.jpg,scut_fbp5500,portrait_score,unassigned,3.6666666666666665,3.6666666666666665,0.7954673856179906,60
AM1570,datasets\processed\scut_fbp5500\images\AM1570.jpg,scut_fbp5500,portrait_score,unassigned,4.133333333333334,4.133333333333334,0.7911944770819447,60
AM1571,datasets\processed\scut_fbp5500\images\AM1571.jpg,scut_fbp5500,portrait_score,unassigned,3.6666666666666665,3.6666666666666665,0.6806444271116837,60
AM1572,datasets\processed\scut_fbp5500\images\AM1572.jpg,scut_fbp5500,portrait_score,unassigned,4.3,4.3,0.497451130382316,60
AM1573,datasets\processed\scut_fbp5500\images\AM1573.jpg,scut_fbp5500,portrait_score,unassigned,2.9166666666666665,2.9166666666666665,0.5301636033600229,60
AM1574,datasets\processed\scut_fbp5500\images\AM1574.jpg,scut_fbp5500,portrait_score,unassigned,3.3833333333333333,3.3833333333333333,0.7385663314751766,60
AM1575,datasets\processed\scut_fbp5500\images\AM1575.jpg,scut_fbp5500,portrait_score,unassigned,4.183333333333334,4.183333333333334,0.6241378234003048,60
AM1576,datasets\processed\scut_fbp5500\images\AM1576.jpg,scut_fbp5500,portrait_score,unassigned,4.316666666666666,4.316666666666666,0.5365194379932874,60
AM1577,datasets\processed\scut_fbp5500\images\AM1577.jpg,scut_fbp5500,portrait_score,unassigned,2.65,2.65,0.7089022308339537,60
AM1578,datasets\processed\scut_fbp5500\images\AM1578.jpg,scut_fbp5500,portrait_score,unassigned,3.466666666666667,3.466666666666667,0.7694741031901112,60
AM1579,datasets\processed\scut_fbp5500\images\AM1579.jpg,scut_fbp5500,portrait_score,unassigned,4.283333333333333,4.283333333333333,0.6131791749276648,60
AM158,datasets\processed\scut_fbp5500\images\AM158.jpg,scut_fbp5500,portrait_score,unassigned,2.583333333333333,2.583333333333333,0.6454972243679027,60
AM1580,datasets\processed\scut_fbp5500\images\AM1580.jpg,scut_fbp5500,portrait_score,unassigned,4.05,4.05,0.6223247830459755,60
AM1581,datasets\processed\scut_fbp5500\images\AM1581.jpg,scut_fbp5500,portrait_score,unassigned,4.416666666666667,4.416666666666667,0.561223441609872,60
AM1582,datasets\processed\scut_fbp5500\images\AM1582.jpg,scut_fbp5500,portrait_score,unassigned,3.6666666666666665,3.6666666666666665,0.6288721857330792,60
AM1583,datasets\processed\scut_fbp5500\images\AM1583.jpg,scut_fbp5500,portrait_score,unassigned,1.35,1.35,0.5469483909592215,60
AM1584,datasets\processed\scut_fbp5500\images\AM1584.jpg,scut_fbp5500,portrait_score,unassigned,2.333333333333333,2.333333333333333,0.6552698154756148,60
AM1585,datasets\processed\scut_fbp5500\images\AM1585.jpg,scut_fbp5500,portrait_score,unassigned,3.983333333333333,3.983333333333333,0.5963637459756624,60
AM1586,datasets\processed\scut_fbp5500\images\AM1586.jpg,scut_fbp5500,portrait_score,unassigned,3.466666666666667,3.466666666666667,0.747122540414543,60
AM1587,datasets\processed\scut_fbp5500\images\AM1587.jpg,scut_fbp5500,portrait_score,unassigned,4.5,4.5,0.5367826312580717,60
AM1588,datasets\processed\scut_fbp5500\images\AM1588.jpg,scut_fbp5500,portrait_score,unassigned,3.9166666666666665,3.9166666666666665,0.8086747196864058,60
AM1589,datasets\processed\scut_fbp5500\images\AM1589.jpg,scut_fbp5500,portrait_score,unassigned,2.6666666666666665,2.6666666666666665,0.7287478619712606,60
AM159,datasets\processed\scut_fbp5500\images\AM159.jpg,scut_fbp5500,portrait_score,unassigned,2.1333333333333333,2.1333333333333333,0.6756457467795111,60
AM1590,datasets\processed\scut_fbp5500\images\AM1590.jpg,scut_fbp5500,portrait_score,unassigned,3.9166666666666665,3.9166666666666665,0.6712413662397547,60
AM1591,datasets\processed\scut_fbp5500\images\AM1591.jpg,scut_fbp5500,portrait_score,unassigned,4.35,4.35,0.6057632809459259,60
AM1592,datasets\processed\scut_fbp5500\images\AM1592.jpg,scut_fbp5500,portrait_score,unassigned,3.8,3.8,0.7083042533080238,60
AM1593,datasets\processed\scut_fbp5500\images\AM1593.jpg,scut_fbp5500,portrait_score,unassigned,3.433333333333333,3.433333333333333,0.5928004971139372,60
AM1594,datasets\processed\scut_fbp5500\images\AM1594.jpg,scut_fbp5500,portrait_score,unassigned,3.5,3.5,0.7010887416930995,60
AM1595,datasets\processed\scut_fbp5500\images\AM1595.jpg,scut_fbp5500,portrait_score,unassigned,3.933333333333333,3.933333333333333,0.6069279874259417,60
AM1596,datasets\processed\scut_fbp5500\images\AM1596.jpg,scut_fbp5500,portrait_score,unassigned,3.933333333333333,3.933333333333333,0.5783280010825678,60
AM1597,datasets\processed\scut_fbp5500\images\AM1597.jpg,scut_fbp5500,portrait_score,unassigned,4.3,4.3,0.5614750549117348,60
AM1598,datasets\processed\scut_fbp5500\images\AM1598.jpg,scut_fbp5500,portrait_score,unassigned,4.116666666666666,4.116666666666666,0.6402241838994507,60
AM1599,datasets\processed\scut_fbp5500\images\AM1599.jpg,scut_fbp5500,portrait_score,unassigned,3.6666666666666665,3.6666666666666665,0.7287478619712608,60
AM16,datasets\processed\scut_fbp5500\images\AM16.jpg,scut_fbp5500,portrait_score,unassigned,3.9166666666666665,3.9166666666666665,0.719973320284095,60
AM160,datasets\processed\scut_fbp5500\images\AM160.jpg,scut_fbp5500,portrait_score,unassigned,4.183333333333334,4.183333333333334,0.7476894729916953,60
AM1600,datasets\processed\scut_fbp5500\images\AM1600.jpg,scut_fbp5500,portrait_score,unassigned,4.233333333333333,4.233333333333333,0.6731324866865127,60
AM1601,datasets\processed\scut_fbp5500\images\AM1601.jpg,scut_fbp5500,portrait_score,unassigned,3.966666666666667,3.966666666666667,0.6629841797500678,60
AM1602,datasets\processed\scut_fbp5500\images\AM1602.jpg,scut_fbp5500,portrait_score,unassigned,4.033333333333333,4.033333333333333,0.6369063647932279,60
AM1603,datasets\processed\scut_fbp5500\images\AM1603.jpg,scut_fbp5500,portrait_score,unassigned,4.216666666666667,4.216666666666667,0.6661721329614918,60
AM1604,datasets\processed\scut_fbp5500\images\AM1604.jpg,scut_fbp5500,portrait_score,unassigned,3.966666666666667,3.966666666666667,0.6880743620304537,60
AM1605,datasets\processed\scut_fbp5500\images\AM1605.jpg,scut_fbp5500,portrait_score,unassigned,4.55,4.55,0.5944660045019181,60
AM1606,datasets\processed\scut_fbp5500\images\AM1606.jpg,scut_fbp5500,portrait_score,unassigned,4.366666666666666,4.366666666666666,0.6369063647932279,60
AM1607,datasets\processed\scut_fbp5500\images\AM1607.jpg,scut_fbp5500,portrait_score,unassigned,2.95,2.95,0.699273230466788,60
AM1608,datasets\processed\scut_fbp5500\images\AM1608.jpg,scut_fbp5500,portrait_score,unassigned,4.266666666666667,4.266666666666667,0.7098977407062845,60
AM1609,datasets\processed\scut_fbp5500\images\AM1609.jpg,scut_fbp5500,portrait_score,unassigned,3.65,3.65,0.8601340061144985,60
AM161,datasets\processed\scut_fbp5500\images\AM161.jpg,scut_fbp5500,portrait_score,unassigned,2.433333333333333,2.433333333333333,0.6207340287621395,60
AM1610,datasets\processed\scut_fbp5500\images\AM1610.jpg,scut_fbp5500,portrait_score,unassigned,3.3,3.3,0.7201694715805512,60
AM1611,datasets\processed\scut_fbp5500\images\AM1611.jpg,scut_fbp5500,portrait_score,unassigned,4.466666666666667,4.466666666666667,0.6756457467795107,60
AM1612,datasets\processed\scut_fbp5500\images\AM1612.jpg,scut_fbp5500,portrait_score,unassigned,3.9,3.9,0.6814739757767841,60
AM1613,datasets\processed\scut_fbp5500\images\AM1613.jpg,scut_fbp5500,portrait_score,unassigned,4.233333333333333,4.233333333333333,0.6474635430261866,60
AM1614,datasets\processed\scut_fbp5500\images\AM1614.jpg,scut_fbp5500,portrait_score,unassigned,4.116666666666666,4.116666666666666,0.6402241838994506,60
AM1615,datasets\processed\scut_fbp5500\images\AM1615.jpg,scut_fbp5500,portrait_score,unassigned,3.05,3.05,0.5344092255369317,60
AM1616,datasets\processed\scut_fbp5500\images\AM1616.jpg,scut_fbp5500,portrait_score,unassigned,4.116666666666666,4.116666666666666,0.5848849420870963,60
AM1617,datasets\processed\scut_fbp5500\images\AM1617.jpg,scut_fbp5500,portrait_score,unassigned,3.7,3.7,0.6962368581968815,60
AM1618,datasets\processed\scut_fbp5500\images\AM1618.jpg,scut_fbp5500,portrait_score,unassigned,3.883333333333333,3.883333333333333,0.6661721329614917,60
AM1619,datasets\processed\scut_fbp5500\images\AM1619.jpg,scut_fbp5500,portrait_score,unassigned,4.416666666666667,4.416666666666667,0.5612234416098718,60
AM162,datasets\processed\scut_fbp5500\images\AM162.jpg,scut_fbp5500,portrait_score,unassigned,4.5,4.5,0.5674803065350239,60
AM1620,datasets\processed\scut_fbp5500\images\AM1620.jpg,scut_fbp5500,portrait_score,unassigned,2.4166666666666665,2.4166666666666665,0.6712413662397547,60
AM1621,datasets\processed\scut_fbp5500\images\AM1621.jpg,scut_fbp5500,portrait_score,unassigned,2.3833333333333333,2.3833333333333333,0.7831199372753781,60
AM1622,datasets\processed\scut_fbp5500\images\AM1622.jpg,scut_fbp5500,portrait_score,unassigned,3.333333333333333,3.333333333333333,0.6288721857330793,60
AM1623,datasets\processed\scut_fbp5500\images\AM1623.jpg,scut_fbp5500,portrait_score,unassigned,3.4,3.4,0.7410482726333565,60
AM1624,datasets\processed\scut_fbp5500\images\AM1624.jpg,scut_fbp5500,portrait_score,unassigned,4.666666666666667,4.666666666666667,0.5097911392420601,60
AM1625,datasets\processed\scut_fbp5500\images\AM1625.jpg,scut_fbp5500,portrait_score,unassigned,3.3833333333333333,3.3833333333333333,0.7385663314751767,60
AM1626,datasets\processed\scut_fbp5500\images\AM1626.jpg,scut_fbp5500,portrait_score,unassigned,4.1,4.1,0.7295227137180228,60
AM1627,datasets\processed\scut_fbp5500\images\AM1627.jpg,scut_fbp5500,portrait_score,unassigned,3.5166666666666666,3.5166666666666666,0.7476894729916953,60
AM1628,datasets\processed\scut_fbp5500\images\AM1628.jpg,scut_fbp5500,portrait_score,unassigned,3.8666666666666663,3.8666666666666663,0.5664838521990367,60
AM1629,datasets\processed\scut_fbp5500\images\AM1629.jpg,scut_fbp5500,portrait_score,unassigned,4.333333333333333,4.333333333333333,0.6013168224022629,60
AM163,datasets\processed\scut_fbp5500\images\AM163.jpg,scut_fbp5500,portrait_score,unassigned,2.1166666666666667,2.1166666666666667,0.7152495514881186,60
AM1630,datasets\processed\scut_fbp5500\images\AM1630.jpg,scut_fbp5500,portrait_score,unassigned,4.083333333333333,4.083333333333333,0.719973320284095,60
AM1631,datasets\processed\scut_fbp5500\images\AM1631.jpg,scut_fbp5500,portrait_score,unassigned,2.5,2.5,0.6764814252025462,60
AM1632,datasets\processed\scut_fbp5500\images\AM1632.jpg,scut_fbp5500,portrait_score,unassigned,3.95,3.95,0.6745996929755542,60
AM1633,datasets\processed\scut_fbp5500\images\AM1633.jpg,scut_fbp5500,portrait_score,unassigned,3.1333333333333333,3.1333333333333333,0.6756457467795111,60
AM1634,datasets\processed\scut_fbp5500\images\AM1634.jpg,scut_fbp5500,portrait_score,unassigned,2.9166666666666665,2.9166666666666665,0.6454972243679029,60
AM1635,datasets\processed\scut_fbp5500\images\AM1635.jpg,scut_fbp5500,portrait_score,unassigned,3.6666666666666665,3.6666666666666665,0.6288721857330793,60
AM1636,datasets\processed\scut_fbp5500\images\AM1636.jpg,scut_fbp5500,portrait_score,unassigned,4.3,4.3,0.6189110173988075,60
AM1637,datasets\processed\scut_fbp5500\images\AM1637.jpg,scut_fbp5500,portrait_score,unassigned,3.2333333333333334,3.2333333333333334,0.6474635430261866,60
AM1638,datasets\processed\scut_fbp5500\images\AM1638.jpg,scut_fbp5500,portrait_score,unassigned,4.2,4.2,0.6587095756740946,60
AM1639,datasets\processed\scut_fbp5500\images\AM1639.jpg,scut_fbp5500,portrait_score,unassigned,4.3,4.3,0.6189110173988075,60
AM164,datasets\processed\scut_fbp5500\images\AM164.jpg,scut_fbp5500,portrait_score,unassigned,2.0,2.0,0.6888949638271721,60
AM1640,datasets\processed\scut_fbp5500\images\AM1640.jpg,scut_fbp5500,portrait_score,unassigned,4.283333333333333,4.283333333333333,0.6131791749276648,60
AM1641,datasets\processed\scut_fbp5500\images\AM1641.jpg,scut_fbp5500,portrait_score,unassigned,3.433333333333333,3.433333333333333,0.83090040331317,60
AM1642,datasets\processed\scut_fbp5500\images\AM1642.jpg,scut_fbp5500,portrait_score,unassigned,4.033333333333333,4.033333333333333,0.5812513288970896,60
AM1643,datasets\processed\scut_fbp5500\images\AM1643.jpg,scut_fbp5500,portrait_score,unassigned,3.8333333333333335,3.8333333333333335,0.7402854847084713,60
AM1644,datasets\processed\scut_fbp5500\images\AM1644.jpg,scut_fbp5500,portrait_score,unassigned,4.083333333333333,4.083333333333333,0.6454972243679027,60
AM1645,datasets\processed\scut_fbp5500\images\AM1645.jpg,scut_fbp5500,portrait_score,unassigned,4.066666666666666,4.066666666666666,0.6342396132422273,60
AM1646,datasets\processed\scut_fbp5500\images\AM1646.jpg,scut_fbp5500,portrait_score,unassigned,3.983333333333333,3.983333333333333,0.650727537210172,60
AM1647,datasets\processed\scut_fbp5500\images\AM1647.jpg,scut_fbp5500,portrait_score,unassigned,3.3,3.3,0.6457159999120148,60
AM1648,datasets\processed\scut_fbp5500\images\AM1648.jpg,scut_fbp5500,portrait_score,unassigned,4.066666666666666,4.066666666666666,0.6604227374117244,60
AM1649,datasets\processed\scut_fbp5500\images\AM1649.jpg,scut_fbp5500,portrait_score,unassigned,3.55,3.55,0.7461766955734742,60
AM165,datasets\processed\scut_fbp5500\images\AM165.jpg,scut_fbp5500,portrait_score,unassigned,2.716666666666667,2.716666666666667,0.6131791749276648,60
AM1650,datasets\processed\scut_fbp5500\images\AM1650.jpg,scut_fbp5500,portrait_score,unassigned,4.1,4.1,0.602255647052628,60
AM1651,datasets\processed\scut_fbp5500\images\AM1651.jpg,scut_fbp5500,portrait_score,unassigned,3.783333333333333,3.783333333333333,0.6661721329614917,60
AM1652,datasets\processed\scut_fbp5500\images\AM1652.jpg,scut_fbp5500,portrait_score,unassigned,4.133333333333334,4.133333333333334,0.5956528014598821,60
AM1653,datasets\processed\scut_fbp5500\images\AM1653.jpg,scut_fbp5500,portrait_score,unassigned,3.183333333333333,3.183333333333333,0.5672313570575754,60
AM1654,datasets\processed\scut_fbp5500\images\AM1654.jpg,scut_fbp5500,portrait_score,unassigned,3.533333333333333,3.533333333333333,0.7002824288999323,60
AM1655,datasets\processed\scut_fbp5500\images\AM1655.jpg,scut_fbp5500,portrait_score,unassigned,2.85,2.85,0.5150283849343991,60
AM1656,datasets\processed\scut_fbp5500\images\AM1656.jpg,scut_fbp5500,portrait_score,unassigned,3.633333333333333,3.633333333333333,0.6880743620304537,60
AM1657,datasets\processed\scut_fbp5500\images\AM1657.jpg,scut_fbp5500,portrait_score,unassigned,4.1,4.1,0.681473975776784,60
AM1658,datasets\processed\scut_fbp5500\images\AM1658.jpg,scut_fbp5500,portrait_score,unassigned,3.466666666666667,3.466666666666667,0.8123342942715871,60
AM1659,datasets\processed\scut_fbp5500\images\AM1659.jpg,scut_fbp5500,portrait_score,unassigned,3.05,3.05,0.8911048179704615,60
AM166,datasets\processed\scut_fbp5500\images\AM166.jpg,scut_fbp5500,portrait_score,unassigned,2.25,2.25,0.6796060673505359,60
AM1660,datasets\processed\scut_fbp5500\images\AM1660.jpg,scut_fbp5500,portrait_score,unassigned,3.583333333333333,3.583333333333333,0.7431419023347086,60
AM1661,datasets\processed\scut_fbp5500\images\AM1661.jpg,scut_fbp5500,portrait_score,unassigned,4.15,4.15,0.7089022308339535,60
AM1662,datasets\processed\scut_fbp5500\images\AM1662.jpg,scut_fbp5500,portrait_score,unassigned,4.283333333333333,4.283333333333333,0.6661721329614917,60
AM1663,datasets\processed\scut_fbp5500\images\AM1663.jpg,scut_fbp5500,portrait_score,unassigned,2.4833333333333334,2.4833333333333334,0.5963637459756624,60
AM1664,datasets\processed\scut_fbp5500\images\AM1664.jpg,scut_fbp5500,portrait_score,unassigned,4.283333333333333,4.283333333333333,0.5848849420870962,60
AM1665,datasets\processed\scut_fbp5500\images\AM1665.jpg,scut_fbp5500,portrait_score,unassigned,2.933333333333333,2.933333333333333,0.5783280010825674,60
AM1666,datasets\processed\scut_fbp5500\images\AM1666.jpg,scut_fbp5500,portrait_score,unassigned,3.95,3.95,0.594466004501918,60
AM1667,datasets\processed\scut_fbp5500\images\AM1667.jpg,scut_fbp5500,portrait_score,unassigned,4.233333333333333,4.233333333333333,0.5325559305923084,60
AM1668,datasets\processed\scut_fbp5500\images\AM1668.jpg,scut_fbp5500,portrait_score,unassigned,3.033333333333333,3.033333333333333,0.609714205533526,60
AM1669,datasets\processed\scut_fbp5500\images\AM1669.jpg,scut_fbp5500,portrait_score,unassigned,3.183333333333333,3.183333333333333,0.5672313570575754,60
AM167,datasets\processed\scut_fbp5500\images\AM167.jpg,scut_fbp5500,portrait_score,unassigned,2.533333333333333,2.533333333333333,0.6500760494407537,60
AM1670,datasets\processed\scut_fbp5500\images\AM1670.jpg,scut_fbp5500,portrait_score,unassigned,2.8666666666666667,2.8666666666666667,0.5030977485864634,60
AM1671,datasets\processed\scut_fbp5500\images\AM1671.jpg,scut_fbp5500,portrait_score,unassigned,4.216666666666667,4.216666666666667,0.7831199372753781,60
AM1672,datasets\processed\scut_fbp5500\images\AM1672.jpg,scut_fbp5500,portrait_score,unassigned,2.966666666666667,2.966666666666667,0.6629841797500677,60
AM1673,datasets\processed\scut_fbp5500\images\AM1673.jpg,scut_fbp5500,portrait_score,unassigned,3.6166666666666663,3.6166666666666663,0.8044719642367518,60
AM1674,datasets\processed\scut_fbp5500\images\AM1674.jpg,scut_fbp5500,portrait_score,unassigned,4.233333333333333,4.233333333333333,0.7672682483797639,60
AM1675,datasets\processed\scut_fbp5500\images\AM1675.jpg,scut_fbp5500,portrait_score,unassigned,4.116666666666666,4.116666666666666,0.6911465950282972,60
AM1676,datasets\processed\scut_fbp5500\images\AM1676.jpg,scut_fbp5500,portrait_score,unassigned,3.1166666666666667,3.1166666666666667,0.6131791749276647,60
AM1677,datasets\processed\scut_fbp5500\images\AM1677.jpg,scut_fbp5500,portrait_score,unassigned,4.083333333333333,4.083333333333333,0.6712413662397547,60
AM1678,datasets\processed\scut_fbp5500\images\AM1678.jpg,scut_fbp5500,portrait_score,unassigned,4.0,4.0,0.7130740328122925,60
AM1679,datasets\processed\scut_fbp5500\images\AM1679.jpg,scut_fbp5500,portrait_score,unassigned,4.1,4.1,0.7059072777254546,60
AM168,datasets\processed\scut_fbp5500\images\AM168.jpg,scut_fbp5500,portrait_score,unassigned,2.6,2.6,0.7178121183764841,60
AM1680,datasets\processed\scut_fbp5500\images\AM1680.jpg,scut_fbp5500,portrait_score,unassigned,3.35,3.35,0.7324211069911228,60
AM1681,datasets\processed\scut_fbp5500\images\AM1681.jpg,scut_fbp5500,portrait_score,unassigned,4.1,4.1,0.729522713718023,60
AM1682,datasets\processed\scut_fbp5500\images\AM1682.jpg,scut_fbp5500,portrait_score,unassigned,3.9166666666666665,3.9166666666666665,0.6454972243679027,60
AM1683,datasets\processed\scut_fbp5500\images\AM1683.jpg,scut_fbp5500,portrait_score,unassigned,3.3666666666666667,3.3666666666666667,0.6097142055335258,60
AM1684,datasets\processed\scut_fbp5500\images\AM1684.jpg,scut_fbp5500,portrait_score,unassigned,3.6666666666666665,3.6666666666666665,0.7738669501259083,60
AM1685,datasets\processed\scut_fbp5500\images\AM1685.jpg,scut_fbp5500,portrait_score,unassigned,4.1,4.1,0.6561314461114258,60
AM1686,datasets\processed\scut_fbp5500\images\AM1686.jpg,scut_fbp5500,portrait_score,unassigned,3.583333333333333,3.583333333333333,0.8293691019953863,60
AM1687,datasets\processed\scut_fbp5500\images\AM1687.jpg,scut_fbp5500,portrait_score,unassigned,3.983333333333333,3.983333333333333,0.7700245795475262,60
AM1688,datasets\processed\scut_fbp5500\images\AM1688.jpg,scut_fbp5500,portrait_score,unassigned,4.083333333333333,4.083333333333333,0.6454972243679028,60
AM1689,datasets\processed\scut_fbp5500\images\AM1689.jpg,scut_fbp5500,portrait_score,unassigned,4.133333333333334,4.133333333333334,0.5956528014598821,60
AM169,datasets\processed\scut_fbp5500\images\AM169.jpg,scut_fbp5500,portrait_score,unassigned,1.7666666666666666,1.7666666666666666,0.7217367628174831,60
AM1690,datasets\processed\scut_fbp5500\images\AM1690.jpg,scut_fbp5500,portrait_score,unassigned,4.433333333333334,4.433333333333334,0.6978579008061127,60
AM1691,datasets\processed\scut_fbp5500\images\AM1691.jpg,scut_fbp5500,portrait_score,unassigned,4.05,4.05,0.6745996929755541,60
AM1692,datasets\processed\scut_fbp5500\images\AM1692.jpg,scut_fbp5500,portrait_score,unassigned,4.5,4.5,0.6764814252025458,60
AM1693,datasets\processed\scut_fbp5500\images\AM1693.jpg,scut_fbp5500,portrait_score,unassigned,4.266666666666667,4.266666666666667,0.6604227374117243,60
AM1694,datasets\processed\scut_fbp5500\images\AM1694.jpg,scut_fbp5500,portrait_score,unassigned,3.1666666666666665,3.1666666666666665,0.8470620545708475,60
AM1695,datasets\processed\scut_fbp5500\images\AM1695.jpg,scut_fbp5500,portrait_score,unassigned,3.066666666666667,3.066666666666667,0.8609546665493529,60
AM1696,datasets\processed\scut_fbp5500\images\AM1696.jpg,scut_fbp5500,portrait_score,unassigned,4.466666666666667,4.466666666666667,0.5664838521990363,60
AM1697,datasets\processed\scut_fbp5500\images\AM1697.jpg,scut_fbp5500,portrait_score,unassigned,4.216666666666667,4.216666666666667,0.6911465950282971,60
AM1698,datasets\processed\scut_fbp5500\images\AM1698.jpg,scut_fbp5500,portrait_score,unassigned,4.4,4.4,0.5880159112340472,60
AM1699,datasets\processed\scut_fbp5500\images\AM1699.jpg,scut_fbp5500,portrait_score,unassigned,4.533333333333333,4.533333333333333,0.6500760494407536,60
AM17,datasets\processed\scut_fbp5500\images\AM17.jpg,scut_fbp5500,portrait_score,unassigned,3.2666666666666666,3.2666666666666666,0.634239613242227,60
AM170,datasets\processed\scut_fbp5500\images\AM170.jpg,scut_fbp5500,portrait_score,unassigned,2.4833333333333334,2.4833333333333334,0.6762726024084973,60
AM1700,datasets\processed\scut_fbp5500\images\AM1700.jpg,scut_fbp5500,portrait_score,unassigned,4.183333333333334,4.183333333333334,0.6241378234003047,60
AM1701,datasets\processed\scut_fbp5500\images\AM1701.jpg,scut_fbp5500,portrait_score,unassigned,4.4,4.4,0.5880159112340471,60
AM1702,datasets\processed\scut_fbp5500\images\AM1702.jpg,scut_fbp5500,portrait_score,unassigned,3.5,3.5,0.8733337646093731,60
AM1703,datasets\processed\scut_fbp5500\images\AM1703.jpg,scut_fbp5500,portrait_score,unassigned,3.533333333333333,3.533333333333333,0.675645746779511,60
AM1704,datasets\processed\scut_fbp5500\images\AM1704.jpg,scut_fbp5500,portrait_score,unassigned,4.4,4.4,0.6937981927069209,60
AM1705,datasets\processed\scut_fbp5500\images\AM1705.jpg,scut_fbp5500,portrait_score,unassigned,3.433333333333333,3.433333333333333,0.6731324866865128,60
AM1706,datasets\processed\scut_fbp5500\images\AM1706.jpg,scut_fbp5500,portrait_score,unassigned,2.6,2.6,0.643085781240651,60
AM1707,datasets\processed\scut_fbp5500\images\AM1707.jpg,scut_fbp5500,portrait_score,unassigned,3.533333333333333,3.533333333333333,0.6234585511256955,60
AM1708,datasets\processed\scut_fbp5500\images\AM1708.jpg,scut_fbp5500,portrait_score,unassigned,4.483333333333333,4.483333333333333,0.5672313570575753,60
AM1709,datasets\processed\scut_fbp5500\images\AM1709.jpg,scut_fbp5500,portrait_score,unassigned,2.6166666666666667,2.6166666666666667,0.7152495514881185,60
AM171,datasets\processed\scut_fbp5500\images\AM171.jpg,scut_fbp5500,portrait_score,unassigned,2.816666666666667,2.816666666666667,0.7917298517752696,60
AM1710,datasets\processed\scut_fbp5500\images\AM1710.jpg,scut_fbp5500,portrait_score,unassigned,4.066666666666666,4.066666666666666,0.7561424551163483,60
AM1711,datasets\processed\scut_fbp5500\images\AM1711.jpg,scut_fbp5500,portrait_score,unassigned,3.216666666666667,3.216666666666667,0.761169186891749,60
AM1712,datasets\processed\scut_fbp5500\images\AM1712.jpg,scut_fbp5500,portrait_score,unassigned,4.333333333333333,4.333333333333333,0.5724365605193373,60
AM1713,datasets\processed\scut_fbp5500\images\AM1713.jpg,scut_fbp5500,portrait_score,unassigned,3.05,3.05,0.6489887831680653,60
AM1714,datasets\processed\scut_fbp5500\images\AM1714.jpg,scut_fbp5500,portrait_score,unassigned,3.1666666666666665,3.1666666666666665,0.8060505654884772,60
AM1715,datasets\processed\scut_fbp5500\images\AM1715.jpg,scut_fbp5500,portrait_score,unassigned,3.15,3.15,0.5469483909592215,60
AM1716,datasets\processed\scut_fbp5500\images\AM1716.jpg,scut_fbp5500,portrait_score,unassigned,3.95,3.95,0.7231053560389408,60
AM1717,datasets\processed\scut_fbp5500\images\AM1717.jpg,scut_fbp5500,portrait_score,unassigned,3.8666666666666663,3.8666666666666663,0.6500760494407537,60
AM1718,datasets\processed\scut_fbp5500\images\AM1718.jpg,scut_fbp5500,portrait_score,unassigned,3.9,3.9,0.6022556470526281,60
AM1719,datasets\processed\scut_fbp5500\images\AM1719.jpg,scut_fbp5500,portrait_score,unassigned,3.55,3.55,0.7685557664227721,60
AM172,datasets\processed\scut_fbp5500\images\AM172.jpg,scut_fbp5500,portrait_score,unassigned,2.85,2.85,0.605763280945926,60
AM1720,datasets\processed\scut_fbp5500\images\AM1720.jpg,scut_fbp5500,portrait_score,unassigned,4.0,4.0,0.663835797544615,60
AM1721,datasets\processed\scut_fbp5500\images\AM1721.jpg,scut_fbp5500,portrait_score,unassigned,3.7666666666666666,3.7666666666666666,0.7890493457677393,60
AM1722,datasets\processed\scut_fbp5500\images\AM1722.jpg,scut_fbp5500,portrait_score,unassigned,3.183333333333333,3.183333333333333,0.7246662976417857,60
AM1723,datasets\processed\scut_fbp5500\images\AM1723.jpg,scut_fbp5500,portrait_score,unassigned,4.283333333333333,4.283333333333333,0.6131791749276649,60
AM1724,datasets\processed\scut_fbp5500\images\AM1724.jpg,scut_fbp5500,portrait_score,unassigned,4.366666666666666,4.366666666666666,0.6097142055335257,60
AM1725,datasets\processed\scut_fbp5500\images\AM1725.jpg,scut_fbp5500,portrait_score,unassigned,3.25,3.25,0.6541911813032297,60
AM1726,datasets\processed\scut_fbp5500\images\AM1726.jpg,scut_fbp5500,portrait_score,unassigned,3.566666666666667,3.566666666666667,0.7217367628174831,60
AM1727,datasets\processed\scut_fbp5500\images\AM1727.jpg,scut_fbp5500,portrait_score,unassigned,2.85,2.85,0.7552079071691766,60
AM1728,datasets\processed\scut_fbp5500\images\AM1728.jpg,scut_fbp5500,portrait_score,unassigned,3.6,3.6,0.7410482726333565,60
AM1729,datasets\processed\scut_fbp5500\images\AM1729.jpg,scut_fbp5500,portrait_score,unassigned,4.0,4.0,0.6638357975446147,60
AM173,datasets\processed\scut_fbp5500\images\AM173.jpg,scut_fbp5500,portrait_score,unassigned,1.7166666666666666,1.7166666666666666,0.7385663314751767,60
AM1730,datasets\processed\scut_fbp5500\images\AM1730.jpg,scut_fbp5500,portrait_score,unassigned,3.433333333333333,3.433333333333333,0.6731324866865129,60
AM1731,datasets\processed\scut_fbp5500\images\AM1731.jpg,scut_fbp5500,portrait_score,unassigned,3.6666666666666665,3.6666666666666665,0.7051064751106303,60
AM1732,datasets\processed\scut_fbp5500\images\AM1732.jpg,scut_fbp5500,portrait_score,unassigned,3.966666666666667,3.966666666666667,0.7122812876724769,60
AM1733,datasets\processed\scut_fbp5500\images\AM1733.jpg,scut_fbp5500,portrait_score,unassigned,3.966666666666667,3.966666666666667,0.6097142055335257,60
AM1734,datasets\processed\scut_fbp5500\images\AM1734.jpg,scut_fbp5500,portrait_score,unassigned,3.783333333333333,3.783333333333333,0.7152495514881185,60
AM1735,datasets\processed\scut_fbp5500\images\AM1735.jpg,scut_fbp5500,portrait_score,unassigned,3.4166666666666665,3.4166666666666665,0.8086747196864057,60
AM1736,datasets\processed\scut_fbp5500\images\AM1736.jpg,scut_fbp5500,portrait_score,unassigned,3.966666666666667,3.966666666666667,0.7583806715217979,60
AM1737,datasets\processed\scut_fbp5500\images\AM1737.jpg,scut_fbp5500,portrait_score,unassigned,3.9,3.9,0.7059072777254549,60
AM1738,datasets\processed\scut_fbp5500\images\AM1738.jpg,scut_fbp5500,portrait_score,unassigned,3.583333333333333,3.583333333333333,0.8086747196864057,60
AM1739,datasets\processed\scut_fbp5500\images\AM1739.jpg,scut_fbp5500,portrait_score,unassigned,2.716666666666667,2.716666666666667,0.5848849420870962,60
AM174,datasets\processed\scut_fbp5500\images\AM174.jpg,scut_fbp5500,portrait_score,unassigned,2.9166666666666665,2.9166666666666665,0.4971671160112441,60
AM1740,datasets\processed\scut_fbp5500\images\AM1740.jpg,scut_fbp5500,portrait_score,unassigned,4.1,4.1,0.705907277725455,60
AM1741,datasets\processed\scut_fbp5500\images\AM1741.jpg,scut_fbp5500,portrait_score,unassigned,3.7666666666666666,3.7666666666666666,0.7217367628174832,60
AM1742,datasets\processed\scut_fbp5500\images\AM1742.jpg,scut_fbp5500,portrait_score,unassigned,4.283333333333333,4.283333333333333,0.7385663314751767,60
AM1743,datasets\processed\scut_fbp5500\images\AM1743.jpg,scut_fbp5500,portrait_score,unassigned,3.283333333333333,3.283333333333333,0.6661721329614917,60
AM1744,datasets\processed\scut_fbp5500\images\AM1744.jpg,scut_fbp5500,portrait_score,unassigned,3.2333333333333334,3.2333333333333334,0.6207340287621397,60
AM1745,datasets\processed\scut_fbp5500\images\AM1745.jpg,scut_fbp5500,portrait_score,unassigned,3.333333333333333,3.333333333333333,0.8956896153275697,60
AM1746,datasets\processed\scut_fbp5500\images\AM1746.jpg,scut_fbp5500,portrait_score,unassigned,4.216666666666667,4.216666666666667,0.5848849420870963,60
AM1747,datasets\processed\scut_fbp5500\images\AM1747.jpg,scut_fbp5500,portrait_score,unassigned,2.95,2.95,0.6223247830459755,60
AM1748,datasets\processed\scut_fbp5500\images\AM1748.jpg,scut_fbp5500,portrait_score,unassigned,2.8833333333333333,2.8833333333333333,0.6131791749276649,60
AM1749,datasets\processed\scut_fbp5500\images\AM1749.jpg,scut_fbp5500,portrait_score,unassigned,3.033333333333333,3.033333333333333,0.5812513288970897,60
AM175,datasets\processed\scut_fbp5500\images\AM175.jpg,scut_fbp5500,portrait_score,unassigned,2.683333333333333,2.683333333333333,0.6762726024084974,60
AM1750,datasets\processed\scut_fbp5500\images\AM1750.jpg,scut_fbp5500,portrait_score,unassigned,3.6666666666666665,3.6666666666666665,0.6288721857330792,60
AM1751,datasets\processed\scut_fbp5500\images\AM1751.jpg,scut_fbp5500,portrait_score,unassigned,3.933333333333333,3.933333333333333,0.7997174642327564,60
AM1752,datasets\processed\scut_fbp5500\images\AM1752.jpg,scut_fbp5500,portrait_score,unassigned,3.9,3.9,0.656131446111426,60
AM1753,datasets\processed\scut_fbp5500\images\AM1753.jpg,scut_fbp5500,portrait_score,unassigned,3.45,3.45,0.7231053560389409,60
AM1754,datasets\processed\scut_fbp5500\images\AM1754.jpg,scut_fbp5500,portrait_score,unassigned,3.733333333333333,3.733333333333333,0.6856066636017633,60
AM1755,datasets\processed\scut_fbp5500\images\AM1755.jpg,scut_fbp5500,portrait_score,unassigned,3.15,3.15,0.7773270149271754,60
AM1756,datasets\processed\scut_fbp5500\images\AM1756.jpg,scut_fbp5500,portrait_score,unassigned,3.583333333333333,3.583333333333333,0.6712413662397548,60
AM1757,datasets\processed\scut_fbp5500\images\AM1757.jpg,scut_fbp5500,portrait_score,unassigned,4.2,4.2,0.6839565850033842,60
AM1758,datasets\processed\scut_fbp5500\images\AM1758.jpg,scut_fbp5500,portrait_score,unassigned,3.6166666666666663,3.6166666666666663,0.9404590777041594,60
AM1759,datasets\processed\scut_fbp5500\images\AM1759.jpg,scut_fbp5500,portrait_score,unassigned,4.016666666666667,4.016666666666667,0.6241378234003048,60
AM176,datasets\processed\scut_fbp5500\images\AM176.jpg,scut_fbp5500,portrait_score,unassigned,2.3,2.3,0.6189110173988076,60
AM1760,datasets\processed\scut_fbp5500\images\AM1760.jpg,scut_fbp5500,portrait_score,unassigned,4.183333333333334,4.183333333333334,0.8334463200240203,60
AM1761,datasets\processed\scut_fbp5500\images\AM1761.jpg,scut_fbp5500,portrait_score,unassigned,3.85,3.85,0.6593525329532484,60
AM1762,datasets\processed\scut_fbp5500\images\AM1762.jpg,scut_fbp5500,portrait_score,unassigned,2.2,2.2,0.6839565850033841,60
AM1763,datasets\processed\scut_fbp5500\images\AM1763.jpg,scut_fbp5500,portrait_score,unassigned,3.75,3.75,0.7945790912196155,60
AM1764,datasets\processed\scut_fbp5500\images\AM1764.jpg,scut_fbp5500,portrait_score,unassigned,3.4166666666666665,3.4166666666666665,0.8086747196864059,60
AM1765,datasets\processed\scut_fbp5500\images\AM1765.jpg,scut_fbp5500,portrait_score,unassigned,4.3,4.3,0.7657941485582803,60
AM1766,datasets\processed\scut_fbp5500\images\AM1766.jpg,scut_fbp5500,portrait_score,unassigned,3.6666666666666665,3.6666666666666665,0.6552698154756149,60
AM1767,datasets\processed\scut_fbp5500\images\AM1767.jpg,scut_fbp5500,portrait_score,unassigned,2.1,2.1,0.7745966692414834,60
AM1768,datasets\processed\scut_fbp5500\images\AM1768.jpg,scut_fbp5500,portrait_score,unassigned,2.7666666666666666,2.7666666666666666,0.6731324866865128,60
AM1769,datasets\processed\scut_fbp5500\images\AM1769.jpg,scut_fbp5500,portrait_score,unassigned,3.8333333333333335,3.8333333333333335,0.7402854847084714,60
AM177,datasets\processed\scut_fbp5500\images\AM177.jpg,scut_fbp5500,portrait_score,unassigned,2.3666666666666667,2.3666666666666667,0.7122812876724768,60
AM1770,datasets\processed\scut_fbp5500\images\AM1770.jpg,scut_fbp5500,portrait_score,unassigned,3.3666666666666667,3.3666666666666667,0.6369063647932277,60
AM1771,datasets\processed\scut_fbp5500\images\AM1771.jpg,scut_fbp5500,portrait_score,unassigned,3.533333333333333,3.533333333333333,0.5664838521990366,60
AM1772,datasets\processed\scut_fbp5500\images\AM1772.jpg,scut_fbp5500,portrait_score,unassigned,3.4,3.4,0.616166387389926,60
AM1773,datasets\processed\scut_fbp5500\images\AM1773.jpg,scut_fbp5500,portrait_score,unassigned,4.383333333333334,4.383333333333334,0.5551505114790763,60
AM1774,datasets\processed\scut_fbp5500\images\AM1774.jpg,scut_fbp5500,portrait_score,unassigned,3.75,3.75,0.6541911813032297,60
AM1775,datasets\processed\scut_fbp5500\images\AM1775.jpg,scut_fbp5500,portrait_score,unassigned,4.45,4.45,0.7231053560389408,60
AM1776,datasets\processed\scut_fbp5500\images\AM1776.jpg,scut_fbp5500,portrait_score,unassigned,3.8666666666666663,3.8666666666666663,0.595652801459882,60
AM1777,datasets\processed\scut_fbp5500\images\AM1777.jpg,scut_fbp5500,portrait_score,unassigned,3.7,3.7,0.8497257782985548,60
AM1778,datasets\processed\scut_fbp5500\images\AM1778.jpg,scut_fbp5500,portrait_score,unassigned,2.1333333333333333,2.1333333333333333,0.6756457467795111,60
AM1779,datasets\processed\scut_fbp5500\images\AM1779.jpg,scut_fbp5500,portrait_score,unassigned,3.716666666666667,3.716666666666667,0.6661721329614915,60
AM178,datasets\processed\scut_fbp5500\images\AM178.jpg,scut_fbp5500,portrait_score,unassigned,2.466666666666667,2.466666666666667,0.675645746779511,60
AM1780,datasets\processed\scut_fbp5500\images\AM1780.jpg,scut_fbp5500,portrait_score,unassigned,3.1333333333333333,3.1333333333333333,0.5664838521990366,60
AM1781,datasets\processed\scut_fbp5500\images\AM1781.jpg,scut_fbp5500,portrait_score,unassigned,2.95,2.95,0.4666868437930209,60
AM1782,datasets\processed\scut_fbp5500\images\AM1782.jpg,scut_fbp5500,portrait_score,unassigned,3.0,3.0,0.5523447707389939,60
AM1783,datasets\processed\scut_fbp5500\images\AM1783.jpg,scut_fbp5500,portrait_score,unassigned,3.1666666666666665,3.1666666666666665,0.6422066478409216,60
AM1784,datasets\processed\scut_fbp5500\images\AM1784.jpg,scut_fbp5500,portrait_score,unassigned,3.5166666666666666,3.5166666666666666,0.7700245795475265,60
AM1785,datasets\processed\scut_fbp5500\images\AM1785.jpg,scut_fbp5500,portrait_score,unassigned,3.0,3.0,0.582222509739582,60
AM1786,datasets\processed\scut_fbp5500\images\AM1786.jpg,scut_fbp5500,portrait_score,unassigned,3.85,3.85,0.7089022308339538,60
AM1787,datasets\processed\scut_fbp5500\images\AM1787.jpg,scut_fbp5500,portrait_score,unassigned,2.8,2.8,0.4801129810537008,60
AM1788,datasets\processed\scut_fbp5500\images\AM1788.jpg,scut_fbp5500,portrait_score,unassigned,2.066666666666667,2.066666666666667,0.7997174642327562,60
AM1789,datasets\processed\scut_fbp5500\images\AM1789.jpg,scut_fbp5500,portrait_score,unassigned,3.316666666666667,3.316666666666667,0.7476894729916952,60
AM179,datasets\processed\scut_fbp5500\images\AM179.jpg,scut_fbp5500,portrait_score,unassigned,2.433333333333333,2.433333333333333,0.6474635430261866,60
AM1790,datasets\processed\scut_fbp5500\images\AM1790.jpg,scut_fbp5500,portrait_score,unassigned,4.083333333333333,4.083333333333333,0.6960339624157417,60
AM1791,datasets\processed\scut_fbp5500\images\AM1791.jpg,scut_fbp5500,portrait_score,unassigned,2.25,2.25,0.6277481952265331,60
AM1792,datasets\processed\scut_fbp5500\images\AM1792.jpg,scut_fbp5500,portrait_score,unassigned,3.333333333333333,3.333333333333333,0.751646028002829,60
AM1793,datasets\processed\scut_fbp5500\images\AM1793.jpg,scut_fbp5500,portrait_score,unassigned,2.6666666666666665,2.6666666666666665,0.7287478619712606,60
AM1794,datasets\processed\scut_fbp5500\images\AM1794.jpg,scut_fbp5500,portrait_score,unassigned,2.6,2.6,0.6430857812406509,60
AM1795,datasets\processed\scut_fbp5500\images\AM1795.jpg,scut_fbp5500,portrait_score,unassigned,4.483333333333333,4.483333333333333,0.5365194379932872,60
AM1796,datasets\processed\scut_fbp5500\images\AM1796.jpg,scut_fbp5500,portrait_score,unassigned,3.95,3.95,0.5344092255369317,60
AM1797,datasets\processed\scut_fbp5500\images\AM1797.jpg,scut_fbp5500,portrait_score,unassigned,3.333333333333333,3.333333333333333,0.751646028002829,60
AM1798,datasets\processed\scut_fbp5500\images\AM1798.jpg,scut_fbp5500,portrait_score,unassigned,3.0166666666666666,3.0166666666666666,0.5365194379932872,60
AM1799,datasets\processed\scut_fbp5500\images\AM1799.jpg,scut_fbp5500,portrait_score,unassigned,2.966666666666667,2.966666666666667,0.5196696038591647,60
AM18,datasets\processed\scut_fbp5500\images\AM18.jpg,scut_fbp5500,portrait_score,unassigned,3.85,3.85,0.7773270149271753,60
AM180,datasets\processed\scut_fbp5500\images\AM180.jpg,scut_fbp5500,portrait_score,unassigned,2.6,2.6,0.616166387389926,60
AM1800,datasets\processed\scut_fbp5500\images\AM1800.jpg,scut_fbp5500,portrait_score,unassigned,4.066666666666666,4.066666666666666,0.634239613242227,60
AM1801,datasets\processed\scut_fbp5500\images\AM1801.jpg,scut_fbp5500,portrait_score,unassigned,4.45,4.45,0.5652358139960075,60
AM1802,datasets\processed\scut_fbp5500\images\AM1802.jpg,scut_fbp5500,portrait_score,unassigned,4.383333333333334,4.383333333333334,0.5848849420870962,60
AM1803,datasets\processed\scut_fbp5500\images\AM1803.jpg,scut_fbp5500,portrait_score,unassigned,2.716666666666667,2.716666666666667,0.5551505114790766,60
AM1804,datasets\processed\scut_fbp5500\images\AM1804.jpg,scut_fbp5500,portrait_score,unassigned,2.6166666666666667,2.6166666666666667,0.7385663314751767,60
AM1805,datasets\processed\scut_fbp5500\images\AM1805.jpg,scut_fbp5500,portrait_score,unassigned,3.6666666666666665,3.6666666666666665,0.7738669501259083,60
AM1806,datasets\processed\scut_fbp5500\images\AM1806.jpg,scut_fbp5500,portrait_score,unassigned,2.783333333333333,2.783333333333333,0.6911465950282975,60
AM1807,datasets\processed\scut_fbp5500\images\AM1807.jpg,scut_fbp5500,portrait_score,unassigned,4.0,4.0,0.6106401198187059,60
AM1808,datasets\processed\scut_fbp5500\images\AM1808.jpg,scut_fbp5500,portrait_score,unassigned,3.95,3.95,0.8114644639607987,60
AM1809,datasets\processed\scut_fbp5500\images\AM1809.jpg,scut_fbp5500,portrait_score,unassigned,3.083333333333333,3.083333333333333,0.8885651482017906,60
AM181,datasets\processed\scut_fbp5500\images\AM181.jpg,scut_fbp5500,portrait_score,unassigned,2.5166666666666666,2.5166666666666666,0.5963637459756623,60
AM1810,datasets\processed\scut_fbp5500\images\AM1810.jpg,scut_fbp5500,portrait_score,unassigned,2.55,2.55,0.6489887831680653,60
AM1811,datasets\processed\scut_fbp5500\images\AM1811.jpg,scut_fbp5500,portrait_score,unassigned,3.433333333333333,3.433333333333333,0.7672682483797644,60
AM1812,datasets\processed\scut_fbp5500\images\AM1812.jpg,scut_fbp5500,portrait_score,unassigned,2.833333333333333,2.833333333333333,0.5261522196019802,60
AM1813,datasets\processed\scut_fbp5500\images\AM1813.jpg,scut_fbp5500,portrait_score,unassigned,3.733333333333333,3.733333333333333,0.7997174642327566,60
AM1814,datasets\processed\scut_fbp5500\images\AM1814.jpg,scut_fbp5500,portrait_score,unassigned,2.433333333333333,2.433333333333333,0.5928004971139371,60
AM1815,datasets\processed\scut_fbp5500\images\AM1815.jpg,scut_fbp5500,portrait_score,unassigned,2.533333333333333,2.533333333333333,0.6756457467795111,60
AM1816,datasets\processed\scut_fbp5500\images\AM1816.jpg,scut_fbp5500,portrait_score,unassigned,3.2666666666666666,3.2666666666666666,0.5482380612028067,60
AM1817,datasets\processed\scut_fbp5500\images\AM1817.jpg,scut_fbp5500,portrait_score,unassigned,3.1166666666666667,3.1166666666666667,0.5237306419436756,60
AM1818,datasets\processed\scut_fbp5500\images\AM1818.jpg,scut_fbp5500,portrait_score,unassigned,1.75,1.75,0.7277781371744774,60
AM1819,datasets\processed\scut_fbp5500\images\AM1819.jpg,scut_fbp5500,portrait_score,unassigned,3.35,3.35,0.684575830567082,60
AM182,datasets\processed\scut_fbp5500\images\AM182.jpg,scut_fbp5500,portrait_score,unassigned,2.7333333333333334,2.7333333333333334,0.5482380612028067,60
AM1820,datasets\processed\scut_fbp5500\images\AM1820.jpg,scut_fbp5500,portrait_score,unassigned,2.2,2.2,0.6050633809075329,60
AM1821,datasets\processed\scut_fbp5500\images\AM1821.jpg,scut_fbp5500,portrait_score,unassigned,3.2,3.2,0.576370878714833,60
AM1822,datasets\processed\scut_fbp5500\images\AM1822.jpg,scut_fbp5500,portrait_score,unassigned,3.933333333333333,3.933333333333333,0.7098977407062844,60
AM1823,datasets\processed\scut_fbp5500\images\AM1823.jpg,scut_fbp5500,portrait_score,unassigned,2.7333333333333334,2.7333333333333334,0.5163977794943223,60
AM1824,datasets\processed\scut_fbp5500\images\AM1824.jpg,scut_fbp5500,portrait_score,unassigned,2.85,2.85,0.6593525329532484,60
AM1825,datasets\processed\scut_fbp5500\images\AM1825.jpg,scut_fbp5500,portrait_score,unassigned,2.35,2.35,0.6331251516304801,60
AM1826,datasets\processed\scut_fbp5500\images\AM1826.jpg,scut_fbp5500,portrait_score,unassigned,2.8,2.8,0.6839565850033842,60
AM1827,datasets\processed\scut_fbp5500\images\AM1827.jpg,scut_fbp5500,portrait_score,unassigned,2.7666666666666666,2.7666666666666666,0.6207340287621396,60
AM1828,datasets\processed\scut_fbp5500\images\AM1828.jpg,scut_fbp5500,portrait_score,unassigned,2.6,2.6,0.5584482131582668,60
AM1829,datasets\processed\scut_fbp5500\images\AM1829.jpg,scut_fbp5500,portrait_score,unassigned,3.1,3.1,0.5108981788502894,60
AM183,datasets\processed\scut_fbp5500\images\AM183.jpg,scut_fbp5500,portrait_score,unassigned,2.966666666666667,2.966666666666667,0.4859611014169708,60
AM1830,datasets\processed\scut_fbp5500\images\AM1830.jpg,scut_fbp5500,portrait_score,unassigned,2.783333333333333,2.783333333333333,0.5848849420870962,60
AM1831,datasets\processed\scut_fbp5500\images\AM1831.jpg,scut_fbp5500,portrait_score,unassigned,3.5166666666666666,3.5166666666666666,0.650727537210172,60
AM1832,datasets\processed\scut_fbp5500\images\AM1832.jpg,scut_fbp5500,portrait_score,unassigned,3.566666666666667,3.566666666666667,0.8510545137126848,60
AM1833,datasets\processed\scut_fbp5500\images\AM1833.jpg,scut_fbp5500,portrait_score,unassigned,3.5,3.5,0.6509445549041193,60
AM1834,datasets\processed\scut_fbp5500\images\AM1834.jpg,scut_fbp5500,portrait_score,unassigned,3.5166666666666666,3.5166666666666666,0.6507275372101721,60
AM1835,datasets\processed\scut_fbp5500\images\AM1835.jpg,scut_fbp5500,portrait_score,unassigned,3.6166666666666663,3.6166666666666663,0.7152495514881185,60
AM1836,datasets\processed\scut_fbp5500\images\AM1836.jpg,scut_fbp5500,portrait_score,unassigned,4.066666666666666,4.066666666666666,0.7333846926031607,60
AM1837,datasets\processed\scut_fbp5500\images\AM1837.jpg,scut_fbp5500,portrait_score,unassigned,4.65,4.65,0.5469483909592213,60
AM1838,datasets\processed\scut_fbp5500\images\AM1838.jpg,scut_fbp5500,portrait_score,unassigned,4.6,4.6,0.4940321817555709,60
AM1839,datasets\processed\scut_fbp5500\images\AM1839.jpg,scut_fbp5500,portrait_score,unassigned,2.6166666666666667,2.6166666666666667,0.6402241838994503,60
AM184,datasets\processed\scut_fbp5500\images\AM184.jpg,scut_fbp5500,portrait_score,unassigned,2.0,2.0,0.759125277171481,60
AM1840,datasets\processed\scut_fbp5500\images\AM1840.jpg,scut_fbp5500,portrait_score,unassigned,3.35,3.35,0.7552079071691766,60
AM1841,datasets\processed\scut_fbp5500\images\AM1841.jpg,scut_fbp5500,portrait_score,unassigned,2.4,2.4,0.643085781240651,60
AM1842,datasets\processed\scut_fbp5500\images\AM1842.jpg,scut_fbp5500,portrait_score,unassigned,3.783333333333333,3.783333333333333,0.7611691868917491,60
AM1843,datasets\processed\scut_fbp5500\images\AM1843.jpg,scut_fbp5500,portrait_score,unassigned,3.466666666666667,3.466666666666667,0.6234585511256955,60
AM1844,datasets\processed\scut_fbp5500\images\AM1844.jpg,scut_fbp5500,portrait_score,unassigned,2.7333333333333334,2.7333333333333334,0.5163977794943222,60
AM1845,datasets\processed\scut_fbp5500\images\AM1845.jpg,scut_fbp5500,portrait_score,unassigned,3.683333333333333,3.683333333333333,0.8128557456749851,60
AM1846,datasets\processed\scut_fbp5500\images\AM1846.jpg,scut_fbp5500,portrait_score,unassigned,2.3666666666666667,2.3666666666666667,0.8018340558415715,60
AM1847,datasets\processed\scut_fbp5500\images\AM1847.jpg,scut_fbp5500,portrait_score,unassigned,3.7,3.7,0.6457159999120147,60
AM1848,datasets\processed\scut_fbp5500\images\AM1848.jpg,scut_fbp5500,portrait_score,unassigned,2.3666666666666667,2.3666666666666667,0.6369063647932279,60
AM1849,datasets\processed\scut_fbp5500\images\AM1849.jpg,scut_fbp5500,portrait_score,unassigned,2.9,2.9,0.6297699337786185,60
AM185,datasets\processed\scut_fbp5500\images\AM185.jpg,scut_fbp5500,portrait_score,unassigned,2.4,2.4,0.6161663873899261,60
AM1850,datasets\processed\scut_fbp5500\images\AM1850.jpg,scut_fbp5500,portrait_score,unassigned,2.2333333333333334,2.2333333333333334,0.7672682483797642,60
AM1851,datasets\processed\scut_fbp5500\images\AM1851.jpg,scut_fbp5500,portrait_score,unassigned,4.066666666666666,4.066666666666666,0.6604227374117245,60
AM1852,datasets\processed\scut_fbp5500\images\AM1852.jpg,scut_fbp5500,portrait_score,unassigned,4.033333333333333,4.033333333333333,0.6629841797500676,60
AM1853,datasets\processed\scut_fbp5500\images\AM1853.jpg,scut_fbp5500,portrait_score,unassigned,3.75,3.75,0.704104191057266,60
AM1854,datasets\processed\scut_fbp5500\images\AM1854.jpg,scut_fbp5500,portrait_score,unassigned,3.95,3.95,0.699273230466788,60
AM1855,datasets\processed\scut_fbp5500\images\AM1855.jpg,scut_fbp5500,portrait_score,unassigned,3.2666666666666666,3.2666666666666666,0.7782350014707153,60
AM1856,datasets\processed\scut_fbp5500\images\AM1856.jpg,scut_fbp5500,portrait_score,unassigned,4.3,4.3,0.6962368581968815,60
AM1857,datasets\processed\scut_fbp5500\images\AM1857.jpg,scut_fbp5500,portrait_score,unassigned,3.7666666666666666,3.7666666666666666,0.6207340287621397,60
AM1858,datasets\processed\scut_fbp5500\images\AM1858.jpg,scut_fbp5500,portrait_score,unassigned,3.8333333333333335,3.8333333333333335,0.6422066478409215,60
AM1859,datasets\processed\scut_fbp5500\images\AM1859.jpg,scut_fbp5500,portrait_score,unassigned,2.933333333333333,2.933333333333333,0.5482380612028068,60
AM186,datasets\processed\scut_fbp5500\images\AM186.jpg,scut_fbp5500,portrait_score,unassigned,4.15,4.15,0.6331251516304802,60
AM1860,datasets\processed\scut_fbp5500\images\AM1860.jpg,scut_fbp5500,portrait_score,unassigned,2.333333333333333,2.333333333333333,0.6806444271116836,60
AM1861,datasets\processed\scut_fbp5500\images\AM1861.jpg,scut_fbp5500,portrait_score,unassigned,2.583333333333333,2.583333333333333,0.5906522297402891,60
AM1862,datasets\processed\scut_fbp5500\images\AM1862.jpg,scut_fbp5500,portrait_score,unassigned,3.966666666666667,3.966666666666667,0.6097142055335257,60
AM1863,datasets\processed\scut_fbp5500\images\AM1863.jpg,scut_fbp5500,portrait_score,unassigned,3.8333333333333335,3.8333333333333335,0.7170246117012379,60
AM1864,datasets\processed\scut_fbp5500\images\AM1864.jpg,scut_fbp5500,portrait_score,unassigned,3.983333333333333,3.983333333333333,0.5963637459756623,60
AM1865,datasets\processed\scut_fbp5500\images\AM1865.jpg,scut_fbp5500,portrait_score,unassigned,3.2,3.2,0.605063380907533,60
AM1866,datasets\processed\scut_fbp5500\images\AM1866.jpg,scut_fbp5500,portrait_score,unassigned,3.216666666666667,3.216666666666667,0.6911465950282971,60
AM1867,datasets\processed\scut_fbp5500\images\AM1867.jpg,scut_fbp5500,portrait_score,unassigned,3.85,3.85,0.684575830567082,60
AM1868,datasets\processed\scut_fbp5500\images\AM1868.jpg,scut_fbp5500,portrait_score,unassigned,4.233333333333333,4.233333333333333,0.6474635430261868,60
AM1869,datasets\processed\scut_fbp5500\images\AM1869.jpg,scut_fbp5500,portrait_score,unassigned,3.1166666666666667,3.1166666666666667,0.5237306419436756,60
AM187,datasets\processed\scut_fbp5500\images\AM187.jpg,scut_fbp5500,portrait_score,unassigned,3.966666666666667,3.966666666666667,0.6629841797500677,60
AM1870,datasets\processed\scut_fbp5500\images\AM1870.jpg,scut_fbp5500,portrait_score,unassigned,2.566666666666667,2.566666666666667,0.6731324866865128,60
AM1871,datasets\processed\scut_fbp5500\images\AM1871.jpg,scut_fbp5500,portrait_score,unassigned,2.95,2.95,0.5016920522135438,60
AM1872,datasets\processed\scut_fbp5500\images\AM1872.jpg,scut_fbp5500,portrait_score,unassigned,3.2666666666666666,3.2666666666666666,0.6342396132422271,60
AM1873,datasets\processed\scut_fbp5500\images\AM1873.jpg,scut_fbp5500,portrait_score,unassigned,2.9,2.9,0.573422670742999,60
AM1874,datasets\processed\scut_fbp5500\images\AM1874.jpg,scut_fbp5500,portrait_score,unassigned,2.3666666666666667,2.3666666666666667,0.7122812876724768,60
AM1875,datasets\processed\scut_fbp5500\images\AM1875.jpg,scut_fbp5500,portrait_score,unassigned,3.15,3.15,0.7089022308339535,60
AM1876,datasets\processed\scut_fbp5500\images\AM1876.jpg,scut_fbp5500,portrait_score,unassigned,3.1,3.1,0.5734226707429991,60
AM1877,datasets\processed\scut_fbp5500\images\AM1877.jpg,scut_fbp5500,portrait_score,unassigned,4.033333333333333,4.033333333333333,0.7804098589988461,60
AM1878,datasets\processed\scut_fbp5500\images\AM1878.jpg,scut_fbp5500,portrait_score,unassigned,3.95,3.95,0.6489887831680654,60
AM1879,datasets\processed\scut_fbp5500\images\AM1879.jpg,scut_fbp5500,portrait_score,unassigned,3.7666666666666666,3.7666666666666666,0.7217367628174831,60
AM188,datasets\processed\scut_fbp5500\images\AM188.jpg,scut_fbp5500,portrait_score,unassigned,3.7,3.7,0.7657941485582802,60
AM1880,datasets\processed\scut_fbp5500\images\AM1880.jpg,scut_fbp5500,portrait_score,unassigned,2.5,2.5,0.5966005392134927,60
AM1881,datasets\processed\scut_fbp5500\images\AM1881.jpg,scut_fbp5500,portrait_score,unassigned,3.683333333333333,3.683333333333333,0.7008872504569528,60
AM1882,datasets\processed\scut_fbp5500\images\AM1882.jpg,scut_fbp5500,portrait_score,unassigned,2.85,2.85,0.6331251516304804,60
AM1883,datasets\processed\scut_fbp5500\images\AM1883.jpg,scut_fbp5500,portrait_score,unassigned,4.166666666666667,4.166666666666667,0.7170246117012379,60
AM1884,datasets\processed\scut_fbp5500\images\AM1884.jpg,scut_fbp5500,portrait_score,unassigned,3.783333333333333,3.783333333333333,0.6911465950282973,60
AM1885,datasets\processed\scut_fbp5500\images\AM1885.jpg,scut_fbp5500,portrait_score,unassigned,4.216666666666667,4.216666666666667,0.6661721329614917,60
AM1886,datasets\processed\scut_fbp5500\images\AM1886.jpg,scut_fbp5500,portrait_score,unassigned,3.066666666666667,3.066666666666667,0.6069279874259417,60
AM1887,datasets\processed\scut_fbp5500\images\AM1887.jpg,scut_fbp5500,portrait_score,unassigned,4.333333333333333,4.333333333333333,0.5420196589926082,60
AM1888,datasets\processed\scut_fbp5500\images\AM1888.jpg,scut_fbp5500,portrait_score,unassigned,3.4833333333333334,3.4833333333333334,0.7917298517752696,60
AM1889,datasets\processed\scut_fbp5500\images\AM1889.jpg,scut_fbp5500,portrait_score,unassigned,3.6,3.6,0.7178121183764841,60
AM189,datasets\processed\scut_fbp5500\images\AM189.jpg,scut_fbp5500,portrait_score,unassigned,3.733333333333333,3.733333333333333,0.6342396132422271,60
AM1890,datasets\processed\scut_fbp5500\images\AM1890.jpg,scut_fbp5500,portrait_score,unassigned,3.1666666666666665,3.1666666666666665,0.6929833971319694,60
AM1891,datasets\processed\scut_fbp5500\images\AM1891.jpg,scut_fbp5500,portrait_score,unassigned,3.933333333333333,3.933333333333333,0.634239613242227,60
AM1892,datasets\processed\scut_fbp5500\images\AM1892.jpg,scut_fbp5500,portrait_score,unassigned,4.133333333333334,4.133333333333334,0.7694741031901112,60
AM1893,datasets\processed\scut_fbp5500\images\AM1893.jpg,scut_fbp5500,portrait_score,unassigned,4.033333333333333,4.033333333333333,0.5812513288970897,60
AM1894,datasets\processed\scut_fbp5500\images\AM1894.jpg,scut_fbp5500,portrait_score,unassigned,4.433333333333334,4.433333333333334,0.5634839166238779,60
AM1895,datasets\processed\scut_fbp5500\images\AM1895.jpg,scut_fbp5500,portrait_score,unassigned,4.05,4.05,0.7231053560389407,60
AM1896,datasets\processed\scut_fbp5500\images\AM1896.jpg,scut_fbp5500,portrait_score,unassigned,3.216666666666667,3.216666666666667,0.7152495514881186,60
AM1897,datasets\processed\scut_fbp5500\images\AM1897.jpg,scut_fbp5500,portrait_score,unassigned,3.983333333333333,3.983333333333333,0.7246662976417856,60
AM1898,datasets\processed\scut_fbp5500\images\AM1898.jpg,scut_fbp5500,portrait_score,unassigned,2.5166666666666666,2.5166666666666666,0.7008872504569528,60
AM1899,datasets\processed\scut_fbp5500\images\AM1899.jpg,scut_fbp5500,portrait_score,unassigned,2.6666666666666665,2.6666666666666665,0.601316822402263,60
AM19,datasets\processed\scut_fbp5500\images\AM19.jpg,scut_fbp5500,portrait_score,unassigned,2.85,2.85,0.6845758305670822,60
AM190,datasets\processed\scut_fbp5500\images\AM190.jpg,scut_fbp5500,portrait_score,unassigned,4.116666666666666,4.116666666666666,0.5551505114790766,60
AM1900,datasets\processed\scut_fbp5500\images\AM1900.jpg,scut_fbp5500,portrait_score,unassigned,3.3833333333333333,3.3833333333333333,0.7152495514881186,60
AM1901,datasets\processed\scut_fbp5500\images\AM1901.jpg,scut_fbp5500,portrait_score,unassigned,2.6333333333333333,2.6333333333333333,0.7122812876724767,60
AM1902,datasets\processed\scut_fbp5500\images\AM1902.jpg,scut_fbp5500,portrait_score,unassigned,3.466666666666667,3.466666666666667,0.7002824288999321,60
AM1903,datasets\processed\scut_fbp5500\images\AM1903.jpg,scut_fbp5500,portrait_score,unassigned,2.6333333333333333,2.6333333333333333,0.7583806715217977,60
AM1904,datasets\processed\scut_fbp5500\images\AM1904.jpg,scut_fbp5500,portrait_score,unassigned,1.6333333333333333,1.6333333333333333,0.7356921488320419,60
AM1905,datasets\processed\scut_fbp5500\images\AM1905.jpg,scut_fbp5500,portrait_score,unassigned,3.283333333333333,3.283333333333333,0.7152495514881186,60
AM1906,datasets\processed\scut_fbp5500\images\AM1906.jpg,scut_fbp5500,portrait_score,unassigned,3.066666666666667,3.066666666666667,0.6342396132422271,60
AM1907,datasets\processed\scut_fbp5500\images\AM1907.jpg,scut_fbp5500,portrait_score,unassigned,3.083333333333333,3.083333333333333,0.5906522297402892,60
AM1908,datasets\processed\scut_fbp5500\images\AM1908.jpg,scut_fbp5500,portrait_score,unassigned,2.1,2.1,0.7523972985831715,60
AM1909,datasets\processed\scut_fbp5500\images\AM1909.jpg,scut_fbp5500,portrait_score,unassigned,2.7333333333333334,2.7333333333333334,0.6856066636017631,60
AM191,datasets\processed\scut_fbp5500\images\AM191.jpg,scut_fbp5500,portrait_score,unassigned,1.8166666666666669,1.8166666666666669,0.7476894729916952,60
AM1910,datasets\processed\scut_fbp5500\images\AM1910.jpg,scut_fbp5500,portrait_score,unassigned,3.466666666666667,3.466666666666667,0.6234585511256955,60
AM1911,datasets\processed\scut_fbp5500\images\AM1911.jpg,scut_fbp5500,portrait_score,unassigned,3.4166666666666665,3.4166666666666665,0.6712413662397547,60
AM1912,datasets\processed\scut_fbp5500\images\AM1912.jpg,scut_fbp5500,portrait_score,unassigned,2.95,2.95,0.5344092255369317,60
AM1913,datasets\processed\scut_fbp5500\images\AM1913.jpg,scut_fbp5500,portrait_score,unassigned,3.2,3.2,0.7546466228796954,60
AM1914,datasets\processed\scut_fbp5500\images\AM1914.jpg,scut_fbp5500,portrait_score,unassigned,3.3833333333333333,3.3833333333333333,0.6131791749276648,60
AM1915,datasets\processed\scut_fbp5500\images\AM1915.jpg,scut_fbp5500,portrait_score,unassigned,2.9833333333333334,2.9833333333333334,0.7700245795475263,60
AM1916,datasets\processed\scut_fbp5500\images\AM1916.jpg,scut_fbp5500,portrait_score,unassigned,2.75,2.75,0.6001412263171261,60
AM1917,datasets\processed\scut_fbp5500\images\AM1917.jpg,scut_fbp5500,portrait_score,unassigned,2.466666666666667,2.466666666666667,0.7002824288999324,60
AM1918,datasets\processed\scut_fbp5500\images\AM1918.jpg,scut_fbp5500,portrait_score,unassigned,3.1333333333333333,3.1333333333333333,0.6756457467795107,60
AM1919,datasets\processed\scut_fbp5500\images\AM1919.jpg,scut_fbp5500,portrait_score,unassigned,2.8666666666666667,2.8666666666666667,0.812334294271587,60
AM192,datasets\processed\scut_fbp5500\images\AM192.jpg,scut_fbp5500,portrait_score,unassigned,2.6166666666666667,2.6166666666666667,0.6911465950282971,60
AM1920,datasets\processed\scut_fbp5500\images\AM1920.jpg,scut_fbp5500,portrait_score,unassigned,2.583333333333333,2.583333333333333,0.6454972243679028,60
AM1921,datasets\processed\scut_fbp5500\images\AM1921.jpg,scut_fbp5500,portrait_score,unassigned,2.85,2.85,0.5469483909592213,60
AM1922,datasets\processed\scut_fbp5500\images\AM1922.jpg,scut_fbp5500,portrait_score,unassigned,2.3666666666666667,2.3666666666666667,0.7122812876724767,60
AM1923,datasets\processed\scut_fbp5500\images\AM1923.jpg,scut_fbp5500,portrait_score,unassigned,2.433333333333333,2.433333333333333,0.7448504949901058,60
AM1924,datasets\processed\scut_fbp5500\images\AM1924.jpg,scut_fbp5500,portrait_score,unassigned,2.75,2.75,0.5712015287450465,60
AM1925,datasets\processed\scut_fbp5500\images\AM1925.jpg,scut_fbp5500,portrait_score,unassigned,3.5166666666666666,3.5166666666666666,0.7700245795475262,60
AM1926,datasets\processed\scut_fbp5500\images\AM1926.jpg,scut_fbp5500,portrait_score,unassigned,3.6166666666666663,3.6166666666666663,0.7152495514881186,60
AM1927,datasets\processed\scut_fbp5500\images\AM1927.jpg,scut_fbp5500,portrait_score,unassigned,3.8333333333333335,3.8333333333333335,0.6422066478409216,60
AM1928,datasets\processed\scut_fbp5500\images\AM1928.jpg,scut_fbp5500,portrait_score,unassigned,3.4166666666666665,3.4166666666666665,0.6712413662397546,60
AM1929,datasets\processed\scut_fbp5500\images\AM1929.jpg,scut_fbp5500,portrait_score,unassigned,4.183333333333334,4.183333333333334,0.6507275372101721,60
AM193,datasets\processed\scut_fbp5500\images\AM193.jpg,scut_fbp5500,portrait_score,unassigned,4.383333333333334,4.383333333333334,0.6402241838994507,60
AM1930,datasets\processed\scut_fbp5500\images\AM1930.jpg,scut_fbp5500,portrait_score,unassigned,4.3,4.3,0.6714517537598056,60
AM1931,datasets\processed\scut_fbp5500\images\AM1931.jpg,scut_fbp5500,portrait_score,unassigned,3.8333333333333335,3.8333333333333335,0.5870543146605617,60
AM1932,datasets\processed\scut_fbp5500\images\AM1932.jpg,scut_fbp5500,portrait_score,unassigned,3.0,3.0,0.6638357975446147,60
AM1933,datasets\processed\scut_fbp5500\images\AM1933.jpg,scut_fbp5500,portrait_score,unassigned,3.95,3.95,0.7231053560389407,60
AM1934,datasets\processed\scut_fbp5500\images\AM1934.jpg,scut_fbp5500,portrait_score,unassigned,4.466666666666667,4.466666666666667,0.595652801459882,60
AM1935,datasets\processed\scut_fbp5500\images\AM1935.jpg,scut_fbp5500,portrait_score,unassigned,4.316666666666666,4.316666666666666,0.6241378234003047,60
AM1936,datasets\processed\scut_fbp5500\images\AM1936.jpg,scut_fbp5500,portrait_score,unassigned,4.5,4.5,0.6243640832675885,60
AM1937,datasets\processed\scut_fbp5500\images\AM1937.jpg,scut_fbp5500,portrait_score,unassigned,3.683333333333333,3.683333333333333,0.8128557456749851,60
AM1938,datasets\processed\scut_fbp5500\images\AM1938.jpg,scut_fbp5500,portrait_score,unassigned,3.883333333333333,3.883333333333333,0.6661721329614916,60
AM1939,datasets\processed\scut_fbp5500\images\AM1939.jpg,scut_fbp5500,portrait_score,unassigned,3.8,3.8,0.6839565850033842,60
AM194,datasets\processed\scut_fbp5500\images\AM194.jpg,scut_fbp5500,portrait_score,unassigned,1.9,1.9,0.796177307567068,60
AM1940,datasets\processed\scut_fbp5500\images\AM1940.jpg,scut_fbp5500,portrait_score,unassigned,4.3,4.3,0.5908913118102868,60
AM1941,datasets\processed\scut_fbp5500\images\AM1941.jpg,scut_fbp5500,portrait_score,unassigned,3.533333333333333,3.533333333333333,0.6500760494407536,60
AM1942,datasets\processed\scut_fbp5500\images\AM1942.jpg,scut_fbp5500,portrait_score,unassigned,3.3666666666666667,3.3666666666666667,0.5513209612012653,60
AM1943,datasets\processed\scut_fbp5500\images\AM1943.jpg,scut_fbp5500,portrait_score,unassigned,3.3,3.3,0.8088493605954036,60
AM1944,datasets\processed\scut_fbp5500\images\AM1944.jpg,scut_fbp5500,portrait_score,unassigned,4.266666666666667,4.266666666666667,0.6069279874259419,60
AM1945,datasets\processed\scut_fbp5500\images\AM1945.jpg,scut_fbp5500,portrait_score,unassigned,3.3,3.3,0.6962368581968814,60
AM1946,datasets\processed\scut_fbp5500\images\AM1946.jpg,scut_fbp5500,portrait_score,unassigned,3.1666666666666665,3.1666666666666665,0.6152487898779871,60
AM1947,datasets\processed\scut_fbp5500\images\AM1947.jpg,scut_fbp5500,portrait_score,unassigned,2.9,2.9,0.7745966692414832,60
AM1948,datasets\processed\scut_fbp5500\images\AM1948.jpg,scut_fbp5500,portrait_score,unassigned,3.3833333333333333,3.3833333333333333,0.6402241838994503,60
AM1949,datasets\processed\scut_fbp5500\images\AM1949.jpg,scut_fbp5500,portrait_score,unassigned,3.4166666666666665,3.4166666666666665,0.6712413662397548,60
AM195,datasets\processed\scut_fbp5500\images\AM195.jpg,scut_fbp5500,portrait_score,unassigned,1.7666666666666666,1.7666666666666666,0.8102451327476415,60
AM1950,datasets\processed\scut_fbp5500\images\AM1950.jpg,scut_fbp5500,portrait_score,unassigned,3.216666666666667,3.216666666666667,0.7152495514881185,60
AM1951,datasets\processed\scut_fbp5500\images\AM1951.jpg,scut_fbp5500,portrait_score,unassigned,2.95,2.95,0.7685557664227722,60
AM1952,datasets\processed\scut_fbp5500\images\AM1952.jpg,scut_fbp5500,portrait_score,unassigned,4.116666666666666,4.116666666666666,0.5848849420870964,60
AM1953,datasets\processed\scut_fbp5500\images\AM1953.jpg,scut_fbp5500,portrait_score,unassigned,3.95,3.95,0.6489887831680653,60
AM1954,datasets\processed\scut_fbp5500\images\AM1954.jpg,scut_fbp5500,portrait_score,unassigned,3.733333333333333,3.733333333333333,0.6604227374117245,60
AM1955,datasets\processed\scut_fbp5500\images\AM1955.jpg,scut_fbp5500,portrait_score,unassigned,3.0166666666666666,3.0166666666666666,0.7246662976417857,60
AM1956,datasets\processed\scut_fbp5500\images\AM1956.jpg,scut_fbp5500,portrait_score,unassigned,3.933333333333333,3.933333333333333,0.7333846926031609,60
AM1957,datasets\processed\scut_fbp5500\images\AM1957.jpg,scut_fbp5500,portrait_score,unassigned,4.466666666666667,4.466666666666667,0.5956528014598821,60
AM1958,datasets\processed\scut_fbp5500\images\AM1958.jpg,scut_fbp5500,portrait_score,unassigned,2.4166666666666665,2.4166666666666665,0.6454972243679027,60
AM1959,datasets\processed\scut_fbp5500\images\AM1959.jpg,scut_fbp5500,portrait_score,unassigned,3.75,3.75,0.7507058825091877,60
AM196,datasets\processed\scut_fbp5500\images\AM196.jpg,scut_fbp5500,portrait_score,unassigned,2.6666666666666665,2.6666666666666665,0.7954673856179906,60
AM1960,datasets\processed\scut_fbp5500\images\AM1960.jpg,scut_fbp5500,portrait_score,unassigned,3.433333333333333,3.433333333333333,0.6474635430261866,60
AM1961,datasets\processed\scut_fbp5500\images\AM1961.jpg,scut_fbp5500,portrait_score,unassigned,3.816666666666667,3.816666666666667,0.7008872504569528,60
AM1962,datasets\processed\scut_fbp5500\images\AM1962.jpg,scut_fbp5500,portrait_score,unassigned,4.1,4.1,0.6022556470526282,60
AM1963,datasets\processed\scut_fbp5500\images\AM1963.jpg,scut_fbp5500,portrait_score,unassigned,4.416666666666667,4.416666666666667,0.5612234416098719,60
AM1964,datasets\processed\scut_fbp5500\images\AM1964.jpg,scut_fbp5500,portrait_score,unassigned,4.4,4.4,0.6161663873899262,60
AM1965,datasets\processed\scut_fbp5500\images\AM1965.jpg,scut_fbp5500,portrait_score,unassigned,2.85,2.85,0.7552079071691765,60
AM1966,datasets\processed\scut_fbp5500\images\AM1966.jpg,scut_fbp5500,portrait_score,unassigned,3.783333333333333,3.783333333333333,0.6661721329614916,60
AM1967,datasets\processed\scut_fbp5500\images\AM1967.jpg,scut_fbp5500,portrait_score,unassigned,3.466666666666667,3.466666666666667,0.7694741031901114,60
AM1968,datasets\processed\scut_fbp5500\images\AM1968.jpg,scut_fbp5500,portrait_score,unassigned,4.233333333333333,4.233333333333333,0.6474635430261864,60
AM1969,datasets\processed\scut_fbp5500\images\AM1969.jpg,scut_fbp5500,portrait_score,unassigned,3.7,3.7,0.6714517537598056,60
AM197,datasets\processed\scut_fbp5500\images\AM197.jpg,scut_fbp5500,portrait_score,unassigned,2.466666666666667,2.466666666666667,0.7471225404145427,60
AM1970,datasets\processed\scut_fbp5500\images\AM1970.jpg,scut_fbp5500,portrait_score,unassigned,3.716666666666667,3.716666666666667,0.6661721329614917,60
AM1971,datasets\processed\scut_fbp5500\images\AM1971.jpg,scut_fbp5500,portrait_score,unassigned,4.066666666666666,4.066666666666666,0.6069279874259416,60
AM1972,datasets\processed\scut_fbp5500\images\AM1972.jpg,scut_fbp5500,portrait_score,unassigned,4.15,4.15,0.6593525329532484,60
AM1973,datasets\processed\scut_fbp5500\images\AM1973.jpg,scut_fbp5500,portrait_score,unassigned,3.633333333333333,3.633333333333333,0.7356921488320419,60
AM1974,datasets\processed\scut_fbp5500\images\AM1974.jpg,scut_fbp5500,portrait_score,unassigned,3.6166666666666663,3.6166666666666663,0.8653727846986958,60
AM1975,datasets\processed\scut_fbp5500\images\AM1975.jpg,scut_fbp5500,portrait_score,unassigned,4.45,4.45,0.5944660045019181,60
AM1976,datasets\processed\scut_fbp5500\images\AM1976.jpg,scut_fbp5500,portrait_score,unassigned,3.25,3.25,0.704104191057266,60
AM1977,datasets\processed\scut_fbp5500\images\AM1977.jpg,scut_fbp5500,portrait_score,unassigned,4.083333333333333,4.083333333333333,0.5906522297402891,60
AM1978,datasets\processed\scut_fbp5500\images\AM1978.jpg,scut_fbp5500,portrait_score,unassigned,3.3,3.3,0.829539386177859,60
AM1979,datasets\processed\scut_fbp5500\images\AM1979.jpg,scut_fbp5500,portrait_score,unassigned,3.183333333333333,3.183333333333333,0.5672313570575753,60
AM198,datasets\processed\scut_fbp5500\images\AM198.jpg,scut_fbp5500,portrait_score,unassigned,3.1333333333333333,3.1333333333333333,0.7240813388775701,60
AM1980,datasets\processed\scut_fbp5500\images\AM1980.jpg,scut_fbp5500,portrait_score,unassigned,3.5166666666666666,3.5166666666666666,0.6241378234003049,60
AM1981,datasets\processed\scut_fbp5500\images\AM1981.jpg,scut_fbp5500,portrait_score,unassigned,3.883333333333333,3.883333333333333,0.6402241838994507,60
AM1982,datasets\processed\scut_fbp5500\images\AM1982.jpg,scut_fbp5500,portrait_score,unassigned,3.05,3.05,0.5344092255369317,60
AM1983,datasets\processed\scut_fbp5500\images\AM1983.jpg,scut_fbp5500,portrait_score,unassigned,3.6,3.6,0.7854611082303014,60
AM1984,datasets\processed\scut_fbp5500\images\AM1984.jpg,scut_fbp5500,portrait_score,unassigned,4.183333333333334,4.183333333333334,0.6762726024084972,60
AM1985,datasets\processed\scut_fbp5500\images\AM1985.jpg,scut_fbp5500,portrait_score,unassigned,2.183333333333333,2.183333333333333,0.6762726024084974,60
AM1986,datasets\processed\scut_fbp5500\images\AM1986.jpg,scut_fbp5500,portrait_score,unassigned,2.55,2.55,0.6489887831680652,60
AM1987,datasets\processed\scut_fbp5500\images\AM1987.jpg,scut_fbp5500,portrait_score,unassigned,3.966666666666667,3.966666666666667,0.6097142055335257,60
AM1988,datasets\processed\scut_fbp5500\images\AM1988.jpg,scut_fbp5500,portrait_score,unassigned,4.3,4.3,0.6189110173988075,60
AM1989,datasets\processed\scut_fbp5500\images\AM1989.jpg,scut_fbp5500,portrait_score,unassigned,4.416666666666667,4.416666666666667,0.5906522297402891,60
AM199,datasets\processed\scut_fbp5500\images\AM199.jpg,scut_fbp5500,portrait_score,unassigned,3.883333333333333,3.883333333333333,0.6661721329614916,60
AM1990,datasets\processed\scut_fbp5500\images\AM1990.jpg,scut_fbp5500,portrait_score,unassigned,3.783333333333333,3.783333333333333,0.6402241838994507,60
AM1991,datasets\processed\scut_fbp5500\images\AM1991.jpg,scut_fbp5500,portrait_score,unassigned,3.683333333333333,3.683333333333333,0.6762726024084972,60
AM1992,datasets\processed\scut_fbp5500\images\AM1992.jpg,scut_fbp5500,portrait_score,unassigned,4.083333333333333,4.083333333333333,0.5612234416098719,60
AM1993,datasets\processed\scut_fbp5500\images\AM1993.jpg,scut_fbp5500,portrait_score,unassigned,2.9166666666666665,2.9166666666666665,0.7431419023347087,60
AM1994,datasets\processed\scut_fbp5500\images\AM1994.jpg,scut_fbp5500,portrait_score,unassigned,4.05,4.05,0.6489887831680652,60
AM1995,datasets\processed\scut_fbp5500\images\AM1995.jpg,scut_fbp5500,portrait_score,unassigned,4.133333333333334,4.133333333333334,0.747122540414543,60
AM1996,datasets\processed\scut_fbp5500\images\AM1996.jpg,scut_fbp5500,portrait_score,unassigned,3.816666666666667,3.816666666666667,0.6241378234003048,60
AM1997,datasets\processed\scut_fbp5500\images\AM1997.jpg,scut_fbp5500,portrait_score,unassigned,4.433333333333334,4.433333333333334,0.592800497113937,60
AM1998,datasets\processed\scut_fbp5500\images\AM1998.jpg,scut_fbp5500,portrait_score,unassigned,3.25,3.25,0.6796060673505359,60
AM1999,datasets\processed\scut_fbp5500\images\AM1999.jpg,scut_fbp5500,portrait_score,unassigned,3.4166666666666665,3.4166666666666665,0.6454972243679028,60
AM2,datasets\processed\scut_fbp5500\images\AM2.jpg,scut_fbp5500,portrait_score,unassigned,3.6,3.6,0.6689227362847251,60
AM20,datasets\processed\scut_fbp5500\images\AM20.jpg,scut_fbp5500,portrait_score,unassigned,1.9,1.9,0.8171882342333933,60
AM200,datasets\processed\scut_fbp5500\images\AM200.jpg,scut_fbp5500,portrait_score,unassigned,2.333333333333333,2.333333333333333,0.7287478619712606,60
AM2000,datasets\processed\scut_fbp5500\images\AM2000.jpg,scut_fbp5500,portrait_score,unassigned,3.083333333333333,3.083333333333333,0.6712413662397544,60
AM201,datasets\processed\scut_fbp5500\images\AM201.jpg,scut_fbp5500,portrait_score,unassigned,3.1166666666666667,3.1166666666666667,0.6911465950282972,60
AM202,datasets\processed\scut_fbp5500\images\AM202.jpg,scut_fbp5500,portrait_score,unassigned,2.466666666666667,2.466666666666667,0.7002824288999324,60
AM203,datasets\processed\scut_fbp5500\images\AM203.jpg,scut_fbp5500,portrait_score,unassigned,2.7666666666666666,2.7666666666666666,0.4997174342809082,60
AM204,datasets\processed\scut_fbp5500\images\AM204.jpg,scut_fbp5500,portrait_score,unassigned,2.1,2.1,0.656131446111426,60
AM205,datasets\processed\scut_fbp5500\images\AM205.jpg,scut_fbp5500,portrait_score,unassigned,4.25,4.25,0.7507058825091877,60
AM206,datasets\processed\scut_fbp5500\images\AM206.jpg,scut_fbp5500,portrait_score,unassigned,2.45,2.45,0.674599692975554,60
AM207,datasets\processed\scut_fbp5500\images\AM207.jpg,scut_fbp5500,portrait_score,unassigned,2.4166666666666665,2.4166666666666665,0.6454972243679028,60
AM208,datasets\processed\scut_fbp5500\images\AM208.jpg,scut_fbp5500,portrait_score,unassigned,4.216666666666667,4.216666666666667,0.6911465950282971,60
AM209,datasets\processed\scut_fbp5500\images\AM209.jpg,scut_fbp5500,portrait_score,unassigned,3.716666666666667,3.716666666666667,0.6402241838994506,60
AM21,datasets\processed\scut_fbp5500\images\AM21.jpg,scut_fbp5500,portrait_score,unassigned,4.05,4.05,0.6223247830459754,60
AM210,datasets\processed\scut_fbp5500\images\AM210.jpg,scut_fbp5500,portrait_score,unassigned,3.9,3.9,0.7059072777254551,60
AM211,datasets\processed\scut_fbp5500\images\AM211.jpg,scut_fbp5500,portrait_score,unassigned,2.083333333333333,2.083333333333333,0.6960339624157418,60
AM212,datasets\processed\scut_fbp5500\images\AM212.jpg,scut_fbp5500,portrait_score,unassigned,2.566666666666667,2.566666666666667,0.5928004971139373,60
AM213,datasets\processed\scut_fbp5500\images\AM213.jpg,scut_fbp5500,portrait_score,unassigned,2.7666666666666666,2.7666666666666666,0.767268248379764,60
AM214,datasets\processed\scut_fbp5500\images\AM214.jpg,scut_fbp5500,portrait_score,unassigned,2.466666666666667,2.466666666666667,0.6234585511256955,60
AM215,datasets\processed\scut_fbp5500\images\AM215.jpg,scut_fbp5500,portrait_score,unassigned,2.216666666666667,2.216666666666667,0.6911465950282972,60
AM216,datasets\processed\scut_fbp5500\images\AM216.jpg,scut_fbp5500,portrait_score,unassigned,2.9,2.9,0.656131446111426,60
AM217,datasets\processed\scut_fbp5500\images\AM217.jpg,scut_fbp5500,portrait_score,unassigned,3.883333333333333,3.883333333333333,0.7152495514881184,60
AM218,datasets\processed\scut_fbp5500\images\AM218.jpg,scut_fbp5500,portrait_score,unassigned,4.016666666666667,4.016666666666667,0.650727537210172,60
AM219,datasets\processed\scut_fbp5500\images\AM219.jpg,scut_fbp5500,portrait_score,unassigned,2.5,2.5,0.6509445549041194,60
AM22,datasets\processed\scut_fbp5500\images\AM22.jpg,scut_fbp5500,portrait_score,unassigned,4.7,4.7,0.4621247905424446,60
AM220,datasets\processed\scut_fbp5500\images\AM220.jpg,scut_fbp5500,portrait_score,unassigned,2.1333333333333333,2.1333333333333333,0.7471225404145427,60
AM221,datasets\processed\scut_fbp5500\images\AM221.jpg,scut_fbp5500,portrait_score,unassigned,2.3666666666666667,2.3666666666666667,0.6629841797500676,60
AM222,datasets\processed\scut_fbp5500\images\AM222.jpg,scut_fbp5500,portrait_score,unassigned,1.85,1.85,0.7089022308339535,60
AM223,datasets\processed\scut_fbp5500\images\AM223.jpg,scut_fbp5500,portrait_score,unassigned,2.466666666666667,2.466666666666667,0.6756457467795108,60
AM224,datasets\processed\scut_fbp5500\images\AM224.jpg,scut_fbp5500,portrait_score,unassigned,2.683333333333333,2.683333333333333,0.6241378234003049,60
AM225,datasets\processed\scut_fbp5500\images\AM225.jpg,scut_fbp5500,portrait_score,unassigned,2.1,2.1,0.705907277725455,60
AM226,datasets\processed\scut_fbp5500\images\AM226.jpg,scut_fbp5500,portrait_score,unassigned,2.6,2.6,0.6430857812406507,60
AM227,datasets\processed\scut_fbp5500\images\AM227.jpg,scut_fbp5500,portrait_score,unassigned,2.4166666666666665,2.4166666666666665,0.6960339624157419,60
AM228,datasets\processed\scut_fbp5500\images\AM228.jpg,scut_fbp5500,portrait_score,unassigned,2.5,2.5,0.6509445549041193,60
AM229,datasets\processed\scut_fbp5500\images\AM229.jpg,scut_fbp5500,portrait_score,unassigned,2.6166666666666667,2.6166666666666667,0.6402241838994506,60
AM23,datasets\processed\scut_fbp5500\images\AM23.jpg,scut_fbp5500,portrait_score,unassigned,3.633333333333333,3.633333333333333,0.7583806715217978,60
AM230,datasets\processed\scut_fbp5500\images\AM230.jpg,scut_fbp5500,portrait_score,unassigned,2.25,2.25,0.6541911813032296,60
AM231,datasets\processed\scut_fbp5500\images\AM231.jpg,scut_fbp5500,portrait_score,unassigned,2.6,2.6,0.616166387389926,60
AM232,datasets\processed\scut_fbp5500\images\AM232.jpg,scut_fbp5500,portrait_score,unassigned,2.466666666666667,2.466666666666667,0.675645746779511,60
AM233,datasets\processed\scut_fbp5500\images\AM233.jpg,scut_fbp5500,portrait_score,unassigned,2.8,2.8,0.5461731270812971,60
AM234,datasets\processed\scut_fbp5500\images\AM234.jpg,scut_fbp5500,portrait_score,unassigned,2.566666666666667,2.566666666666667,0.6207340287621397,60
AM235,datasets\processed\scut_fbp5500\images\AM235.jpg,scut_fbp5500,portrait_score,unassigned,2.333333333333333,2.333333333333333,0.6552698154756149,60
AM236,datasets\processed\scut_fbp5500\images\AM236.jpg,scut_fbp5500,portrait_score,unassigned,1.7333333333333334,1.7333333333333334,0.6604227374117244,60
AM237,datasets\processed\scut_fbp5500\images\AM237.jpg,scut_fbp5500,portrait_score,unassigned,2.0166666666666666,2.0166666666666666,0.7246662976417857,60
AM238,datasets\processed\scut_fbp5500\images\AM238.jpg,scut_fbp5500,portrait_score,unassigned,2.2,2.2,0.7546466228796953,60
AM239,datasets\processed\scut_fbp5500\images\AM239.jpg,scut_fbp5500,portrait_score,unassigned,2.333333333333333,2.333333333333333,0.7287478619712607,60
AM24,datasets\processed\scut_fbp5500\images\AM24.jpg,scut_fbp5500,portrait_score,unassigned,3.1333333333333333,3.1333333333333333,0.6756457467795107,60
AM240,datasets\processed\scut_fbp5500\images\AM240.jpg,scut_fbp5500,portrait_score,unassigned,4.033333333333333,4.033333333333333,0.6880743620304535,60
AM241,datasets\processed\scut_fbp5500\images\AM241.jpg,scut_fbp5500,portrait_score,unassigned,3.6,3.6,0.7410482726333564,60
AM242,datasets\processed\scut_fbp5500\images\AM242.jpg,scut_fbp5500,portrait_score,unassigned,2.1166666666666667,2.1166666666666667,0.6911465950282971,60
AM243,datasets\processed\scut_fbp5500\images\AM243.jpg,scut_fbp5500,portrait_score,unassigned,2.6,2.6,0.7410482726333565,60
AM244,datasets\processed\scut_fbp5500\images\AM244.jpg,scut_fbp5500,portrait_score,unassigned,2.3,2.3,0.6457159999120147,60
AM245,datasets\processed\scut_fbp5500\images\AM245.jpg,scut_fbp5500,portrait_score,unassigned,4.516666666666667,4.516666666666667,0.5963637459756623,60
AM246,datasets\processed\scut_fbp5500\images\AM246.jpg,scut_fbp5500,portrait_score,unassigned,2.833333333333333,2.833333333333333,0.6152487898779871,60
AM247,datasets\processed\scut_fbp5500\images\AM247.jpg,scut_fbp5500,portrait_score,unassigned,3.883333333333333,3.883333333333333,0.7385663314751766,60
AM248,datasets\processed\scut_fbp5500\images\AM248.jpg,scut_fbp5500,portrait_score,unassigned,4.133333333333334,4.133333333333334,0.6500760494407539,60
AM249,datasets\processed\scut_fbp5500\images\AM249.jpg,scut_fbp5500,portrait_score,unassigned,2.433333333333333,2.433333333333333,0.6978579008061127,60
AM25,datasets\processed\scut_fbp5500\images\AM25.jpg,scut_fbp5500,portrait_score,unassigned,4.233333333333333,4.233333333333333,0.7217367628174832,60
AM250,datasets\processed\scut_fbp5500\images\AM250.jpg,scut_fbp5500,portrait_score,unassigned,2.8,2.8,0.5461731270812971,60
AM251,datasets\processed\scut_fbp5500\images\AM251.jpg,scut_fbp5500,portrait_score,unassigned,2.8833333333333333,2.8833333333333333,0.5237306419436755,60
AM252,datasets\processed\scut_fbp5500\images\AM252.jpg,scut_fbp5500,portrait_score,unassigned,2.2333333333333334,2.2333333333333334,0.7217367628174831,60
AM253,datasets\processed\scut_fbp5500\images\AM253.jpg,scut_fbp5500,portrait_score,unassigned,3.25,3.25,0.7041041910572658,60
AM254,datasets\processed\scut_fbp5500\images\AM254.jpg,scut_fbp5500,portrait_score,unassigned,2.066666666666667,2.066666666666667,0.6856066636017633,60
AM255,datasets\processed\scut_fbp5500\images\AM255.jpg,scut_fbp5500,portrait_score,unassigned,2.7666666666666666,2.7666666666666666,0.5325559305923082,60
AM256,datasets\processed\scut_fbp5500\images\AM256.jpg,scut_fbp5500,portrait_score,unassigned,2.7333333333333334,2.7333333333333334,0.5783280010825675,60
AM257,datasets\processed\scut_fbp5500\images\AM257.jpg,scut_fbp5500,portrait_score,unassigned,2.6166666666666667,2.6166666666666667,0.6131791749276648,60
AM258,datasets\processed\scut_fbp5500\images\AM258.jpg,scut_fbp5500,portrait_score,unassigned,2.25,2.25,0.7277781371744775,60
AM259,datasets\processed\scut_fbp5500\images\AM259.jpg,scut_fbp5500,portrait_score,unassigned,2.283333333333333,2.283333333333333,0.6661721329614916,60
AM26,datasets\processed\scut_fbp5500\images\AM26.jpg,scut_fbp5500,portrait_score,unassigned,1.9666666666666663,1.9666666666666663,0.6880743620304537,60
AM260,datasets\processed\scut_fbp5500\images\AM260.jpg,scut_fbp5500,portrait_score,unassigned,2.75,2.75,0.5712015287450464,60
AM261,datasets\processed\scut_fbp5500\images\AM261.jpg,scut_fbp5500,portrait_score,unassigned,2.7,2.7,0.5304299503265155,60
AM262,datasets\processed\scut_fbp5500\images\AM262.jpg,scut_fbp5500,portrait_score,unassigned,3.183333333333333,3.183333333333333,0.7008872504569529,60
AM263,datasets\processed\scut_fbp5500\images\AM263.jpg,scut_fbp5500,portrait_score,unassigned,2.25,2.25,0.6796060673505359,60
AM264,datasets\processed\scut_fbp5500\images\AM264.jpg,scut_fbp5500,portrait_score,unassigned,1.5333333333333334,1.5333333333333334,0.747122540414543,60
AM265,datasets\processed\scut_fbp5500\images\AM265.jpg,scut_fbp5500,portrait_score,unassigned,2.316666666666667,2.316666666666667,0.7917298517752697,60
AM266,datasets\processed\scut_fbp5500\images\AM266.jpg,scut_fbp5500,portrait_score,unassigned,2.8833333333333333,2.8833333333333333,0.6402241838994508,60
AM267,datasets\processed\scut_fbp5500\images\AM267.jpg,scut_fbp5500,portrait_score,unassigned,4.033333333333333,4.033333333333333,0.7583806715217979,60
AM268,datasets\processed\scut_fbp5500\images\AM268.jpg,scut_fbp5500,portrait_score,unassigned,3.0166666666666666,3.0166666666666666,0.5039392842990978,60
AM269,datasets\processed\scut_fbp5500\images\AM269.jpg,scut_fbp5500,portrait_score,unassigned,4.016666666666667,4.016666666666667,0.5963637459756623,60
AM27,datasets\processed\scut_fbp5500\images\AM27.jpg,scut_fbp5500,portrait_score,unassigned,4.05,4.05,0.7231053560389408,60
AM270,datasets\processed\scut_fbp5500\images\AM270.jpg,scut_fbp5500,portrait_score,unassigned,2.7333333333333334,2.7333333333333334,0.5783280010825675,60
AM271,datasets\processed\scut_fbp5500\images\AM271.jpg,scut_fbp5500,portrait_score,unassigned,1.9333333333333331,1.9333333333333331,0.6856066636017631,60
AM272,datasets\processed\scut_fbp5500\images\AM272.jpg,scut_fbp5500,portrait_score,unassigned,2.4833333333333334,2.4833333333333334,0.6507275372101722,60
AM273,datasets\processed\scut_fbp5500\images\AM273.jpg,scut_fbp5500,portrait_score,unassigned,2.3666666666666667,2.3666666666666667,0.7122812876724767,60
AM274,datasets\processed\scut_fbp5500\images\AM274.jpg,scut_fbp5500,portrait_score,unassigned,4.0,4.0,0.6377928041432808,60
AM275,datasets\processed\scut_fbp5500\images\AM275.jpg,scut_fbp5500,portrait_score,unassigned,2.55,2.55,0.6489887831680653,60
AM276,datasets\processed\scut_fbp5500\images\AM276.jpg,scut_fbp5500,portrait_score,unassigned,2.583333333333333,2.583333333333333,0.5906522297402891,60
AM277,datasets\processed\scut_fbp5500\images\AM277.jpg,scut_fbp5500,portrait_score,unassigned,2.55,2.55,0.6223247830459753,60
AM278,datasets\processed\scut_fbp5500\images\AM278.jpg,scut_fbp5500,portrait_score,unassigned,2.5166666666666666,2.5166666666666666,0.5672313570575753,60
AM279,datasets\processed\scut_fbp5500\images\AM279.jpg,scut_fbp5500,portrait_score,unassigned,2.35,2.35,0.6845758305670823,60
AM28,datasets\processed\scut_fbp5500\images\AM28.jpg,scut_fbp5500,portrait_score,unassigned,4.233333333333333,4.233333333333333,0.6207340287621399,60
AM280,datasets\processed\scut_fbp5500\images\AM280.jpg,scut_fbp5500,portrait_score,unassigned,2.283333333333333,2.283333333333333,0.7611691868917491,60
AM281,datasets\processed\scut_fbp5500\images\AM281.jpg,scut_fbp5500,portrait_score,unassigned,2.25,2.25,0.6541911813032298,60
AM282,datasets\processed\scut_fbp5500\images\AM282.jpg,scut_fbp5500,portrait_score,unassigned,1.6666666666666667,1.6666666666666667,0.7287478619712606,60
AM283,datasets\processed\scut_fbp5500\images\AM283.jpg,scut_fbp5500,portrait_score,unassigned,2.7333333333333334,2.7333333333333334,0.6069279874259417,60
AM284,datasets\processed\scut_fbp5500\images\AM284.jpg,scut_fbp5500,portrait_score,unassigned,1.7166666666666666,1.7166666666666666,0.761169186891749,60
AM285,datasets\processed\scut_fbp5500\images\AM285.jpg,scut_fbp5500,portrait_score,unassigned,2.8833333333333333,2.8833333333333333,0.6131791749276649,60
AM286,datasets\processed\scut_fbp5500\images\AM286.jpg,scut_fbp5500,portrait_score,unassigned,1.9166666666666667,1.9166666666666667,0.7199733202840949,60
AM287,datasets\processed\scut_fbp5500\images\AM287.jpg,scut_fbp5500,portrait_score,unassigned,2.433333333333333,2.433333333333333,0.6731324866865128,60
AM288,datasets\processed\scut_fbp5500\images\AM288.jpg,scut_fbp5500,portrait_score,unassigned,2.216666666666667,2.216666666666667,0.8044719642367519,60
AM289,datasets\processed\scut_fbp5500\images\AM289.jpg,scut_fbp5500,portrait_score,unassigned,2.4,2.4,0.6689227362847253,60
AM29,datasets\processed\scut_fbp5500\images\AM29.jpg,scut_fbp5500,portrait_score,unassigned,3.566666666666667,3.566666666666667,0.7672682483797644,60
AM290,datasets\processed\scut_fbp5500\images\AM290.jpg,scut_fbp5500,portrait_score,unassigned,2.2,2.2,0.683956585003384,60
AM291,datasets\processed\scut_fbp5500\images\AM291.jpg,scut_fbp5500,portrait_score,unassigned,2.583333333333333,2.583333333333333,0.7431419023347088,60
AM292,datasets\processed\scut_fbp5500\images\AM292.jpg,scut_fbp5500,portrait_score,unassigned,2.55,2.55,0.7231053560389408,60
AM293,datasets\processed\scut_fbp5500\images\AM293.jpg,scut_fbp5500,portrait_score,unassigned,2.15,2.15,0.7089022308339534,60
AM294,datasets\processed\scut_fbp5500\images\AM294.jpg,scut_fbp5500,portrait_score,unassigned,2.65,2.65,0.605763280945926,60
AM295,datasets\processed\scut_fbp5500\images\AM295.jpg,scut_fbp5500,portrait_score,unassigned,2.55,2.55,0.6489887831680652,60
AM296,datasets\processed\scut_fbp5500\images\AM296.jpg,scut_fbp5500,portrait_score,unassigned,1.95,1.95,0.7231053560389409,60
AM297,datasets\processed\scut_fbp5500\images\AM297.jpg,scut_fbp5500,portrait_score,unassigned,2.1666666666666665,2.1666666666666665,0.6929833971319694,60
AM298,datasets\processed\scut_fbp5500\images\AM298.jpg,scut_fbp5500,portrait_score,unassigned,1.95,1.95,0.6992732304667879,60
AM299,datasets\processed\scut_fbp5500\images\AM299.jpg,scut_fbp5500,portrait_score,unassigned,2.816666666666667,2.816666666666667,0.5672313570575753,60
AM3,datasets\processed\scut_fbp5500\images\AM3.jpg,scut_fbp5500,portrait_score,unassigned,4.05,4.05,0.6489887831680654,60
AM30,datasets\processed\scut_fbp5500\images\AM30.jpg,scut_fbp5500,portrait_score,unassigned,4.1,4.1,0.7745966692414834,60
AM300,datasets\processed\scut_fbp5500\images\AM300.jpg,scut_fbp5500,portrait_score,unassigned,2.433333333333333,2.433333333333333,0.767268248379764,60
AM301,datasets\processed\scut_fbp5500\images\AM301.jpg,scut_fbp5500,portrait_score,unassigned,2.6166666666666667,2.6166666666666667,0.6402241838994507,60
AM302,datasets\processed\scut_fbp5500\images\AM302.jpg,scut_fbp5500,portrait_score,unassigned,2.316666666666667,2.316666666666667,0.7246662976417856,60
AM303,datasets\processed\scut_fbp5500\images\AM303.jpg,scut_fbp5500,portrait_score,unassigned,2.033333333333333,2.033333333333333,0.6880743620304537,60
AM304,datasets\processed\scut_fbp5500\images\AM304.jpg,scut_fbp5500,portrait_score,unassigned,4.183333333333334,4.183333333333334,0.7700245795475266,60
AM305,datasets\processed\scut_fbp5500\images\AM305.jpg,scut_fbp5500,portrait_score,unassigned,4.216666666666667,4.216666666666667,0.5848849420870964,60
AM306,datasets\processed\scut_fbp5500\images\AM306.jpg,scut_fbp5500,portrait_score,unassigned,3.066666666666667,3.066666666666667,0.4824607357929978,60
AM307,datasets\processed\scut_fbp5500\images\AM307.jpg,scut_fbp5500,portrait_score,unassigned,4.2,4.2,0.6839565850033841,60
AM308,datasets\processed\scut_fbp5500\images\AM308.jpg,scut_fbp5500,portrait_score,unassigned,3.8666666666666663,3.8666666666666663,0.675645746779511,60
AM309,datasets\processed\scut_fbp5500\images\AM309.jpg,scut_fbp5500,portrait_score,unassigned,2.65,2.65,0.6593525329532484,60
AM31,datasets\processed\scut_fbp5500\images\AM31.jpg,scut_fbp5500,portrait_score,unassigned,3.883333333333333,3.883333333333333,0.7385663314751767,60
AM310,datasets\processed\scut_fbp5500\images\AM310.jpg,scut_fbp5500,portrait_score,unassigned,3.583333333333333,3.583333333333333,0.5612234416098719,60
AM311,datasets\processed\scut_fbp5500\images\AM311.jpg,scut_fbp5500,portrait_score,unassigned,2.3666666666666667,2.3666666666666667,0.6880743620304538,60
AM312,datasets\processed\scut_fbp5500\images\AM312.jpg,scut_fbp5500,portrait_score,unassigned,3.2333333333333334,3.2333333333333334,0.744850494990106,60
AM313,datasets\processed\scut_fbp5500\images\AM313.jpg,scut_fbp5500,portrait_score,unassigned,2.4166666666666665,2.4166666666666665,0.618682763281733,60
AM314,datasets\processed\scut_fbp5500\images\AM314.jpg,scut_fbp5500,portrait_score,unassigned,2.8833333333333333,2.8833333333333333,0.5848849420870964,60
AM315,datasets\processed\scut_fbp5500\images\AM315.jpg,scut_fbp5500,portrait_score,unassigned,3.0,3.0,0.6377928041432807,60
AM316,datasets\processed\scut_fbp5500\images\AM316.jpg,scut_fbp5500,portrait_score,unassigned,2.683333333333333,2.683333333333333,0.6241378234003048,60
AM317,datasets\processed\scut_fbp5500\images\AM317.jpg,scut_fbp5500,portrait_score,unassigned,2.55,2.55,0.699273230466788,60
AM318,datasets\processed\scut_fbp5500\images\AM318.jpg,scut_fbp5500,portrait_score,unassigned,3.566666666666667,3.566666666666667,0.6207340287621397,60
AM319,datasets\processed\scut_fbp5500\images\AM319.jpg,scut_fbp5500,portrait_score,unassigned,2.95,2.95,0.6992732304667879,60
AM32,datasets\processed\scut_fbp5500\images\AM32.jpg,scut_fbp5500,portrait_score,unassigned,3.683333333333333,3.683333333333333,0.5672313570575752,60
AM320,datasets\processed\scut_fbp5500\images\AM320.jpg,scut_fbp5500,portrait_score,unassigned,4.316666666666666,4.316666666666666,0.5963637459756624,60
AM321,datasets\processed\scut_fbp5500\images\AM321.jpg,scut_fbp5500,portrait_score,unassigned,3.9,3.9,0.7295227137180229,60
AM322,datasets\processed\scut_fbp5500\images\AM322.jpg,scut_fbp5500,portrait_score,unassigned,4.233333333333333,4.233333333333333,0.6474635430261865,60
AM323,datasets\processed\scut_fbp5500\images\AM323.jpg,scut_fbp5500,portrait_score,unassigned,2.533333333333333,2.533333333333333,0.6756457467795108,60
AM324,datasets\processed\scut_fbp5500\images\AM324.jpg,scut_fbp5500,portrait_score,unassigned,2.683333333333333,2.683333333333333,0.7008872504569529,60
AM325,datasets\processed\scut_fbp5500\images\AM325.jpg,scut_fbp5500,portrait_score,unassigned,3.65,3.65,0.7773270149271754,60
AM326,datasets\processed\scut_fbp5500\images\AM326.jpg,scut_fbp5500,portrait_score,unassigned,2.216666666666667,2.216666666666667,0.7152495514881186,60
AM327,datasets\processed\scut_fbp5500\images\AM327.jpg,scut_fbp5500,portrait_score,unassigned,3.1,3.1,0.6814739757767843,60
AM328,datasets\processed\scut_fbp5500\images\AM328.jpg,scut_fbp5500,portrait_score,unassigned,2.716666666666667,2.716666666666667,0.6402241838994507,60
AM329,datasets\processed\scut_fbp5500\images\AM329.jpg,scut_fbp5500,portrait_score,unassigned,2.566666666666667,2.566666666666667,0.6474635430261868,60
AM33,datasets\processed\scut_fbp5500\images\AM33.jpg,scut_fbp5500,portrait_score,unassigned,2.433333333333333,2.433333333333333,0.6207340287621395,60
AM330,datasets\processed\scut_fbp5500\images\AM330.jpg,scut_fbp5500,portrait_score,unassigned,2.783333333333333,2.783333333333333,0.5848849420870964,60
AM331,datasets\processed\scut_fbp5500\images\AM331.jpg,scut_fbp5500,portrait_score,unassigned,2.3833333333333333,2.3833333333333333,0.7152495514881185,60
AM332,datasets\processed\scut_fbp5500\images\AM332.jpg,scut_fbp5500,portrait_score,unassigned,2.6666666666666665,2.6666666666666665,0.5420196589926082,60
AM333,datasets\processed\scut_fbp5500\images\AM333.jpg,scut_fbp5500,portrait_score,unassigned,2.6,2.6,0.643085781240651,60
AM334,datasets\processed\scut_fbp5500\images\AM334.jpg,scut_fbp5500,portrait_score,unassigned,2.533333333333333,2.533333333333333,0.6756457467795111,60
AM335,datasets\processed\scut_fbp5500\images\AM335.jpg,scut_fbp5500,portrait_score,unassigned,2.783333333333333,2.783333333333333,0.5551505114790766,60
AM336,datasets\processed\scut_fbp5500\images\AM336.jpg,scut_fbp5500,portrait_score,unassigned,2.65,2.65,0.6331251516304804,60
AM337,datasets\processed\scut_fbp5500\images\AM337.jpg,scut_fbp5500,portrait_score,unassigned,3.8,3.8,0.8192596906219458,60
AM338,datasets\processed\scut_fbp5500\images\AM338.jpg,scut_fbp5500,portrait_score,unassigned,3.683333333333333,3.683333333333333,0.6762726024084974,60
AM339,datasets\processed\scut_fbp5500\images\AM339.jpg,scut_fbp5500,portrait_score,unassigned,2.4166666666666665,2.4166666666666665,0.6454972243679028,60
AM34,datasets\processed\scut_fbp5500\images\AM34.jpg,scut_fbp5500,portrait_score,unassigned,4.25,4.25,0.7507058825091878,60
AM340,datasets\processed\scut_fbp5500\images\AM340.jpg,scut_fbp5500,portrait_score,unassigned,2.7,2.7,0.5614750549117349,60
AM341,datasets\processed\scut_fbp5500\images\AM341.jpg,scut_fbp5500,portrait_score,unassigned,2.25,2.25,0.6796060673505359,60
AM342,datasets\processed\scut_fbp5500\images\AM342.jpg,scut_fbp5500,portrait_score,unassigned,2.75,2.75,0.5407151573203144,60
AM343,datasets\processed\scut_fbp5500\images\AM343.jpg,scut_fbp5500,portrait_score,unassigned,2.833333333333333,2.833333333333333,0.6929833971319694,60
AM344,datasets\processed\scut_fbp5500\images\AM344.jpg,scut_fbp5500,portrait_score,unassigned,2.1333333333333333,2.1333333333333333,0.7911944770819446,60
AM345,datasets\processed\scut_fbp5500\images\AM345.jpg,scut_fbp5500,portrait_score,unassigned,2.25,2.25,0.6796060673505359,60
AM346,datasets\processed\scut_fbp5500\images\AM346.jpg,scut_fbp5500,portrait_score,unassigned,2.583333333333333,2.583333333333333,0.6186827632817331,60
AM347,datasets\processed\scut_fbp5500\images\AM347.jpg,scut_fbp5500,portrait_score,unassigned,2.433333333333333,2.433333333333333,0.6978579008061128,60
AM348,datasets\processed\scut_fbp5500\images\AM348.jpg,scut_fbp5500,portrait_score,unassigned,2.066666666666667,2.066666666666667,0.7098977407062844,60
AM349,datasets\processed\scut_fbp5500\images\AM349.jpg,scut_fbp5500,portrait_score,unassigned,2.716666666666667,2.716666666666667,0.6131791749276647,60
AM35,datasets\processed\scut_fbp5500\images\AM35.jpg,scut_fbp5500,portrait_score,unassigned,3.15,3.15,0.6593525329532482,60
AM350,datasets\processed\scut_fbp5500\images\AM350.jpg,scut_fbp5500,portrait_score,unassigned,2.35,2.35,0.6845758305670819,60
AM351,datasets\processed\scut_fbp5500\images\AM351.jpg,scut_fbp5500,portrait_score,unassigned,3.0,3.0,0.6106401198187058,60
AM352,datasets\processed\scut_fbp5500\images\AM352.jpg,scut_fbp5500,portrait_score,unassigned,2.933333333333333,2.933333333333333,0.4824607357929978,60
AM353,datasets\processed\scut_fbp5500\images\AM353.jpg,scut_fbp5500,portrait_score,unassigned,2.533333333333333,2.533333333333333,0.7002824288999322,60
AM354,datasets\processed\scut_fbp5500\images\AM354.jpg,scut_fbp5500,portrait_score,unassigned,2.6166666666666667,2.6166666666666667,0.6402241838994506,60
AM355,datasets\processed\scut_fbp5500\images\AM355.jpg,scut_fbp5500,portrait_score,unassigned,2.65,2.65,0.684575830567082,60
AM356,datasets\processed\scut_fbp5500\images\AM356.jpg,scut_fbp5500,portrait_score,unassigned,2.65,2.65,0.684575830567082,60
AM357,datasets\processed\scut_fbp5500\images\AM357.jpg,scut_fbp5500,portrait_score,unassigned,4.166666666666667,4.166666666666667,0.8060505654884772,60
AM358,datasets\processed\scut_fbp5500\images\AM358.jpg,scut_fbp5500,portrait_score,unassigned,2.5,2.5,0.7478783550139055,60
AM359,datasets\processed\scut_fbp5500\images\AM359.jpg,scut_fbp5500,portrait_score,unassigned,2.3666666666666667,2.3666666666666667,0.6369063647932279,60
AM36,datasets\processed\scut_fbp5500\images\AM36.jpg,scut_fbp5500,portrait_score,unassigned,4.366666666666666,4.366666666666666,0.7122812876724768,60
AM360,datasets\processed\scut_fbp5500\images\AM360.jpg,scut_fbp5500,portrait_score,unassigned,2.75,2.75,0.5407151573203143,60
AM361,datasets\processed\scut_fbp5500\images\AM361.jpg,scut_fbp5500,portrait_score,unassigned,2.6666666666666665,2.6666666666666665,0.6552698154756147,60
AM362,datasets\processed\scut_fbp5500\images\AM362.jpg,scut_fbp5500,portrait_score,unassigned,2.5,2.5,0.6509445549041194,60
AM363,datasets\processed\scut_fbp5500\images\AM363.jpg,scut_fbp5500,portrait_score,unassigned,2.45,2.45,0.6223247830459755,60
AM364,datasets\processed\scut_fbp5500\images\AM364.jpg,scut_fbp5500,portrait_score,unassigned,2.466666666666667,2.466666666666667,0.6756457467795107,60
AM365,datasets\processed\scut_fbp5500\images\AM365.jpg,scut_fbp5500,portrait_score,unassigned,2.783333333333333,2.783333333333333,0.6402241838994506,60
AM366,datasets\processed\scut_fbp5500\images\AM366.jpg,scut_fbp5500,portrait_score,unassigned,2.1666666666666665,2.1666666666666665,0.6422066478409215,60
AM367,datasets\processed\scut_fbp5500\images\AM367.jpg,scut_fbp5500,portrait_score,unassigned,2.9,2.9,0.5734226707429991,60
AM368,datasets\processed\scut_fbp5500\images\AM368.jpg,scut_fbp5500,portrait_score,unassigned,2.4833333333333334,2.4833333333333334,0.6507275372101722,60
AM369,datasets\processed\scut_fbp5500\images\AM369.jpg,scut_fbp5500,portrait_score,unassigned,2.8,2.8,0.6050633809075329,60
AM37,datasets\processed\scut_fbp5500\images\AM37.jpg,scut_fbp5500,portrait_score,unassigned,3.066666666666667,3.066666666666667,0.5783280010825674,60
AM370,datasets\processed\scut_fbp5500\images\AM370.jpg,scut_fbp5500,portrait_score,unassigned,2.583333333333333,2.583333333333333,0.6454972243679029,60
AM371,datasets\processed\scut_fbp5500\images\AM371.jpg,scut_fbp5500,portrait_score,unassigned,2.716666666666667,2.716666666666667,0.5848849420870963,60
AM372,datasets\processed\scut_fbp5500\images\AM372.jpg,scut_fbp5500,portrait_score,unassigned,2.1333333333333333,2.1333333333333333,0.7002824288999322,60
AM373,datasets\processed\scut_fbp5500\images\AM373.jpg,scut_fbp5500,portrait_score,unassigned,2.4166666666666665,2.4166666666666665,0.6712413662397547,60
AM374,datasets\processed\scut_fbp5500\images\AM374.jpg,scut_fbp5500,portrait_score,unassigned,2.55,2.55,0.6223247830459755,60
AM375,datasets\processed\scut_fbp5500\images\AM375.jpg,scut_fbp5500,portrait_score,unassigned,2.816666666666667,2.816666666666667,0.503939284299098,60
AM376,datasets\processed\scut_fbp5500\images\AM376.jpg,scut_fbp5500,portrait_score,unassigned,3.283333333333333,3.283333333333333,0.7385663314751766,60
AM377,datasets\processed\scut_fbp5500\images\AM377.jpg,scut_fbp5500,portrait_score,unassigned,2.6666666666666665,2.6666666666666665,0.5420196589926081,60
AM378,datasets\processed\scut_fbp5500\images\AM378.jpg,scut_fbp5500,portrait_score,unassigned,2.5,2.5,0.6509445549041193,60
AM379,datasets\processed\scut_fbp5500\images\AM379.jpg,scut_fbp5500,portrait_score,unassigned,2.2,2.2,0.731842346642351,60
AM38,datasets\processed\scut_fbp5500\images\AM38.jpg,scut_fbp5500,portrait_score,unassigned,3.1,3.1,0.5734226707429991,60
AM380,datasets\processed\scut_fbp5500\images\AM380.jpg,scut_fbp5500,portrait_score,unassigned,2.6,2.6,0.643085781240651,60
AM381,datasets\processed\scut_fbp5500\images\AM381.jpg,scut_fbp5500,portrait_score,unassigned,3.066666666666667,3.066666666666667,0.6856066636017631,60
AM382,datasets\processed\scut_fbp5500\images\AM382.jpg,scut_fbp5500,portrait_score,unassigned,2.466666666666667,2.466666666666667,0.6234585511256954,60
AM383,datasets\processed\scut_fbp5500\images\AM383.jpg,scut_fbp5500,portrait_score,unassigned,2.8833333333333333,2.8833333333333333,0.6911465950282971,60
AM384,datasets\processed\scut_fbp5500\images\AM384.jpg,scut_fbp5500,portrait_score,unassigned,3.2,3.2,0.7767817135518025,60
AM385,datasets\processed\scut_fbp5500\images\AM385.jpg,scut_fbp5500,portrait_score,unassigned,2.45,2.45,0.6223247830459755,60
AM386,datasets\processed\scut_fbp5500\images\AM386.jpg,scut_fbp5500,portrait_score,unassigned,2.6333333333333333,2.6333333333333333,0.6629841797500677,60
AM387,datasets\processed\scut_fbp5500\images\AM387.jpg,scut_fbp5500,portrait_score,unassigned,2.1,2.1,0.6814739757767843,60
AM388,datasets\processed\scut_fbp5500\images\AM388.jpg,scut_fbp5500,portrait_score,unassigned,2.6666666666666665,2.6666666666666665,0.5724365605193373,60
AM389,datasets\processed\scut_fbp5500\images\AM389.jpg,scut_fbp5500,portrait_score,unassigned,1.8833333333333333,1.8833333333333333,0.6402241838994505,60
AM39,datasets\processed\scut_fbp5500\images\AM39.jpg,scut_fbp5500,portrait_score,unassigned,3.683333333333333,3.683333333333333,0.7246662976417856,60
AM390,datasets\processed\scut_fbp5500\images\AM390.jpg,scut_fbp5500,portrait_score,unassigned,4.683333333333334,4.683333333333334,0.4691017983072987,60
AM391,datasets\processed\scut_fbp5500\images\AM391.jpg,scut_fbp5500,portrait_score,unassigned,2.9166666666666665,2.9166666666666665,0.6454972243679029,60
AM392,datasets\processed\scut_fbp5500\images\AM392.jpg,scut_fbp5500,portrait_score,unassigned,2.5,2.5,0.7010887416930995,60
AM393,datasets\processed\scut_fbp5500\images\AM393.jpg,scut_fbp5500,portrait_score,unassigned,2.7333333333333334,2.7333333333333334,0.6069279874259415,60
AM394,datasets\processed\scut_fbp5500\images\AM394.jpg,scut_fbp5500,portrait_score,unassigned,1.8166666666666669,1.8166666666666669,0.7246662976417857,60
AM395,datasets\processed\scut_fbp5500\images\AM395.jpg,scut_fbp5500,portrait_score,unassigned,2.466666666666667,2.466666666666667,0.6756457467795107,60
AM396,datasets\processed\scut_fbp5500\images\AM396.jpg,scut_fbp5500,portrait_score,unassigned,2.583333333333333,2.583333333333333,0.6712413662397547,60
AM397,datasets\processed\scut_fbp5500\images\AM397.jpg,scut_fbp5500,portrait_score,unassigned,2.216666666666667,2.216666666666667,0.7385663314751766,60
AM398,datasets\processed\scut_fbp5500\images\AM398.jpg,scut_fbp5500,portrait_score,unassigned,2.75,2.75,0.6541911813032296,60
AM399,datasets\processed\scut_fbp5500\images\AM399.jpg,scut_fbp5500,portrait_score,unassigned,2.8833333333333333,2.8833333333333333,0.5551505114790765,60
AM4,datasets\processed\scut_fbp5500\images\AM4.jpg,scut_fbp5500,portrait_score,unassigned,3.316666666666667,3.316666666666667,0.5672313570575753,60
AM40,datasets\processed\scut_fbp5500\images\AM40.jpg,scut_fbp5500,portrait_score,unassigned,4.2,4.2,0.6587095756740945,60
AM400,datasets\processed\scut_fbp5500\images\AM400.jpg,scut_fbp5500,portrait_score,unassigned,2.6333333333333333,2.6333333333333333,0.5812513288970896,60
AM401,datasets\processed\scut_fbp5500\images\AM401.jpg,scut_fbp5500,portrait_score,unassigned,2.466666666666667,2.466666666666667,0.6234585511256951,60
AM402,datasets\processed\scut_fbp5500\images\AM402.jpg,scut_fbp5500,portrait_score,unassigned,2.6,2.6,0.6430857812406509,60
AM403,datasets\processed\scut_fbp5500\images\AM403.jpg,scut_fbp5500,portrait_score,unassigned,2.8,2.8,0.7546466228796952,60
AM404,datasets\processed\scut_fbp5500\images\AM404.jpg,scut_fbp5500,portrait_score,unassigned,2.6333333333333333,2.6333333333333333,0.6880743620304537,60
AM405,datasets\processed\scut_fbp5500\images\AM405.jpg,scut_fbp5500,portrait_score,unassigned,2.966666666666667,2.966666666666667,0.7583806715217979,60
AM406,datasets\processed\scut_fbp5500\images\AM406.jpg,scut_fbp5500,portrait_score,unassigned,2.8,2.8,0.632455532033676,60
AM407,datasets\processed\scut_fbp5500\images\AM407.jpg,scut_fbp5500,portrait_score,unassigned,2.3833333333333333,2.3833333333333333,0.7831199372753781,60
AM408,datasets\processed\scut_fbp5500\images\AM408.jpg,scut_fbp5500,portrait_score,unassigned,2.3,2.3,0.6457159999120147,60
AM409,datasets\processed\scut_fbp5500\images\AM409.jpg,scut_fbp5500,portrait_score,unassigned,2.566666666666667,2.566666666666667,0.6731324866865129,60
AM41,datasets\processed\scut_fbp5500\images\AM41.jpg,scut_fbp5500,portrait_score,unassigned,4.266666666666667,4.266666666666667,0.634239613242227,60
AM410,datasets\processed\scut_fbp5500\images\AM410.jpg,scut_fbp5500,portrait_score,unassigned,2.466666666666667,2.466666666666667,0.6234585511256954,60
AM411,datasets\processed\scut_fbp5500\images\AM411.jpg,scut_fbp5500,portrait_score,unassigned,2.816666666666667,2.816666666666667,0.6241378234003048,60
AM412,datasets\processed\scut_fbp5500\images\AM412.jpg,scut_fbp5500,portrait_score,unassigned,2.7,2.7,0.720169471580551,60
AM413,datasets\processed\scut_fbp5500\images\AM413.jpg,scut_fbp5500,portrait_score,unassigned,3.25,3.25,0.6277481952265332,60
AM414,datasets\processed\scut_fbp5500\images\AM414.jpg,scut_fbp5500,portrait_score,unassigned,2.816666666666667,2.816666666666667,0.5365194379932872,60
AM415,datasets\processed\scut_fbp5500\images\AM415.jpg,scut_fbp5500,portrait_score,unassigned,2.7666666666666666,2.7666666666666666,0.6207340287621397,60
AM416,datasets\processed\scut_fbp5500\images\AM416.jpg,scut_fbp5500,portrait_score,unassigned,2.75,2.75,0.5407151573203143,60
AM417,datasets\processed\scut_fbp5500\images\AM417.jpg,scut_fbp5500,portrait_score,unassigned,2.966666666666667,2.966666666666667,0.5812513288970895,60
AM418,datasets\processed\scut_fbp5500\images\AM418.jpg,scut_fbp5500,portrait_score,unassigned,1.95,1.95,0.7231053560389409,60
AM419,datasets\processed\scut_fbp5500\images\AM419.jpg,scut_fbp5500,portrait_score,unassigned,2.583333333333333,2.583333333333333,0.6960339624157417,60
AM42,datasets\processed\scut_fbp5500\images\AM42.jpg,scut_fbp5500,portrait_score,unassigned,3.566666666666667,3.566666666666667,0.6474635430261867,60
AM420,datasets\processed\scut_fbp5500\images\AM420.jpg,scut_fbp5500,portrait_score,unassigned,2.3666666666666667,2.3666666666666667,0.7804098589988463,60
AM421,datasets\processed\scut_fbp5500\images\AM421.jpg,scut_fbp5500,portrait_score,unassigned,3.8,3.8,0.8396932450381579,60
AM422,datasets\processed\scut_fbp5500\images\AM422.jpg,scut_fbp5500,portrait_score,unassigned,2.5,2.5,0.6764814252025461,60
AM423,datasets\processed\scut_fbp5500\images\AM423.jpg,scut_fbp5500,portrait_score,unassigned,2.5,2.5,0.7248611789946813,60
AM424,datasets\processed\scut_fbp5500\images\AM424.jpg,scut_fbp5500,portrait_score,unassigned,2.9166666666666665,2.9166666666666665,0.590652229740289,60
AM425,datasets\processed\scut_fbp5500\images\AM425.jpg,scut_fbp5500,portrait_score,unassigned,2.7,2.7,0.6189110173988076,60
AM426,datasets\processed\scut_fbp5500\images\AM426.jpg,scut_fbp5500,portrait_score,unassigned,2.6166666666666667,2.6166666666666667,0.6131791749276648,60
AM427,datasets\processed\scut_fbp5500\images\AM427.jpg,scut_fbp5500,portrait_score,unassigned,2.65,2.65,0.6331251516304804,60
AM428,datasets\processed\scut_fbp5500\images\AM428.jpg,scut_fbp5500,portrait_score,unassigned,2.6666666666666665,2.6666666666666665,0.6552698154756148,60
AM429,datasets\processed\scut_fbp5500\images\AM429.jpg,scut_fbp5500,portrait_score,unassigned,2.5166666666666666,2.5166666666666666,0.7008872504569531,60
AM43,datasets\processed\scut_fbp5500\images\AM43.jpg,scut_fbp5500,portrait_score,unassigned,2.65,2.65,0.7089022308339537,60
AM430,datasets\processed\scut_fbp5500\images\AM430.jpg,scut_fbp5500,portrait_score,unassigned,2.8833333333333333,2.8833333333333333,0.6131791749276649,60
AM431,datasets\processed\scut_fbp5500\images\AM431.jpg,scut_fbp5500,portrait_score,unassigned,3.083333333333333,3.083333333333333,0.7199733202840949,60
AM432,datasets\processed\scut_fbp5500\images\AM432.jpg,scut_fbp5500,portrait_score,unassigned,2.55,2.55,0.6489887831680653,60
AM433,datasets\processed\scut_fbp5500\images\AM433.jpg,scut_fbp5500,portrait_score,unassigned,2.2,2.2,0.6324555320336759,60
AM434,datasets\processed\scut_fbp5500\images\AM434.jpg,scut_fbp5500,portrait_score,unassigned,3.083333333333333,3.083333333333333,0.5906522297402891,60
AM435,datasets\processed\scut_fbp5500\images\AM435.jpg,scut_fbp5500,portrait_score,unassigned,2.183333333333333,2.183333333333333,0.6762726024084974,60
AM436,datasets\processed\scut_fbp5500\images\AM436.jpg,scut_fbp5500,portrait_score,unassigned,3.1666666666666665,3.1666666666666665,0.6422066478409216,60
AM437,datasets\processed\scut_fbp5500\images\AM437.jpg,scut_fbp5500,portrait_score,unassigned,2.333333333333333,2.333333333333333,0.6552698154756149,60
AM438,datasets\processed\scut_fbp5500\images\AM438.jpg,scut_fbp5500,portrait_score,unassigned,2.6166666666666667,2.6166666666666667,0.6402241838994506,60
AM439,datasets\processed\scut_fbp5500\images\AM439.jpg,scut_fbp5500,portrait_score,unassigned,2.7,2.7,0.5614750549117348,60
AM44,datasets\processed\scut_fbp5500\images\AM44.jpg,scut_fbp5500,portrait_score,unassigned,4.2,4.2,0.6324555320336759,60
AM440,datasets\processed\scut_fbp5500\images\AM440.jpg,scut_fbp5500,portrait_score,unassigned,1.7666666666666666,1.7666666666666666,0.7217367628174831,60
AM441,datasets\processed\scut_fbp5500\images\AM441.jpg,scut_fbp5500,portrait_score,unassigned,2.066666666666667,2.066666666666667,0.7098977407062844,60
AM442,datasets\processed\scut_fbp5500\images\AM442.jpg,scut_fbp5500,portrait_score,unassigned,2.6,2.6,0.6161663873899261,60
AM443,datasets\processed\scut_fbp5500\images\AM443.jpg,scut_fbp5500,portrait_score,unassigned,2.083333333333333,2.083333333333333,0.6960339624157416,60
AM444,datasets\processed\scut_fbp5500\images\AM444.jpg,scut_fbp5500,portrait_score,unassigned,2.55,2.55,0.6489887831680653,60
AM445,datasets\processed\scut_fbp5500\images\AM445.jpg,scut_fbp5500,portrait_score,unassigned,2.433333333333333,2.433333333333333,0.6978579008061127,60
AM446,datasets\processed\scut_fbp5500\images\AM446.jpg,scut_fbp5500,portrait_score,unassigned,2.85,2.85,0.684575830567082,60
AM447,datasets\processed\scut_fbp5500\images\AM447.jpg,scut_fbp5500,portrait_score,unassigned,2.4166666666666665,2.4166666666666665,0.6712413662397547,60
AM448,datasets\processed\scut_fbp5500\images\AM448.jpg,scut_fbp5500,portrait_score,unassigned,2.05,2.05,0.6745996929755541,60
AM449,datasets\processed\scut_fbp5500\images\AM449.jpg,scut_fbp5500,portrait_score,unassigned,2.3666666666666667,2.3666666666666667,0.7356921488320419,60
AM45,datasets\processed\scut_fbp5500\images\AM45.jpg,scut_fbp5500,portrait_score,unassigned,4.266666666666667,4.266666666666667,0.6604227374117243,60
AM450,datasets\processed\scut_fbp5500\images\AM450.jpg,scut_fbp5500,portrait_score,unassigned,2.1,2.1,0.7523972985831715,60
AM451,datasets\processed\scut_fbp5500\images\AM451.jpg,scut_fbp5500,portrait_score,unassigned,2.6666666666666665,2.6666666666666665,0.6288721857330793,60
AM452,datasets\processed\scut_fbp5500\images\AM452.jpg,scut_fbp5500,portrait_score,unassigned,2.3,2.3,0.6714517537598057,60
AM453,datasets\processed\scut_fbp5500\images\AM453.jpg,scut_fbp5500,portrait_score,unassigned,2.7333333333333334,2.7333333333333334,0.7098977407062844,60
AM454,datasets\processed\scut_fbp5500\images\AM454.jpg,scut_fbp5500,portrait_score,unassigned,2.4,2.4,0.6937981927069209,60
AM455,datasets\processed\scut_fbp5500\images\AM455.jpg,scut_fbp5500,portrait_score,unassigned,3.433333333333333,3.433333333333333,0.6207340287621397,60
AM456,datasets\processed\scut_fbp5500\images\AM456.jpg,scut_fbp5500,portrait_score,unassigned,3.1166666666666667,3.1166666666666667,0.6131791749276648,60
AM457,datasets\processed\scut_fbp5500\images\AM457.jpg,scut_fbp5500,portrait_score,unassigned,2.6,2.6,0.6937981927069209,60
AM458,datasets\processed\scut_fbp5500\images\AM458.jpg,scut_fbp5500,portrait_score,unassigned,2.5,2.5,0.6243640832675886,60
AM459,datasets\processed\scut_fbp5500\images\AM459.jpg,scut_fbp5500,portrait_score,unassigned,2.55,2.55,0.7231053560389409,60
AM46,datasets\processed\scut_fbp5500\images\AM46.jpg,scut_fbp5500,portrait_score,unassigned,3.7,3.7,0.6962368581968814,60
AM460,datasets\processed\scut_fbp5500\images\AM460.jpg,scut_fbp5500,portrait_score,unassigned,3.25,3.25,0.704104191057266,60
AM461,datasets\processed\scut_fbp5500\images\AM461.jpg,scut_fbp5500,portrait_score,unassigned,2.316666666666667,2.316666666666667,0.650727537210172,60
AM462,datasets\processed\scut_fbp5500\images\AM462.jpg,scut_fbp5500,portrait_score,unassigned,2.45,2.45,0.7903013799725017,60
AM463,datasets\processed\scut_fbp5500\images\AM463.jpg,scut_fbp5500,portrait_score,unassigned,2.933333333333333,2.933333333333333,0.6342396132422272,60
AM464,datasets\processed\scut_fbp5500\images\AM464.jpg,scut_fbp5500,portrait_score,unassigned,2.5,2.5,0.6243640832675889,60
AM465,datasets\processed\scut_fbp5500\images\AM465.jpg,scut_fbp5500,portrait_score,unassigned,1.7166666666666666,1.7166666666666666,0.6911465950282972,60
AM466,datasets\processed\scut_fbp5500\images\AM466.jpg,scut_fbp5500,portrait_score,unassigned,2.7333333333333334,2.7333333333333334,0.5783280010825674,60
AM467,datasets\processed\scut_fbp5500\images\AM467.jpg,scut_fbp5500,portrait_score,unassigned,2.35,2.35,0.684575830567082,60
AM468,datasets\processed\scut_fbp5500\images\AM468.jpg,scut_fbp5500,portrait_score,unassigned,2.1333333333333333,2.1333333333333333,0.7240813388775701,60
AM469,datasets\processed\scut_fbp5500\images\AM469.jpg,scut_fbp5500,portrait_score,unassigned,2.833333333333333,2.833333333333333,0.6422066478409215,60
AM47,datasets\processed\scut_fbp5500\images\AM47.jpg,scut_fbp5500,portrait_score,unassigned,3.0166666666666666,3.0166666666666666,0.5365194379932872,60
AM470,datasets\processed\scut_fbp5500\images\AM470.jpg,scut_fbp5500,portrait_score,unassigned,2.583333333333333,2.583333333333333,0.6454972243679027,60
AM471,datasets\processed\scut_fbp5500\images\AM471.jpg,scut_fbp5500,portrait_score,unassigned,2.4166666666666665,2.4166666666666665,0.6712413662397546,60
AM472,datasets\processed\scut_fbp5500\images\AM472.jpg,scut_fbp5500,portrait_score,unassigned,2.85,2.85,0.5150283849343992,60
AM473,datasets\processed\scut_fbp5500\images\AM473.jpg,scut_fbp5500,portrait_score,unassigned,1.9166666666666667,1.9166666666666667,0.7656096865181341,60
AM474,datasets\processed\scut_fbp5500\images\AM474.jpg,scut_fbp5500,portrait_score,unassigned,2.466666666666667,2.466666666666667,0.7240813388775701,60
AM475,datasets\processed\scut_fbp5500\images\AM475.jpg,scut_fbp5500,portrait_score,unassigned,2.6666666666666665,2.6666666666666665,0.5724365605193376,60
AM476,datasets\processed\scut_fbp5500\images\AM476.jpg,scut_fbp5500,portrait_score,unassigned,2.6666666666666665,2.6666666666666665,0.6288721857330792,60
AM477,datasets\processed\scut_fbp5500\images\AM477.jpg,scut_fbp5500,portrait_score,unassigned,3.05,3.05,0.6223247830459754,60
AM478,datasets\processed\scut_fbp5500\images\AM478.jpg,scut_fbp5500,portrait_score,unassigned,2.533333333333333,2.533333333333333,0.6500760494407536,60
AM479,datasets\processed\scut_fbp5500\images\AM479.jpg,scut_fbp5500,portrait_score,unassigned,2.183333333333333,2.183333333333333,0.7008872504569528,60
AM48,datasets\processed\scut_fbp5500\images\AM48.jpg,scut_fbp5500,portrait_score,unassigned,4.016666666666667,4.016666666666667,0.6241378234003049,60
AM480,datasets\processed\scut_fbp5500\images\AM480.jpg,scut_fbp5500,portrait_score,unassigned,2.85,2.85,0.5469483909592213,60
AM481,datasets\processed\scut_fbp5500\images\AM481.jpg,scut_fbp5500,portrait_score,unassigned,2.55,2.55,0.699273230466788,60
AM482,datasets\processed\scut_fbp5500\images\AM482.jpg,scut_fbp5500,portrait_score,unassigned,2.9,2.9,0.6297699337786186,60
AM483,datasets\processed\scut_fbp5500\images\AM483.jpg,scut_fbp5500,portrait_score,unassigned,2.033333333333333,2.033333333333333,0.7122812876724768,60
AM484,datasets\processed\scut_fbp5500\images\AM484.jpg,scut_fbp5500,portrait_score,unassigned,2.833333333333333,2.833333333333333,0.5574356135706042,60
AM485,datasets\processed\scut_fbp5500\images\AM485.jpg,scut_fbp5500,portrait_score,unassigned,2.5,2.5,0.6764814252025458,60
AM486,datasets\processed\scut_fbp5500\images\AM486.jpg,scut_fbp5500,portrait_score,unassigned,2.4166666666666665,2.4166666666666665,0.719973320284095,60
AM487,datasets\processed\scut_fbp5500\images\AM487.jpg,scut_fbp5500,portrait_score,unassigned,2.183333333333333,2.183333333333333,0.650727537210172,60
AM488,datasets\processed\scut_fbp5500\images\AM488.jpg,scut_fbp5500,portrait_score,unassigned,2.066666666666667,2.066666666666667,0.7333846926031607,60
AM489,datasets\processed\scut_fbp5500\images\AM489.jpg,scut_fbp5500,portrait_score,unassigned,2.25,2.25,0.6541911813032298,60
AM49,datasets\processed\scut_fbp5500\images\AM49.jpg,scut_fbp5500,portrait_score,unassigned,4.0,4.0,0.6106401198187057,60
AM490,datasets\processed\scut_fbp5500\images\AM490.jpg,scut_fbp5500,portrait_score,unassigned,2.566666666666667,2.566666666666667,0.6207340287621396,60
AM491,datasets\processed\scut_fbp5500\images\AM491.jpg,scut_fbp5500,portrait_score,unassigned,2.4,2.4,0.6937981927069211,60
AM492,datasets\processed\scut_fbp5500\images\AM492.jpg,scut_fbp5500,portrait_score,unassigned,2.4,2.4,0.6161663873899261,60
AM493,datasets\processed\scut_fbp5500\images\AM493.jpg,scut_fbp5500,portrait_score,unassigned,2.433333333333333,2.433333333333333,0.6731324866865128,60
AM494,datasets\processed\scut_fbp5500\images\AM494.jpg,scut_fbp5500,portrait_score,unassigned,2.5166666666666666,2.5166666666666666,0.5963637459756621,60
AM495,datasets\processed\scut_fbp5500\images\AM495.jpg,scut_fbp5500,portrait_score,unassigned,2.033333333333333,2.033333333333333,0.7122812876724768,60
AM496,datasets\processed\scut_fbp5500\images\AM496.jpg,scut_fbp5500,portrait_score,unassigned,2.4166666666666665,2.4166666666666665,0.6960339624157417,60
AM497,datasets\processed\scut_fbp5500\images\AM497.jpg,scut_fbp5500,portrait_score,unassigned,1.8666666666666667,1.8666666666666667,0.7471225404145427,60
AM498,datasets\processed\scut_fbp5500\images\AM498.jpg,scut_fbp5500,portrait_score,unassigned,2.6333333333333333,2.6333333333333333,0.5513209612012653,60
AM499,datasets\processed\scut_fbp5500\images\AM499.jpg,scut_fbp5500,portrait_score,unassigned,1.8666666666666667,1.8666666666666667,0.7002824288999322,60
AM5,datasets\processed\scut_fbp5500\images\AM5.jpg,scut_fbp5500,portrait_score,unassigned,2.3,2.3,0.6962368581968815,60
AM50,datasets\processed\scut_fbp5500\images\AM50.jpg,scut_fbp5500,portrait_score,unassigned,3.45,3.45,0.699273230466788,60
AM500,datasets\processed\scut_fbp5500\images\AM500.jpg,scut_fbp5500,portrait_score,unassigned,2.55,2.55,0.699273230466788,60
AM501,datasets\processed\scut_fbp5500\images\AM501.jpg,scut_fbp5500,portrait_score,unassigned,2.4,2.4,0.693798192706921,60
AM502,datasets\processed\scut_fbp5500\images\AM502.jpg,scut_fbp5500,portrait_score,unassigned,2.6333333333333333,2.6333333333333333,0.5812513288970896,60
AM503,datasets\processed\scut_fbp5500\images\AM503.jpg,scut_fbp5500,portrait_score,unassigned,2.933333333333333,2.933333333333333,0.5482380612028067,60
AM504,datasets\processed\scut_fbp5500\images\AM504.jpg,scut_fbp5500,portrait_score,unassigned,2.5,2.5,0.6509445549041194,60
AM505,datasets\processed\scut_fbp5500\images\AM505.jpg,scut_fbp5500,portrait_score,unassigned,1.65,1.65,0.6331251516304802,60
AM506,datasets\processed\scut_fbp5500\images\AM506.jpg,scut_fbp5500,portrait_score,unassigned,2.55,2.55,0.6745996929755542,60
AM507,datasets\processed\scut_fbp5500\images\AM507.jpg,scut_fbp5500,portrait_score,unassigned,2.6333333333333333,2.6333333333333333,0.6097142055335257,60
AM508,datasets\processed\scut_fbp5500\images\AM508.jpg,scut_fbp5500,portrait_score,unassigned,3.15,3.15,0.6593525329532484,60
AM509,datasets\processed\scut_fbp5500\images\AM509.jpg,scut_fbp5500,portrait_score,unassigned,2.833333333333333,2.833333333333333,0.5261522196019802,60
AM51,datasets\processed\scut_fbp5500\images\AM51.jpg,scut_fbp5500,portrait_score,unassigned,3.75,3.75,0.7507058825091876,60
AM510,datasets\processed\scut_fbp5500\images\AM510.jpg,scut_fbp5500,portrait_score,unassigned,2.7,2.7,0.5908913118102866,60
AM511,datasets\processed\scut_fbp5500\images\AM511.jpg,scut_fbp5500,portrait_score,unassigned,2.683333333333333,2.683333333333333,0.5963637459756622,60
AM512,datasets\processed\scut_fbp5500\images\AM512.jpg,scut_fbp5500,portrait_score,unassigned,2.333333333333333,2.333333333333333,0.6806444271116837,60
AM513,datasets\processed\scut_fbp5500\images\AM513.jpg,scut_fbp5500,portrait_score,unassigned,2.65,2.65,0.6845758305670819,60
AM514,datasets\processed\scut_fbp5500\images\AM514.jpg,scut_fbp5500,portrait_score,unassigned,2.316666666666667,2.316666666666667,0.6762726024084973,60
AM515,datasets\processed\scut_fbp5500\images\AM515.jpg,scut_fbp5500,portrait_score,unassigned,2.6333333333333333,2.6333333333333333,0.6097142055335257,60
AM516,datasets\processed\scut_fbp5500\images\AM516.jpg,scut_fbp5500,portrait_score,unassigned,3.1,3.1,0.6297699337786183,60
AM517,datasets\processed\scut_fbp5500\images\AM517.jpg,scut_fbp5500,portrait_score,unassigned,2.75,2.75,0.50840394989731,60
AM518,datasets\processed\scut_fbp5500\images\AM518.jpg,scut_fbp5500,portrait_score,unassigned,2.0166666666666666,2.0166666666666666,0.7008872504569528,60
AM519,datasets\processed\scut_fbp5500\images\AM519.jpg,scut_fbp5500,portrait_score,unassigned,2.216666666666667,2.216666666666667,0.8044719642367518,60
AM52,datasets\processed\scut_fbp5500\images\AM52.jpg,scut_fbp5500,portrait_score,unassigned,1.9833333333333332,1.9833333333333332,0.7246662976417856,60
AM520,datasets\processed\scut_fbp5500\images\AM520.jpg,scut_fbp5500,portrait_score,unassigned,2.75,2.75,0.6541911813032298,60
AM521,datasets\processed\scut_fbp5500\images\AM521.jpg,scut_fbp5500,portrait_score,unassigned,2.55,2.55,0.6489887831680653,60
AM522,datasets\processed\scut_fbp5500\images\AM522.jpg,scut_fbp5500,portrait_score,unassigned,2.316666666666667,2.316666666666667,0.7008872504569528,60
AM523,datasets\processed\scut_fbp5500\images\AM523.jpg,scut_fbp5500,portrait_score,unassigned,2.95,2.95,0.4666868437930208,60
AM524,datasets\processed\scut_fbp5500\images\AM524.jpg,scut_fbp5500,portrait_score,unassigned,2.4,2.4,0.643085781240651,60
AM525,datasets\processed\scut_fbp5500\images\AM525.jpg,scut_fbp5500,portrait_score,unassigned,2.716666666666667,2.716666666666667,0.5237306419436756,60
AM526,datasets\processed\scut_fbp5500\images\AM526.jpg,scut_fbp5500,portrait_score,unassigned,2.75,2.75,0.50840394989731,60
AM527,datasets\processed\scut_fbp5500\images\AM527.jpg,scut_fbp5500,portrait_score,unassigned,2.65,2.65,0.6593525329532484,60
AM528,datasets\processed\scut_fbp5500\images\AM528.jpg,scut_fbp5500,portrait_score,unassigned,2.9,2.9,0.5430610041581775,60
AM529,datasets\processed\scut_fbp5500\images\AM529.jpg,scut_fbp5500,portrait_score,unassigned,3.2666666666666666,3.2666666666666666,0.7098977407062843,60
AM53,datasets\processed\scut_fbp5500\images\AM53.jpg,scut_fbp5500,portrait_score,unassigned,3.85,3.85,0.6331251516304802,60
AM530,datasets\processed\scut_fbp5500\images\AM530.jpg,scut_fbp5500,portrait_score,unassigned,2.6,2.6,0.616166387389926,60
AM531,datasets\processed\scut_fbp5500\images\AM531.jpg,scut_fbp5500,portrait_score,unassigned,2.7,2.7,0.5908913118102868,60
AM532,datasets\processed\scut_fbp5500\images\AM532.jpg,scut_fbp5500,portrait_score,unassigned,2.8,2.8,0.5461731270812972,60
AM533,datasets\processed\scut_fbp5500\images\AM533.jpg,scut_fbp5500,portrait_score,unassigned,2.9,2.9,0.5108981788502894,60
AM534,datasets\processed\scut_fbp5500\images\AM534.jpg,scut_fbp5500,portrait_score,unassigned,2.85,2.85,0.5150283849343992,60
AM535,datasets\processed\scut_fbp5500\images\AM535.jpg,scut_fbp5500,portrait_score,unassigned,2.2,2.2,0.6587095756740945,60
AM536,datasets\processed\scut_fbp5500\images\AM536.jpg,scut_fbp5500,portrait_score,unassigned,1.9666666666666663,1.9666666666666663,0.7356921488320419,60
AM537,datasets\processed\scut_fbp5500\images\AM537.jpg,scut_fbp5500,portrait_score,unassigned,2.65,2.65,0.5469483909592215,60
AM538,datasets\processed\scut_fbp5500\images\AM538.jpg,scut_fbp5500,portrait_score,unassigned,2.75,2.75,0.8561838864739436,60
AM539,datasets\processed\scut_fbp5500\images\AM539.jpg,scut_fbp5500,portrait_score,unassigned,2.4,2.4,0.6689227362847253,60
AM54,datasets\processed\scut_fbp5500\images\AM54.jpg,scut_fbp5500,portrait_score,unassigned,2.8666666666666667,2.8666666666666667,0.535729082389144,60
AM540,datasets\processed\scut_fbp5500\images\AM540.jpg,scut_fbp5500,portrait_score,unassigned,2.9166666666666665,2.9166666666666665,0.5612234416098719,60
AM541,datasets\processed\scut_fbp5500\images\AM541.jpg,scut_fbp5500,portrait_score,unassigned,2.683333333333333,2.683333333333333,0.6241378234003049,60
AM542,datasets\processed\scut_fbp5500\images\AM542.jpg,scut_fbp5500,portrait_score,unassigned,1.9333333333333331,1.9333333333333331,0.7561424551163483,60
AM543,datasets\processed\scut_fbp5500\images\AM543.jpg,scut_fbp5500,portrait_score,unassigned,2.75,2.75,0.5084039498973101,60
AM544,datasets\processed\scut_fbp5500\images\AM544.jpg,scut_fbp5500,portrait_score,unassigned,3.066666666666667,3.066666666666667,0.6604227374117246,60
AM545,datasets\processed\scut_fbp5500\images\AM545.jpg,scut_fbp5500,portrait_score,unassigned,2.35,2.35,0.7324211069911228,60
AM546,datasets\processed\scut_fbp5500\images\AM546.jpg,scut_fbp5500,portrait_score,unassigned,2.683333333333333,2.683333333333333,0.6241378234003048,60
AM547,datasets\processed\scut_fbp5500\images\AM547.jpg,scut_fbp5500,portrait_score,unassigned,2.333333333333333,2.333333333333333,0.7051064751106303,60
AM548,datasets\processed\scut_fbp5500\images\AM548.jpg,scut_fbp5500,portrait_score,unassigned,2.9,2.9,0.656131446111426,60
AM549,datasets\processed\scut_fbp5500\images\AM549.jpg,scut_fbp5500,portrait_score,unassigned,1.9333333333333331,1.9333333333333331,0.7098977407062844,60
AM55,datasets\processed\scut_fbp5500\images\AM55.jpg,scut_fbp5500,portrait_score,unassigned,3.9,3.9,0.796177307567068,60
AM550,datasets\processed\scut_fbp5500\images\AM550.jpg,scut_fbp5500,portrait_score,unassigned,2.466666666666667,2.466666666666667,0.5956528014598821,60
AM551,datasets\processed\scut_fbp5500\images\AM551.jpg,scut_fbp5500,portrait_score,unassigned,2.0166666666666666,2.0166666666666666,0.5963637459756624,60
AM552,datasets\processed\scut_fbp5500\images\AM552.jpg,scut_fbp5500,portrait_score,unassigned,2.4166666666666665,2.4166666666666665,0.6960339624157417,60
AM553,datasets\processed\scut_fbp5500\images\AM553.jpg,scut_fbp5500,portrait_score,unassigned,2.75,2.75,0.5712015287450465,60
AM554,datasets\processed\scut_fbp5500\images\AM554.jpg,scut_fbp5500,portrait_score,unassigned,2.6,2.6,0.6161663873899261,60
AM555,datasets\processed\scut_fbp5500\images\AM555.jpg,scut_fbp5500,portrait_score,unassigned,2.1,2.1,0.705907277725455,60
AM556,datasets\processed\scut_fbp5500\images\AM556.jpg,scut_fbp5500,portrait_score,unassigned,2.9,2.9,0.5108981788502895,60
AM557,datasets\processed\scut_fbp5500\images\AM557.jpg,scut_fbp5500,portrait_score,unassigned,2.716666666666667,2.716666666666667,0.6131791749276648,60
AM558,datasets\processed\scut_fbp5500\images\AM558.jpg,scut_fbp5500,portrait_score,unassigned,2.7666666666666666,2.7666666666666666,0.4645634607236648,60
AM559,datasets\processed\scut_fbp5500\images\AM559.jpg,scut_fbp5500,portrait_score,unassigned,2.6166666666666667,2.6166666666666667,0.5848849420870963,60
AM56,datasets\processed\scut_fbp5500\images\AM56.jpg,scut_fbp5500,portrait_score,unassigned,3.65,3.65,0.8796185613999528,60
AM560,datasets\processed\scut_fbp5500\images\AM560.jpg,scut_fbp5500,portrait_score,unassigned,2.8666666666666667,2.8666666666666667,0.535729082389144,60
AM561,datasets\processed\scut_fbp5500\images\AM561.jpg,scut_fbp5500,portrait_score,unassigned,2.833333333333333,2.833333333333333,0.5870543146605618,60
AM562,datasets\processed\scut_fbp5500\images\AM562.jpg,scut_fbp5500,portrait_score,unassigned,2.9833333333333334,2.9833333333333334,0.7008872504569528,60
AM563,datasets\processed\scut_fbp5500\images\AM563.jpg,scut_fbp5500,portrait_score,unassigned,2.8833333333333333,2.8833333333333333,0.5237306419436754,60
AM564,datasets\processed\scut_fbp5500\images\AM564.jpg,scut_fbp5500,portrait_score,unassigned,2.716666666666667,2.716666666666667,0.5551505114790766,60
AM565,datasets\processed\scut_fbp5500\images\AM565.jpg,scut_fbp5500,portrait_score,unassigned,2.35,2.35,0.684575830567082,60
AM566,datasets\processed\scut_fbp5500\images\AM566.jpg,scut_fbp5500,portrait_score,unassigned,2.15,2.15,0.6845758305670819,60
AM567,datasets\processed\scut_fbp5500\images\AM567.jpg,scut_fbp5500,portrait_score,unassigned,2.466666666666667,2.466666666666667,0.7240813388775699,60
AM568,datasets\processed\scut_fbp5500\images\AM568.jpg,scut_fbp5500,portrait_score,unassigned,2.35,2.35,0.7552079071691765,60
AM569,datasets\processed\scut_fbp5500\images\AM569.jpg,scut_fbp5500,portrait_score,unassigned,2.9,2.9,0.7523972985831715,60
AM57,datasets\processed\scut_fbp5500\images\AM57.jpg,scut_fbp5500,portrait_score,unassigned,3.25,3.25,0.679606067350536,60
AM570,datasets\processed\scut_fbp5500\images\AM570.jpg,scut_fbp5500,portrait_score,unassigned,2.216666666666667,2.216666666666667,0.6661721329614916,60
AM571,datasets\processed\scut_fbp5500\images\AM571.jpg,scut_fbp5500,portrait_score,unassigned,2.433333333333333,2.433333333333333,0.6978579008061128,60
AM572,datasets\processed\scut_fbp5500\images\AM572.jpg,scut_fbp5500,portrait_score,unassigned,2.85,2.85,0.5150283849343992,60
AM573,datasets\processed\scut_fbp5500\images\AM573.jpg,scut_fbp5500,portrait_score,unassigned,2.1333333333333333,2.1333333333333333,0.6756457467795111,60
AM574,datasets\processed\scut_fbp5500\images\AM574.jpg,scut_fbp5500,portrait_score,unassigned,2.716666666666667,2.716666666666667,0.5848849420870962,60
AM575,datasets\processed\scut_fbp5500\images\AM575.jpg,scut_fbp5500,portrait_score,unassigned,2.9,2.9,0.6022556470526282,60
AM576,datasets\processed\scut_fbp5500\images\AM576.jpg,scut_fbp5500,portrait_score,unassigned,2.4,2.4,0.7178121183764841,60
AM577,datasets\processed\scut_fbp5500\images\AM577.jpg,scut_fbp5500,portrait_score,unassigned,2.783333333333333,2.783333333333333,0.6661721329614918,60
AM578,datasets\processed\scut_fbp5500\images\AM578.jpg,scut_fbp5500,portrait_score,unassigned,2.316666666666667,2.316666666666667,0.7246662976417857,60
AM579,datasets\processed\scut_fbp5500\images\AM579.jpg,scut_fbp5500,portrait_score,unassigned,2.6333333333333333,2.6333333333333333,0.5812513288970896,60
AM58,datasets\processed\scut_fbp5500\images\AM58.jpg,scut_fbp5500,portrait_score,unassigned,2.433333333333333,2.433333333333333,0.6731324866865128,60
AM580,datasets\processed\scut_fbp5500\images\AM580.jpg,scut_fbp5500,portrait_score,unassigned,2.2,2.2,0.7546466228796952,60
AM581,datasets\processed\scut_fbp5500\images\AM581.jpg,scut_fbp5500,portrait_score,unassigned,3.066666666666667,3.066666666666667,0.7098977407062843,60
AM582,datasets\processed\scut_fbp5500\images\AM582.jpg,scut_fbp5500,portrait_score,unassigned,3.1166666666666667,3.1166666666666667,0.6911465950282971,60
AM583,datasets\processed\scut_fbp5500\images\AM583.jpg,scut_fbp5500,portrait_score,unassigned,2.833333333333333,2.833333333333333,0.5261522196019802,60
AM584,datasets\processed\scut_fbp5500\images\AM584.jpg,scut_fbp5500,portrait_score,unassigned,1.9666666666666663,1.9666666666666663,0.6880743620304537,60
AM585,datasets\processed\scut_fbp5500\images\AM585.jpg,scut_fbp5500,portrait_score,unassigned,2.7,2.7,0.561475054911735,60
AM586,datasets\processed\scut_fbp5500\images\AM586.jpg,scut_fbp5500,portrait_score,unassigned,2.65,2.65,0.6057632809459259,60
AM587,datasets\processed\scut_fbp5500\images\AM587.jpg,scut_fbp5500,portrait_score,unassigned,2.8,2.8,0.5461731270812971,60
AM588,datasets\processed\scut_fbp5500\images\AM588.jpg,scut_fbp5500,portrait_score,unassigned,2.433333333333333,2.433333333333333,0.6474635430261865,60
AM589,datasets\processed\scut_fbp5500\images\AM589.jpg,scut_fbp5500,portrait_score,unassigned,2.25,2.25,0.7277781371744774,60
AM59,datasets\processed\scut_fbp5500\images\AM59.jpg,scut_fbp5500,portrait_score,unassigned,4.2,4.2,0.6050633809075331,60
AM590,datasets\processed\scut_fbp5500\images\AM590.jpg,scut_fbp5500,portrait_score,unassigned,2.75,2.75,0.6277481952265331,60
AM591,datasets\processed\scut_fbp5500\images\AM591.jpg,scut_fbp5500,portrait_score,unassigned,2.7666666666666666,2.7666666666666666,0.4997174342809081,60
AM592,datasets\processed\scut_fbp5500\images\AM592.jpg,scut_fbp5500,portrait_score,unassigned,3.5,3.5,0.676481425202546,60
AM593,datasets\processed\scut_fbp5500\images\AM593.jpg,scut_fbp5500,portrait_score,unassigned,2.35,2.35,0.6845758305670822,60
AM594,datasets\processed\scut_fbp5500\images\AM594.jpg,scut_fbp5500,portrait_score,unassigned,2.216666666666667,2.216666666666667,0.6911465950282973,60
AM595,datasets\processed\scut_fbp5500\images\AM595.jpg,scut_fbp5500,portrait_score,unassigned,2.95,2.95,0.5016920522135438,60
AM596,datasets\processed\scut_fbp5500\images\AM596.jpg,scut_fbp5500,portrait_score,unassigned,2.7,2.7,0.6457159999120146,60
AM597,datasets\processed\scut_fbp5500\images\AM597.jpg,scut_fbp5500,portrait_score,unassigned,2.6666666666666665,2.6666666666666665,0.6288721857330792,60
AM598,datasets\processed\scut_fbp5500\images\AM598.jpg,scut_fbp5500,portrait_score,unassigned,2.566666666666667,2.566666666666667,0.6978579008061127,60
AM599,datasets\processed\scut_fbp5500\images\AM599.jpg,scut_fbp5500,portrait_score,unassigned,2.0,2.0,0.7364596943186587,60
AM6,datasets\processed\scut_fbp5500\images\AM6.jpg,scut_fbp5500,portrait_score,unassigned,4.25,4.25,0.6001412263171257,60
AM60,datasets\processed\scut_fbp5500\images\AM60.jpg,scut_fbp5500,portrait_score,unassigned,3.3,3.3,0.6962368581968816,60
AM600,datasets\processed\scut_fbp5500\images\AM600.jpg,scut_fbp5500,portrait_score,unassigned,2.4,2.4,0.6937981927069208,60
AM601,datasets\processed\scut_fbp5500\images\AM601.jpg,scut_fbp5500,portrait_score,unassigned,2.6333333333333333,2.6333333333333333,0.6097142055335257,60
AM602,datasets\processed\scut_fbp5500\images\AM602.jpg,scut_fbp5500,portrait_score,unassigned,2.7333333333333334,2.7333333333333334,0.6069279874259416,60
AM603,datasets\processed\scut_fbp5500\images\AM603.jpg,scut_fbp5500,portrait_score,unassigned,2.6166666666666667,2.6166666666666667,0.6131791749276648,60
AM604,datasets\processed\scut_fbp5500\images\AM604.jpg,scut_fbp5500,portrait_score,unassigned,2.783333333333333,2.783333333333333,0.4903014177279,60
AM605,datasets\processed\scut_fbp5500\images\AM605.jpg,scut_fbp5500,portrait_score,unassigned,2.3833333333333333,2.3833333333333333,0.6911465950282971,60
AM606,datasets\processed\scut_fbp5500\images\AM606.jpg,scut_fbp5500,portrait_score,unassigned,2.583333333333333,2.583333333333333,0.590652229740289,60
AM607,datasets\processed\scut_fbp5500\images\AM607.jpg,scut_fbp5500,portrait_score,unassigned,2.0,2.0,0.7130740328122925,60
AM608,datasets\processed\scut_fbp5500\images\AM608.jpg,scut_fbp5500,portrait_score,unassigned,2.833333333333333,2.833333333333333,0.5574356135706042,60
AM609,datasets\processed\scut_fbp5500\images\AM609.jpg,scut_fbp5500,portrait_score,unassigned,2.433333333333333,2.433333333333333,0.6978579008061127,60
AM61,datasets\processed\scut_fbp5500\images\AM61.jpg,scut_fbp5500,portrait_score,unassigned,1.6666666666666667,1.6666666666666667,0.6552698154756149,60
AM610,datasets\processed\scut_fbp5500\images\AM610.jpg,scut_fbp5500,portrait_score,unassigned,2.933333333333333,2.933333333333333,0.5783280010825674,60
AM611,datasets\processed\scut_fbp5500\images\AM611.jpg,scut_fbp5500,portrait_score,unassigned,2.95,2.95,0.5344092255369317,60
AM612,datasets\processed\scut_fbp5500\images\AM612.jpg,scut_fbp5500,portrait_score,unassigned,2.783333333333333,2.783333333333333,0.6402241838994506,60
AM613,datasets\processed\scut_fbp5500\images\AM613.jpg,scut_fbp5500,portrait_score,unassigned,2.6666666666666665,2.6666666666666665,0.7287478619712607,60
AM614,datasets\processed\scut_fbp5500\images\AM614.jpg,scut_fbp5500,portrait_score,unassigned,3.1333333333333333,3.1333333333333333,0.747122540414543,60
AM615,datasets\processed\scut_fbp5500\images\AM615.jpg,scut_fbp5500,portrait_score,unassigned,2.466666666666667,2.466666666666667,0.7002824288999323,60
AM616,datasets\processed\scut_fbp5500\images\AM616.jpg,scut_fbp5500,portrait_score,unassigned,3.0166666666666666,3.0166666666666666,0.6762726024084974,60
AM617,datasets\processed\scut_fbp5500\images\AM617.jpg,scut_fbp5500,portrait_score,unassigned,2.1666666666666665,2.1666666666666665,0.6680776029892179,60
AM618,datasets\processed\scut_fbp5500\images\AM618.jpg,scut_fbp5500,portrait_score,unassigned,2.716666666666667,2.716666666666667,0.5551505114790765,60
AM619,datasets\processed\scut_fbp5500\images\AM619.jpg,scut_fbp5500,portrait_score,unassigned,2.15,2.15,0.6593525329532484,60
AM62,datasets\processed\scut_fbp5500\images\AM62.jpg,scut_fbp5500,portrait_score,unassigned,3.533333333333333,3.533333333333333,0.6234585511256955,60
AM620,datasets\processed\scut_fbp5500\images\AM620.jpg,scut_fbp5500,portrait_score,unassigned,2.75,2.75,0.6541911813032298,60
AM621,datasets\processed\scut_fbp5500\images\AM621.jpg,scut_fbp5500,portrait_score,unassigned,2.95,2.95,0.5944660045019183,60
AM622,datasets\processed\scut_fbp5500\images\AM622.jpg,scut_fbp5500,portrait_score,unassigned,1.75,1.75,0.6541911813032298,60
AM623,datasets\processed\scut_fbp5500\images\AM623.jpg,scut_fbp5500,portrait_score,unassigned,2.783333333333333,2.783333333333333,0.6131791749276649,60
AM624,datasets\processed\scut_fbp5500\images\AM624.jpg,scut_fbp5500,portrait_score,unassigned,2.3,2.3,0.6457159999120148,60
AM625,datasets\processed\scut_fbp5500\images\AM625.jpg,scut_fbp5500,portrait_score,unassigned,3.05,3.05,0.6223247830459755,60
AM626,datasets\processed\scut_fbp5500\images\AM626.jpg,scut_fbp5500,portrait_score,unassigned,2.9,2.9,0.5430610041581775,60
AM627,datasets\processed\scut_fbp5500\images\AM627.jpg,scut_fbp5500,portrait_score,unassigned,2.6166666666666667,2.6166666666666667,0.6131791749276647,60
AM628,datasets\processed\scut_fbp5500\images\AM628.jpg,scut_fbp5500,portrait_score,unassigned,2.6666666666666665,2.6666666666666665,0.6288721857330793,60
AM629,datasets\processed\scut_fbp5500\images\AM629.jpg,scut_fbp5500,portrait_score,unassigned,2.9,2.9,0.4765696633943421,60
AM63,datasets\processed\scut_fbp5500\images\AM63.jpg,scut_fbp5500,portrait_score,unassigned,4.15,4.15,0.684575830567082,60
AM630,datasets\processed\scut_fbp5500\images\AM630.jpg,scut_fbp5500,portrait_score,unassigned,3.05,3.05,0.699273230466788,60
AM631,datasets\processed\scut_fbp5500\images\AM631.jpg,scut_fbp5500,portrait_score,unassigned,2.9166666666666665,2.9166666666666665,0.590652229740289,60
AM632,datasets\processed\scut_fbp5500\images\AM632.jpg,scut_fbp5500,portrait_score,unassigned,2.7666666666666666,2.7666666666666666,0.5325559305923084,60
AM633,datasets\processed\scut_fbp5500\images\AM633.jpg,scut_fbp5500,portrait_score,unassigned,2.7333333333333334,2.7333333333333334,0.6342396132422271,60
AM634,datasets\processed\scut_fbp5500\images\AM634.jpg,scut_fbp5500,portrait_score,unassigned,2.1,2.1,0.656131446111426,60
AM635,datasets\processed\scut_fbp5500\images\AM635.jpg,scut_fbp5500,portrait_score,unassigned,2.7,2.7,0.5304299503265155,60
AM636,datasets\processed\scut_fbp5500\images\AM636.jpg,scut_fbp5500,portrait_score,unassigned,1.8833333333333333,1.8833333333333333,0.6911465950282972,60
AM637,datasets\processed\scut_fbp5500\images\AM637.jpg,scut_fbp5500,portrait_score,unassigned,2.933333333333333,2.933333333333333,0.4824607357929978,60
AM638,datasets\processed\scut_fbp5500\images\AM638.jpg,scut_fbp5500,portrait_score,unassigned,2.1666666666666665,2.1666666666666665,0.6929833971319694,60
AM639,datasets\processed\scut_fbp5500\images\AM639.jpg,scut_fbp5500,portrait_score,unassigned,2.55,2.55,0.5652358139960071,60
AM64,datasets\processed\scut_fbp5500\images\AM64.jpg,scut_fbp5500,portrait_score,unassigned,4.266666666666667,4.266666666666667,0.6069279874259418,60
AM640,datasets\processed\scut_fbp5500\images\AM640.jpg,scut_fbp5500,portrait_score,unassigned,2.85,2.85,0.4809947319913076,60
AM641,datasets\processed\scut_fbp5500\images\AM641.jpg,scut_fbp5500,portrait_score,unassigned,2.6,2.6,0.6937981927069209,60
AM642,datasets\processed\scut_fbp5500\images\AM642.jpg,scut_fbp5500,portrait_score,unassigned,2.9166666666666665,2.9166666666666665,0.7656096865181341,60
AM643,datasets\processed\scut_fbp5500\images\AM643.jpg,scut_fbp5500,portrait_score,unassigned,2.95,2.95,0.5016920522135438,60
AM644,datasets\processed\scut_fbp5500\images\AM644.jpg,scut_fbp5500,portrait_score,unassigned,2.8,2.8,0.5142049977013224,60
AM645,datasets\processed\scut_fbp5500\images\AM645.jpg,scut_fbp5500,portrait_score,unassigned,2.9,2.9,0.4765696633943421,60
AM646,datasets\processed\scut_fbp5500\images\AM646.jpg,scut_fbp5500,portrait_score,unassigned,2.1666666666666665,2.1666666666666665,0.7170246117012379,60
AM647,datasets\processed\scut_fbp5500\images\AM647.jpg,scut_fbp5500,portrait_score,unassigned,2.783333333333333,2.783333333333333,0.5551505114790766,60
AM648,datasets\processed\scut_fbp5500\images\AM648.jpg,scut_fbp5500,portrait_score,unassigned,2.583333333333333,2.583333333333333,0.6186827632817331,60
AM649,datasets\processed\scut_fbp5500\images\AM649.jpg,scut_fbp5500,portrait_score,unassigned,3.6166666666666663,3.6166666666666663,0.6661721329614916,60
AM65,datasets\processed\scut_fbp5500\images\AM65.jpg,scut_fbp5500,portrait_score,unassigned,3.083333333333333,3.083333333333333,0.7199733202840949,60
AM650,datasets\processed\scut_fbp5500\images\AM650.jpg,scut_fbp5500,portrait_score,unassigned,2.65,2.65,0.605763280945926,60
AM651,datasets\processed\scut_fbp5500\images\AM651.jpg,scut_fbp5500,portrait_score,unassigned,2.85,2.85,0.6593525329532484,60
AM652,datasets\processed\scut_fbp5500\images\AM652.jpg,scut_fbp5500,portrait_score,unassigned,2.566666666666667,2.566666666666667,0.6207340287621397,60
AM653,datasets\processed\scut_fbp5500\images\AM653.jpg,scut_fbp5500,portrait_score,unassigned,2.7666666666666666,2.7666666666666666,0.6207340287621397,60
AM654,datasets\processed\scut_fbp5500\images\AM654.jpg,scut_fbp5500,portrait_score,unassigned,2.8,2.8,0.6050633809075329,60
AM655,datasets\processed\scut_fbp5500\images\AM655.jpg,scut_fbp5500,portrait_score,unassigned,2.85,2.85,0.605763280945926,60
AM656,datasets\processed\scut_fbp5500\images\AM656.jpg,scut_fbp5500,portrait_score,unassigned,2.9833333333333334,2.9833333333333334,0.7008872504569528,60
AM657,datasets\processed\scut_fbp5500\images\AM657.jpg,scut_fbp5500,portrait_score,unassigned,3.033333333333333,3.033333333333333,0.5812513288970899,60
AM658,datasets\processed\scut_fbp5500\images\AM658.jpg,scut_fbp5500,portrait_score,unassigned,2.55,2.55,0.5944660045019182,60
AM659,datasets\processed\scut_fbp5500\images\AM659.jpg,scut_fbp5500,portrait_score,unassigned,2.7,2.7,0.5614750549117348,60
AM66,datasets\processed\scut_fbp5500\images\AM66.jpg,scut_fbp5500,portrait_score,unassigned,3.15,3.15,0.605763280945926,60
AM660,datasets\processed\scut_fbp5500\images\AM660.jpg,scut_fbp5500,portrait_score,unassigned,1.8833333333333333,1.8833333333333333,0.6661721329614917,60
AM661,datasets\processed\scut_fbp5500\images\AM661.jpg,scut_fbp5500,portrait_score,unassigned,2.4166666666666665,2.4166666666666665,0.6454972243679028,60
AM662,datasets\processed\scut_fbp5500\images\AM662.jpg,scut_fbp5500,portrait_score,unassigned,2.6,2.6,0.6689227362847254,60
AM663,datasets\processed\scut_fbp5500\images\AM663.jpg,scut_fbp5500,portrait_score,unassigned,2.6666666666666665,2.6666666666666665,0.6552698154756149,60
AM664,datasets\processed\scut_fbp5500\images\AM664.jpg,scut_fbp5500,portrait_score,unassigned,2.4833333333333334,2.4833333333333334,0.6762726024084973,60
AM665,datasets\processed\scut_fbp5500\images\AM665.jpg,scut_fbp5500,portrait_score,unassigned,2.4833333333333334,2.4833333333333334,0.6762726024084974,60
AM666,datasets\processed\scut_fbp5500\images\AM666.jpg,scut_fbp5500,portrait_score,unassigned,2.816666666666667,2.816666666666667,0.4691017983072983,60
AM667,datasets\processed\scut_fbp5500\images\AM667.jpg,scut_fbp5500,portrait_score,unassigned,2.966666666666667,2.966666666666667,0.5513209612012653,60
AM668,datasets\processed\scut_fbp5500\images\AM668.jpg,scut_fbp5500,portrait_score,unassigned,2.7,2.7,0.5908913118102866,60
AM669,datasets\processed\scut_fbp5500\images\AM669.jpg,scut_fbp5500,portrait_score,unassigned,3.183333333333333,3.183333333333333,0.4691017983072984,60
AM67,datasets\processed\scut_fbp5500\images\AM67.jpg,scut_fbp5500,portrait_score,unassigned,3.45,3.45,0.5944660045019181,60
AM670,datasets\processed\scut_fbp5500\images\AM670.jpg,scut_fbp5500,portrait_score,unassigned,2.45,2.45,0.6745996929755541,60
AM671,datasets\processed\scut_fbp5500\images\AM671.jpg,scut_fbp5500,portrait_score,unassigned,2.15,2.15,0.7324211069911227,60
AM672,datasets\processed\scut_fbp5500\images\AM672.jpg,scut_fbp5500,portrait_score,unassigned,3.033333333333333,3.033333333333333,0.5812513288970896,60
AM673,datasets\processed\scut_fbp5500\images\AM673.jpg,scut_fbp5500,portrait_score,unassigned,2.9,2.9,0.602255647052628,60
AM674,datasets\processed\scut_fbp5500\images\AM674.jpg,scut_fbp5500,portrait_score,unassigned,2.433333333333333,2.433333333333333,0.6207340287621398,60
AM675,datasets\processed\scut_fbp5500\images\AM675.jpg,scut_fbp5500,portrait_score,unassigned,2.7333333333333334,2.7333333333333334,0.6069279874259416,60
AM676,datasets\processed\scut_fbp5500\images\AM676.jpg,scut_fbp5500,portrait_score,unassigned,2.8,2.8,0.7546466228796951,60
AM677,datasets\processed\scut_fbp5500\images\AM677.jpg,scut_fbp5500,portrait_score,unassigned,2.6,2.6,0.5880159112340472,60
AM678,datasets\processed\scut_fbp5500\images\AM678.jpg,scut_fbp5500,portrait_score,unassigned,3.1,3.1,0.656131446111426,60
AM679,datasets\processed\scut_fbp5500\images\AM679.jpg,scut_fbp5500,portrait_score,unassigned,2.283333333333333,2.283333333333333,0.6661721329614915,60
AM68,datasets\processed\scut_fbp5500\images\AM68.jpg,scut_fbp5500,portrait_score,unassigned,4.033333333333333,4.033333333333333,0.7804098589988462,60
AM680,datasets\processed\scut_fbp5500\images\AM680.jpg,scut_fbp5500,portrait_score,unassigned,2.433333333333333,2.433333333333333,0.6978579008061127,60
AM681,datasets\processed\scut_fbp5500\images\AM681.jpg,scut_fbp5500,portrait_score,unassigned,2.7333333333333334,2.7333333333333334,0.6342396132422269,60
AM682,datasets\processed\scut_fbp5500\images\AM682.jpg,scut_fbp5500,portrait_score,unassigned,2.6,2.6,0.5584482131582669,60
AM683,datasets\processed\scut_fbp5500\images\AM683.jpg,scut_fbp5500,portrait_score,unassigned,2.9833333333333334,2.9833333333333334,0.7008872504569528,60
AM684,datasets\processed\scut_fbp5500\images\AM684.jpg,scut_fbp5500,portrait_score,unassigned,3.0166666666666666,3.0166666666666666,0.5963637459756624,60
AM685,datasets\processed\scut_fbp5500\images\AM685.jpg,scut_fbp5500,portrait_score,unassigned,2.8833333333333333,2.8833333333333333,0.5551505114790765,60
AM686,datasets\processed\scut_fbp5500\images\AM686.jpg,scut_fbp5500,portrait_score,unassigned,2.816666666666667,2.816666666666667,0.6241378234003049,60
AM687,datasets\processed\scut_fbp5500\images\AM687.jpg,scut_fbp5500,portrait_score,unassigned,2.6166666666666667,2.6166666666666667,0.6402241838994506,60
AM688,datasets\processed\scut_fbp5500\images\AM688.jpg,scut_fbp5500,portrait_score,unassigned,1.9333333333333331,1.9333333333333331,0.756142455116348,60
AM689,datasets\processed\scut_fbp5500\images\AM689.jpg,scut_fbp5500,portrait_score,unassigned,2.9,2.9,0.4765696633943421,60
AM69,datasets\processed\scut_fbp5500\images\AM69.jpg,scut_fbp5500,portrait_score,unassigned,2.933333333333333,2.933333333333333,0.6604227374117245,60
AM690,datasets\processed\scut_fbp5500\images\AM690.jpg,scut_fbp5500,portrait_score,unassigned,2.2333333333333334,2.2333333333333334,0.6731324866865128,60
AM691,datasets\processed\scut_fbp5500\images\AM691.jpg,scut_fbp5500,portrait_score,unassigned,2.5166666666666666,2.5166666666666666,0.6241378234003045,60
AM692,datasets\processed\scut_fbp5500\images\AM692.jpg,scut_fbp5500,portrait_score,unassigned,2.433333333333333,2.433333333333333,0.7217367628174831,60
AM693,datasets\processed\scut_fbp5500\images\AM693.jpg,scut_fbp5500,portrait_score,unassigned,2.8666666666666667,2.8666666666666667,0.5664838521990367,60
AM694,datasets\processed\scut_fbp5500\images\AM694.jpg,scut_fbp5500,portrait_score,unassigned,2.9166666666666665,2.9166666666666665,0.590652229740289,60
AM695,datasets\processed\scut_fbp5500\images\AM695.jpg,scut_fbp5500,portrait_score,unassigned,2.683333333333333,2.683333333333333,0.6507275372101721,60
AM696,datasets\processed\scut_fbp5500\images\AM696.jpg,scut_fbp5500,portrait_score,unassigned,3.35,3.35,0.732421106991123,60
AM697,datasets\processed\scut_fbp5500\images\AM697.jpg,scut_fbp5500,portrait_score,unassigned,2.966666666666667,2.966666666666667,0.6097142055335258,60
AM698,datasets\processed\scut_fbp5500\images\AM698.jpg,scut_fbp5500,portrait_score,unassigned,2.6666666666666665,2.6666666666666665,0.6806444271116837,60
AM699,datasets\processed\scut_fbp5500\images\AM699.jpg,scut_fbp5500,portrait_score,unassigned,3.033333333333333,3.033333333333333,0.6629841797500676,60
AM7,datasets\processed\scut_fbp5500\images\AM7.jpg,scut_fbp5500,portrait_score,unassigned,3.25,3.25,0.6277481952265332,60
AM70,datasets\processed\scut_fbp5500\images\AM70.jpg,scut_fbp5500,portrait_score,unassigned,1.85,1.85,0.7089022308339537,60
AM700,datasets\processed\scut_fbp5500\images\AM700.jpg,scut_fbp5500,portrait_score,unassigned,2.3666666666666667,2.3666666666666667,0.7122812876724767,60
AM701,datasets\processed\scut_fbp5500\images\AM701.jpg,scut_fbp5500,portrait_score,unassigned,1.9833333333333332,1.9833333333333332,0.7008872504569528,60
AM702,datasets\processed\scut_fbp5500\images\AM702.jpg,scut_fbp5500,portrait_score,unassigned,2.6,2.6,0.6937981927069209,60
AM703,datasets\processed\scut_fbp5500\images\AM703.jpg,scut_fbp5500,portrait_score,unassigned,2.716666666666667,2.716666666666667,0.5551505114790763,60
AM704,datasets\processed\scut_fbp5500\images\AM704.jpg,scut_fbp5500,portrait_score,unassigned,2.4833333333333334,2.4833333333333334,0.6762726024084973,60
AM705,datasets\processed\scut_fbp5500\images\AM705.jpg,scut_fbp5500,portrait_score,unassigned,2.85,2.85,0.605763280945926,60
AM706,datasets\processed\scut_fbp5500\images\AM706.jpg,scut_fbp5500,portrait_score,unassigned,2.783333333333333,2.783333333333333,0.6402241838994506,60
AM707,datasets\processed\scut_fbp5500\images\AM707.jpg,scut_fbp5500,portrait_score,unassigned,1.8,1.8,0.7546466228796952,60
AM708,datasets\processed\scut_fbp5500\images\AM708.jpg,scut_fbp5500,portrait_score,unassigned,1.9666666666666663,1.9666666666666663,0.7356921488320419,60
AM709,datasets\processed\scut_fbp5500\images\AM709.jpg,scut_fbp5500,portrait_score,unassigned,2.8,2.8,0.5763708787148327,60
AM71,datasets\processed\scut_fbp5500\images\AM71.jpg,scut_fbp5500,portrait_score,unassigned,3.566666666666667,3.566666666666667,0.7890493457677391,60
AM710,datasets\processed\scut_fbp5500\images\AM710.jpg,scut_fbp5500,portrait_score,unassigned,2.6,2.6,0.643085781240651,60
AM711,datasets\processed\scut_fbp5500\images\AM711.jpg,scut_fbp5500,portrait_score,unassigned,2.85,2.85,0.5469483909592215,60
AM712,datasets\processed\scut_fbp5500\images\AM712.jpg,scut_fbp5500,portrait_score,unassigned,2.2,2.2,0.7767817135518026,60
AM713,datasets\processed\scut_fbp5500\images\AM713.jpg,scut_fbp5500,portrait_score,unassigned,2.45,2.45,0.6489887831680651,60
AM714,datasets\processed\scut_fbp5500\images\AM714.jpg,scut_fbp5500,portrait_score,unassigned,2.8666666666666667,2.8666666666666667,0.675645746779511,60
AM715,datasets\processed\scut_fbp5500\images\AM715.jpg,scut_fbp5500,portrait_score,unassigned,2.6166666666666667,2.6166666666666667,0.5551505114790765,60
AM716,datasets\processed\scut_fbp5500\images\AM716.jpg,scut_fbp5500,portrait_score,unassigned,2.716666666666667,2.716666666666667,0.5848849420870962,60
AM717,datasets\processed\scut_fbp5500\images\AM717.jpg,scut_fbp5500,portrait_score,unassigned,2.1333333333333333,2.1333333333333333,0.7240813388775701,60
AM718,datasets\processed\scut_fbp5500\images\AM718.jpg,scut_fbp5500,portrait_score,unassigned,2.5166666666666666,2.5166666666666666,0.6507275372101722,60
AM719,datasets\processed\scut_fbp5500\images\AM719.jpg,scut_fbp5500,portrait_score,unassigned,2.966666666666667,2.966666666666667,0.5513209612012653,60
AM72,datasets\processed\scut_fbp5500\images\AM72.jpg,scut_fbp5500,portrait_score,unassigned,3.6166666666666663,3.6166666666666663,0.5551505114790763,60
AM720,datasets\processed\scut_fbp5500\images\AM720.jpg,scut_fbp5500,portrait_score,unassigned,2.85,2.85,0.5150283849343993,60
AM721,datasets\processed\scut_fbp5500\images\AM721.jpg,scut_fbp5500,portrait_score,unassigned,2.833333333333333,2.833333333333333,0.5870543146605617,60
AM722,datasets\processed\scut_fbp5500\images\AM722.jpg,scut_fbp5500,portrait_score,unassigned,3.0,3.0,0.7364596943186587,60
AM723,datasets\processed\scut_fbp5500\images\AM723.jpg,scut_fbp5500,portrait_score,unassigned,2.25,2.25,0.704104191057266,60
AM724,datasets\processed\scut_fbp5500\images\AM724.jpg,scut_fbp5500,portrait_score,unassigned,1.9833333333333332,1.9833333333333332,0.7700245795475262,60
AM725,datasets\processed\scut_fbp5500\images\AM725.jpg,scut_fbp5500,portrait_score,unassigned,2.95,2.95,0.5016920522135438,60
AM726,datasets\processed\scut_fbp5500\images\AM726.jpg,scut_fbp5500,portrait_score,unassigned,2.833333333333333,2.833333333333333,0.5870543146605618,60
AM727,datasets\processed\scut_fbp5500\images\AM727.jpg,scut_fbp5500,portrait_score,unassigned,3.05,3.05,0.5944660045019184,60
AM728,datasets\processed\scut_fbp5500\images\AM728.jpg,scut_fbp5500,portrait_score,unassigned,2.7,2.7,0.5304299503265156,60
AM729,datasets\processed\scut_fbp5500\images\AM729.jpg,scut_fbp5500,portrait_score,unassigned,2.5166666666666666,2.5166666666666666,0.7246662976417857,60
AM73,datasets\processed\scut_fbp5500\images\AM73.jpg,scut_fbp5500,portrait_score,unassigned,1.9,1.9,0.7523972985831715,60
AM730,datasets\processed\scut_fbp5500\images\AM730.jpg,scut_fbp5500,portrait_score,unassigned,2.933333333333333,2.933333333333333,0.5163977794943223,60
AM731,datasets\processed\scut_fbp5500\images\AM731.jpg,scut_fbp5500,portrait_score,unassigned,2.833333333333333,2.833333333333333,0.5261522196019802,60
AM732,datasets\processed\scut_fbp5500\images\AM732.jpg,scut_fbp5500,portrait_score,unassigned,2.183333333333333,2.183333333333333,0.7246662976417856,60
AM733,datasets\processed\scut_fbp5500\images\AM733.jpg,scut_fbp5500,portrait_score,unassigned,2.833333333333333,2.833333333333333,0.668077602989218,60
AM734,datasets\processed\scut_fbp5500\images\AM734.jpg,scut_fbp5500,portrait_score,unassigned,2.3,2.3,0.7201694715805511,60
AM735,datasets\processed\scut_fbp5500\images\AM735.jpg,scut_fbp5500,portrait_score,unassigned,1.7833333333333334,1.7833333333333334,0.6911465950282971,60
AM736,datasets\processed\scut_fbp5500\images\AM736.jpg,scut_fbp5500,portrait_score,unassigned,2.6333333333333333,2.6333333333333333,0.8018340558415714,60
AM737,datasets\processed\scut_fbp5500\images\AM737.jpg,scut_fbp5500,portrait_score,unassigned,2.9166666666666665,2.9166666666666665,0.590652229740289,60
AM738,datasets\processed\scut_fbp5500\images\AM738.jpg,scut_fbp5500,portrait_score,unassigned,2.833333333333333,2.833333333333333,0.6152487898779871,60
AM739,datasets\processed\scut_fbp5500\images\AM739.jpg,scut_fbp5500,portrait_score,unassigned,1.9833333333333332,1.9833333333333332,0.7008872504569529,60
AM74,datasets\processed\scut_fbp5500\images\AM74.jpg,scut_fbp5500,portrait_score,unassigned,1.6,1.6,0.6430857812406509,60
AM740,datasets\processed\scut_fbp5500\images\AM740.jpg,scut_fbp5500,portrait_score,unassigned,2.7,2.7,0.6457159999120147,60
AM741,datasets\processed\scut_fbp5500\images\AM741.jpg,scut_fbp5500,portrait_score,unassigned,2.6166666666666667,2.6166666666666667,0.6402241838994506,60
AM742,datasets\processed\scut_fbp5500\images\AM742.jpg,scut_fbp5500,portrait_score,unassigned,2.683333333333333,2.683333333333333,0.5963637459756623,60
AM743,datasets\processed\scut_fbp5500\images\AM743.jpg,scut_fbp5500,portrait_score,unassigned,2.816666666666667,2.816666666666667,0.5039392842990978,60
AM744,datasets\processed\scut_fbp5500\images\AM744.jpg,scut_fbp5500,portrait_score,unassigned,2.95,2.95,0.4288336566604188,60
AM745,datasets\processed\scut_fbp5500\images\AM745.jpg,scut_fbp5500,portrait_score,unassigned,2.9,2.9,0.5108981788502895,60
AM746,datasets\processed\scut_fbp5500\images\AM746.jpg,scut_fbp5500,portrait_score,unassigned,2.75,2.75,0.5084039498973101,60
AM747,datasets\processed\scut_fbp5500\images\AM747.jpg,scut_fbp5500,portrait_score,unassigned,2.55,2.55,0.6489887831680653,60
AM748,datasets\processed\scut_fbp5500\images\AM748.jpg,scut_fbp5500,portrait_score,unassigned,2.95,2.95,0.5652358139960071,60
AM749,datasets\processed\scut_fbp5500\images\AM749.jpg,scut_fbp5500,portrait_score,unassigned,2.533333333333333,2.533333333333333,0.6756457467795108,60
AM75,datasets\processed\scut_fbp5500\images\AM75.jpg,scut_fbp5500,portrait_score,unassigned,3.8666666666666663,3.8666666666666663,0.7694741031901116,60
AM750,datasets\processed\scut_fbp5500\images\AM750.jpg,scut_fbp5500,portrait_score,unassigned,2.2666666666666666,2.2666666666666666,0.7098977407062844,60
AM751,datasets\processed\scut_fbp5500\images\AM751.jpg,scut_fbp5500,portrait_score,unassigned,2.533333333333333,2.533333333333333,0.6500760494407536,60
AM752,datasets\processed\scut_fbp5500\images\AM752.jpg,scut_fbp5500,portrait_score,unassigned,2.35,2.35,0.6593525329532484,60
AM753,datasets\processed\scut_fbp5500\images\AM753.jpg,scut_fbp5500,portrait_score,unassigned,2.45,2.45,0.6489887831680654,60
AM754,datasets\processed\scut_fbp5500\images\AM754.jpg,scut_fbp5500,portrait_score,unassigned,2.65,2.65,0.6331251516304803,60
AM755,datasets\processed\scut_fbp5500\images\AM755.jpg,scut_fbp5500,portrait_score,unassigned,2.583333333333333,2.583333333333333,0.5906522297402889,60
AM756,datasets\processed\scut_fbp5500\images\AM756.jpg,scut_fbp5500,portrait_score,unassigned,2.833333333333333,2.833333333333333,0.4572084295183093,60
AM757,datasets\processed\scut_fbp5500\images\AM757.jpg,scut_fbp5500,portrait_score,unassigned,3.0166666666666666,3.0166666666666666,0.5039392842990981,60
AM758,datasets\processed\scut_fbp5500\images\AM758.jpg,scut_fbp5500,portrait_score,unassigned,2.8666666666666667,2.8666666666666667,0.4681976500881039,60
AM759,datasets\processed\scut_fbp5500\images\AM759.jpg,scut_fbp5500,portrait_score,unassigned,2.9833333333333334,2.9833333333333334,0.6241378234003048,60
AM76,datasets\processed\scut_fbp5500\images\AM76.jpg,scut_fbp5500,portrait_score,unassigned,3.35,3.35,0.6057632809459259,60
AM760,datasets\processed\scut_fbp5500\images\AM760.jpg,scut_fbp5500,portrait_score,unassigned,2.316666666666667,2.316666666666667,0.6507275372101721,60
AM761,datasets\processed\scut_fbp5500\images\AM761.jpg,scut_fbp5500,portrait_score,unassigned,2.933333333333333,2.933333333333333,0.6342396132422272,60
AM762,datasets\processed\scut_fbp5500\images\AM762.jpg,scut_fbp5500,portrait_score,unassigned,4.483333333333333,4.483333333333333,0.6241378234003047,60
AM763,datasets\processed\scut_fbp5500\images\AM763.jpg,scut_fbp5500,portrait_score,unassigned,2.583333333333333,2.583333333333333,0.6186827632817331,60
AM764,datasets\processed\scut_fbp5500\images\AM764.jpg,scut_fbp5500,portrait_score,unassigned,3.083333333333333,3.083333333333333,0.719973320284095,60
AM765,datasets\processed\scut_fbp5500\images\AM765.jpg,scut_fbp5500,portrait_score,unassigned,2.716666666666667,2.716666666666667,0.5848849420870964,60
AM766,datasets\processed\scut_fbp5500\images\AM766.jpg,scut_fbp5500,portrait_score,unassigned,2.6,2.6,0.6430857812406507,60
AM767,datasets\processed\scut_fbp5500\images\AM767.jpg,scut_fbp5500,portrait_score,unassigned,2.6333333333333333,2.6333333333333333,0.6629841797500675,60
AM768,datasets\processed\scut_fbp5500\images\AM768.jpg,scut_fbp5500,portrait_score,unassigned,2.9166666666666665,2.9166666666666665,0.4971671160112441,60
AM769,datasets\processed\scut_fbp5500\images\AM769.jpg,scut_fbp5500,portrait_score,unassigned,2.8833333333333333,2.8833333333333333,0.5848849420870962,60
AM77,datasets\processed\scut_fbp5500\images\AM77.jpg,scut_fbp5500,portrait_score,unassigned,4.2,4.2,0.632455532033676,60
AM770,datasets\processed\scut_fbp5500\images\AM770.jpg,scut_fbp5500,portrait_score,unassigned,2.1666666666666665,2.1666666666666665,0.7402854847084716,60
AM771,datasets\processed\scut_fbp5500\images\AM771.jpg,scut_fbp5500,portrait_score,unassigned,2.333333333333333,2.333333333333333,0.7738669501259082,60
AM772,datasets\processed\scut_fbp5500\images\AM772.jpg,scut_fbp5500,portrait_score,unassigned,2.25,2.25,0.6796060673505357,60
AM773,datasets\processed\scut_fbp5500\images\AM773.jpg,scut_fbp5500,portrait_score,unassigned,2.45,2.45,0.6489887831680654,60
AM774,datasets\processed\scut_fbp5500\images\AM774.jpg,scut_fbp5500,portrait_score,unassigned,2.7666666666666666,2.7666666666666666,0.5634839166238779,60
AM775,datasets\processed\scut_fbp5500\images\AM775.jpg,scut_fbp5500,portrait_score,unassigned,2.6166666666666667,2.6166666666666667,0.6402241838994505,60
AM776,datasets\processed\scut_fbp5500\images\AM776.jpg,scut_fbp5500,portrait_score,unassigned,2.6,2.6,0.643085781240651,60
AM777,datasets\processed\scut_fbp5500\images\AM777.jpg,scut_fbp5500,portrait_score,unassigned,2.5166666666666666,2.5166666666666666,0.5963637459756623,60
AM778,datasets\processed\scut_fbp5500\images\AM778.jpg,scut_fbp5500,portrait_score,unassigned,2.683333333333333,2.683333333333333,0.5672313570575752,60
AM779,datasets\processed\scut_fbp5500\images\AM779.jpg,scut_fbp5500,portrait_score,unassigned,2.4,2.4,0.6430857812406509,60
AM78,datasets\processed\scut_fbp5500\images\AM78.jpg,scut_fbp5500,portrait_score,unassigned,3.083333333333333,3.083333333333333,0.719973320284095,60
AM780,datasets\processed\scut_fbp5500\images\AM780.jpg,scut_fbp5500,portrait_score,unassigned,2.8,2.8,0.6324555320336759,60
AM781,datasets\processed\scut_fbp5500\images\AM781.jpg,scut_fbp5500,portrait_score,unassigned,2.8666666666666667,2.8666666666666667,0.6234585511256954,60
AM782,datasets\processed\scut_fbp5500\images\AM782.jpg,scut_fbp5500,portrait_score,unassigned,2.716666666666667,2.716666666666667,0.5848849420870962,60
AM783,datasets\processed\scut_fbp5500\images\AM783.jpg,scut_fbp5500,portrait_score,unassigned,2.65,2.65,0.6331251516304803,60
AM784,datasets\processed\scut_fbp5500\images\AM784.jpg,scut_fbp5500,portrait_score,unassigned,2.15,2.15,0.7324211069911227,60
AM785,datasets\processed\scut_fbp5500\images\AM785.jpg,scut_fbp5500,portrait_score,unassigned,2.85,2.85,0.605763280945926,60
AM786,datasets\processed\scut_fbp5500\images\AM786.jpg,scut_fbp5500,portrait_score,unassigned,2.9166666666666665,2.9166666666666665,0.6960339624157419,60
AM787,datasets\processed\scut_fbp5500\images\AM787.jpg,scut_fbp5500,portrait_score,unassigned,2.7333333333333334,2.7333333333333334,0.6069279874259415,60
AM788,datasets\processed\scut_fbp5500\images\AM788.jpg,scut_fbp5500,portrait_score,unassigned,2.683333333333333,2.683333333333333,0.5963637459756623,60
AM789,datasets\processed\scut_fbp5500\images\AM789.jpg,scut_fbp5500,portrait_score,unassigned,2.3666666666666667,2.3666666666666667,0.6880743620304537,60
AM79,datasets\processed\scut_fbp5500\images\AM79.jpg,scut_fbp5500,portrait_score,unassigned,2.433333333333333,2.433333333333333,0.6731324866865127,60
AM790,datasets\processed\scut_fbp5500\images\AM790.jpg,scut_fbp5500,portrait_score,unassigned,2.2666666666666666,2.2666666666666666,0.6342396132422272,60
AM791,datasets\processed\scut_fbp5500\images\AM791.jpg,scut_fbp5500,portrait_score,unassigned,2.5,2.5,0.6509445549041193,60
AM792,datasets\processed\scut_fbp5500\images\AM792.jpg,scut_fbp5500,portrait_score,unassigned,2.1,2.1,0.729522713718023,60
AM793,datasets\processed\scut_fbp5500\images\AM793.jpg,scut_fbp5500,portrait_score,unassigned,2.8666666666666667,2.8666666666666667,0.5357290823891439,60
AM794,datasets\processed\scut_fbp5500\images\AM794.jpg,scut_fbp5500,portrait_score,unassigned,2.55,2.55,0.6745996929755542,60
AM795,datasets\processed\scut_fbp5500\images\AM795.jpg,scut_fbp5500,portrait_score,unassigned,1.9833333333333332,1.9833333333333332,0.6241378234003048,60
AM796,datasets\processed\scut_fbp5500\images\AM796.jpg,scut_fbp5500,portrait_score,unassigned,2.466666666666667,2.466666666666667,0.7240813388775701,60
AM797,datasets\processed\scut_fbp5500\images\AM797.jpg,scut_fbp5500,portrait_score,unassigned,2.6,2.6,0.6161663873899261,60
AM798,datasets\processed\scut_fbp5500\images\AM798.jpg,scut_fbp5500,portrait_score,unassigned,3.066666666666667,3.066666666666667,0.6069279874259418,60
AM799,datasets\processed\scut_fbp5500\images\AM799.jpg,scut_fbp5500,portrait_score,unassigned,2.25,2.25,0.7729538324626148,60
AM8,datasets\processed\scut_fbp5500\images\AM8.jpg,scut_fbp5500,portrait_score,unassigned,4.35,4.35,0.7089022308339534,60
AM80,datasets\processed\scut_fbp5500\images\AM80.jpg,scut_fbp5500,portrait_score,unassigned,3.3,3.3,0.6714517537598058,60
AM800,datasets\processed\scut_fbp5500\images\AM800.jpg,scut_fbp5500,portrait_score,unassigned,2.6333333333333333,2.6333333333333333,0.6097142055335257,60
AM801,datasets\processed\scut_fbp5500\images\AM801.jpg,scut_fbp5500,portrait_score,unassigned,2.816666666666667,2.816666666666667,0.5672313570575753,60
AM802,datasets\processed\scut_fbp5500\images\AM802.jpg,scut_fbp5500,portrait_score,unassigned,2.85,2.85,0.5771055773925835,60
AM803,datasets\processed\scut_fbp5500\images\AM803.jpg,scut_fbp5500,portrait_score,unassigned,2.7666666666666666,2.7666666666666666,0.5634839166238779,60
AM804,datasets\processed\scut_fbp5500\images\AM804.jpg,scut_fbp5500,portrait_score,unassigned,2.816666666666667,2.816666666666667,0.5365194379932873,60
AM805,datasets\processed\scut_fbp5500\images\AM805.jpg,scut_fbp5500,portrait_score,unassigned,2.15,2.15,0.6593525329532485,60
AM806,datasets\processed\scut_fbp5500\images\AM806.jpg,scut_fbp5500,portrait_score,unassigned,2.4,2.4,0.616166387389926,60
AM807,datasets\processed\scut_fbp5500\images\AM807.jpg,scut_fbp5500,portrait_score,unassigned,2.283333333333333,2.283333333333333,0.7152495514881186,60
AM808,datasets\processed\scut_fbp5500\images\AM808.jpg,scut_fbp5500,portrait_score,unassigned,2.3666666666666667,2.3666666666666667,0.7356921488320419,60
AM809,datasets\processed\scut_fbp5500\images\AM809.jpg,scut_fbp5500,portrait_score,unassigned,2.316666666666667,2.316666666666667,0.6762726024084974,60
AM81,datasets\processed\scut_fbp5500\images\AM81.jpg,scut_fbp5500,portrait_score,unassigned,3.966666666666667,3.966666666666667,0.7356921488320418,60
AM810,datasets\processed\scut_fbp5500\images\AM810.jpg,scut_fbp5500,portrait_score,unassigned,2.6166666666666667,2.6166666666666667,0.761169186891749,60
AM811,datasets\processed\scut_fbp5500\images\AM811.jpg,scut_fbp5500,portrait_score,unassigned,3.066666666666667,3.066666666666667,0.6856066636017633,60
AM812,datasets\processed\scut_fbp5500\images\AM812.jpg,scut_fbp5500,portrait_score,unassigned,2.1,2.1,0.656131446111426,60
AM813,datasets\processed\scut_fbp5500\images\AM813.jpg,scut_fbp5500,portrait_score,unassigned,3.8,3.8,0.6587095756740945,60
AM814,datasets\processed\scut_fbp5500\images\AM814.jpg,scut_fbp5500,portrait_score,unassigned,2.3833333333333333,2.3833333333333333,0.6402241838994507,60
AM815,datasets\processed\scut_fbp5500\images\AM815.jpg,scut_fbp5500,portrait_score,unassigned,2.433333333333333,2.433333333333333,0.6207340287621397,60
AM816,datasets\processed\scut_fbp5500\images\AM816.jpg,scut_fbp5500,portrait_score,unassigned,2.45,2.45,0.6223247830459754,60
AM817,datasets\processed\scut_fbp5500\images\AM817.jpg,scut_fbp5500,portrait_score,unassigned,2.0,2.0,0.6377928041432807,60
AM818,datasets\processed\scut_fbp5500\images\AM818.jpg,scut_fbp5500,portrait_score,unassigned,2.783333333333333,2.783333333333333,0.5848849420870964,60
AM819,datasets\processed\scut_fbp5500\images\AM819.jpg,scut_fbp5500,portrait_score,unassigned,2.8666666666666667,2.8666666666666667,0.5664838521990366,60
AM82,datasets\processed\scut_fbp5500\images\AM82.jpg,scut_fbp5500,portrait_score,unassigned,2.9166666666666665,2.9166666666666665,0.5301636033600228,60
AM820,datasets\processed\scut_fbp5500\images\AM820.jpg,scut_fbp5500,portrait_score,unassigned,2.85,2.85,0.4809947319913077,60
AM821,datasets\processed\scut_fbp5500\images\AM821.jpg,scut_fbp5500,portrait_score,unassigned,1.9166666666666667,1.9166666666666667,0.6960339624157419,60
AM822,datasets\processed\scut_fbp5500\images\AM822.jpg,scut_fbp5500,portrait_score,unassigned,2.8,2.8,0.5763708787148327,60
AM823,datasets\processed\scut_fbp5500\images\AM823.jpg,scut_fbp5500,portrait_score,unassigned,2.6666666666666665,2.6666666666666665,0.7287478619712607,60
AM824,datasets\processed\scut_fbp5500\images\AM824.jpg,scut_fbp5500,portrait_score,unassigned,2.45,2.45,0.6745996929755541,60
AM825,datasets\processed\scut_fbp5500\images\AM825.jpg,scut_fbp5500,portrait_score,unassigned,2.816666666666667,2.816666666666667,0.5963637459756623,60
AM826,datasets\processed\scut_fbp5500\images\AM826.jpg,scut_fbp5500,portrait_score,unassigned,2.5,2.5,0.6509445549041191,60
AM827,datasets\processed\scut_fbp5500\images\AM827.jpg,scut_fbp5500,portrait_score,unassigned,2.8,2.8,0.5461731270812971,60
AM828,datasets\processed\scut_fbp5500\images\AM828.jpg,scut_fbp5500,portrait_score,unassigned,2.583333333333333,2.583333333333333,0.590652229740289,60
AM829,datasets\processed\scut_fbp5500\images\AM829.jpg,scut_fbp5500,portrait_score,unassigned,2.5166666666666666,2.5166666666666666,0.6507275372101721,60
AM83,datasets\processed\scut_fbp5500\images\AM83.jpg,scut_fbp5500,portrait_score,unassigned,3.1,3.1,0.9150344996737666,60
AM830,datasets\processed\scut_fbp5500\images\AM830.jpg,scut_fbp5500,portrait_score,unassigned,2.4833333333333334,2.4833333333333334,0.6507275372101718,60
AM831,datasets\processed\scut_fbp5500\images\AM831.jpg,scut_fbp5500,portrait_score,unassigned,2.8833333333333333,2.8833333333333333,0.5551505114790763,60
AM832,datasets\processed\scut_fbp5500\images\AM832.jpg,scut_fbp5500,portrait_score,unassigned,2.1,2.1,0.7523972985831716,60
AM833,datasets\processed\scut_fbp5500\images\AM833.jpg,scut_fbp5500,portrait_score,unassigned,2.2666666666666666,2.2666666666666666,0.7561424551163481,60
AM834,datasets\processed\scut_fbp5500\images\AM834.jpg,scut_fbp5500,portrait_score,unassigned,2.7666666666666666,2.7666666666666666,0.5325559305923083,60
AM835,datasets\processed\scut_fbp5500\images\AM835.jpg,scut_fbp5500,portrait_score,unassigned,2.566666666666667,2.566666666666667,0.6731324866865128,60
AM836,datasets\processed\scut_fbp5500\images\AM836.jpg,scut_fbp5500,portrait_score,unassigned,2.816666666666667,2.816666666666667,0.5039392842990978,60
AM837,datasets\processed\scut_fbp5500\images\AM837.jpg,scut_fbp5500,portrait_score,unassigned,2.8,2.8,0.4801129810537007,60
AM838,datasets\processed\scut_fbp5500\images\AM838.jpg,scut_fbp5500,portrait_score,unassigned,1.9166666666666667,1.9166666666666667,0.6712413662397547,60
AM839,datasets\processed\scut_fbp5500\images\AM839.jpg,scut_fbp5500,portrait_score,unassigned,2.716666666666667,2.716666666666667,0.5551505114790765,60
AM84,datasets\processed\scut_fbp5500\images\AM84.jpg,scut_fbp5500,portrait_score,unassigned,3.566666666666667,3.566666666666667,0.8102451327476412,60
AM840,datasets\processed\scut_fbp5500\images\AM840.jpg,scut_fbp5500,portrait_score,unassigned,3.0,3.0,0.552344770738994,60
AM841,datasets\processed\scut_fbp5500\images\AM841.jpg,scut_fbp5500,portrait_score,unassigned,2.5166666666666666,2.5166666666666666,0.650727537210172,60
AM842,datasets\processed\scut_fbp5500\images\AM842.jpg,scut_fbp5500,portrait_score,unassigned,2.9,2.9,0.681473975776784,60
AM843,datasets\processed\scut_fbp5500\images\AM843.jpg,scut_fbp5500,portrait_score,unassigned,2.466666666666667,2.466666666666667,0.6500760494407537,60
AM844,datasets\processed\scut_fbp5500\images\AM844.jpg,scut_fbp5500,portrait_score,unassigned,2.533333333333333,2.533333333333333,0.595652801459882,60
AM845,datasets\processed\scut_fbp5500\images\AM845.jpg,scut_fbp5500,portrait_score,unassigned,2.683333333333333,2.683333333333333,0.6241378234003048,60
AM846,datasets\processed\scut_fbp5500\images\AM846.jpg,scut_fbp5500,portrait_score,unassigned,2.566666666666667,2.566666666666667,0.6207340287621397,60
AM847,datasets\processed\scut_fbp5500\images\AM847.jpg,scut_fbp5500,portrait_score,unassigned,2.9166666666666665,2.9166666666666665,0.5301636033600229,60
AM848,datasets\processed\scut_fbp5500\images\AM848.jpg,scut_fbp5500,portrait_score,unassigned,2.5166666666666666,2.5166666666666666,0.6762726024084974,60
AM849,datasets\processed\scut_fbp5500\images\AM849.jpg,scut_fbp5500,portrait_score,unassigned,2.4166666666666665,2.4166666666666665,0.6712413662397544,60
AM85,datasets\processed\scut_fbp5500\images\AM85.jpg,scut_fbp5500,portrait_score,unassigned,1.95,1.95,0.7461766955734742,60
AM850,datasets\processed\scut_fbp5500\images\AM850.jpg,scut_fbp5500,portrait_score,unassigned,2.5166666666666666,2.5166666666666666,0.5963637459756624,60
AM851,datasets\processed\scut_fbp5500\images\AM851.jpg,scut_fbp5500,portrait_score,unassigned,2.45,2.45,0.6745996929755541,60
AM852,datasets\processed\scut_fbp5500\images\AM852.jpg,scut_fbp5500,portrait_score,unassigned,2.45,2.45,0.674599692975554,60
AM853,datasets\processed\scut_fbp5500\images\AM853.jpg,scut_fbp5500,portrait_score,unassigned,2.2333333333333334,2.2333333333333334,0.7217367628174831,60
AM854,datasets\processed\scut_fbp5500\images\AM854.jpg,scut_fbp5500,portrait_score,unassigned,2.5,2.5,0.5674803065350239,60
AM855,datasets\processed\scut_fbp5500\images\AM855.jpg,scut_fbp5500,portrait_score,unassigned,2.8,2.8,0.5142049977013224,60
AM856,datasets\processed\scut_fbp5500\images\AM856.jpg,scut_fbp5500,portrait_score,unassigned,2.216666666666667,2.216666666666667,0.6911465950282971,60
AM857,datasets\processed\scut_fbp5500\images\AM857.jpg,scut_fbp5500,portrait_score,unassigned,2.75,2.75,0.5712015287450465,60
AM858,datasets\processed\scut_fbp5500\images\AM858.jpg,scut_fbp5500,portrait_score,unassigned,2.833333333333333,2.833333333333333,0.6422066478409216,60
AM859,datasets\processed\scut_fbp5500\images\AM859.jpg,scut_fbp5500,portrait_score,unassigned,2.8666666666666667,2.8666666666666667,0.6234585511256956,60
AM86,datasets\processed\scut_fbp5500\images\AM86.jpg,scut_fbp5500,portrait_score,unassigned,3.2666666666666666,3.2666666666666666,0.7098977407062843,60
AM860,datasets\processed\scut_fbp5500\images\AM860.jpg,scut_fbp5500,portrait_score,unassigned,2.833333333333333,2.833333333333333,0.5870543146605618,60
AM861,datasets\processed\scut_fbp5500\images\AM861.jpg,scut_fbp5500,portrait_score,unassigned,2.6,2.6,0.6430857812406509,60
AM862,datasets\processed\scut_fbp5500\images\AM862.jpg,scut_fbp5500,portrait_score,unassigned,2.4833333333333334,2.4833333333333334,0.650727537210172,60
AM863,datasets\processed\scut_fbp5500\images\AM863.jpg,scut_fbp5500,portrait_score,unassigned,3.533333333333333,3.533333333333333,0.6500760494407538,60
AM864,datasets\processed\scut_fbp5500\images\AM864.jpg,scut_fbp5500,portrait_score,unassigned,2.85,2.85,0.515028384934399,60
AM865,datasets\processed\scut_fbp5500\images\AM865.jpg,scut_fbp5500,portrait_score,unassigned,2.716666666666667,2.716666666666667,0.5848849420870965,60
AM866,datasets\processed\scut_fbp5500\images\AM866.jpg,scut_fbp5500,portrait_score,unassigned,2.95,2.95,0.5344092255369318,60
AM867,datasets\processed\scut_fbp5500\images\AM867.jpg,scut_fbp5500,portrait_score,unassigned,3.5166666666666666,3.5166666666666666,0.7008872504569529,60
AM868,datasets\processed\scut_fbp5500\images\AM868.jpg,scut_fbp5500,portrait_score,unassigned,1.8166666666666669,1.8166666666666669,0.7008872504569529,60
AM869,datasets\processed\scut_fbp5500\images\AM869.jpg,scut_fbp5500,portrait_score,unassigned,2.15,2.15,0.6331251516304802,60
AM87,datasets\processed\scut_fbp5500\images\AM87.jpg,scut_fbp5500,portrait_score,unassigned,3.633333333333333,3.633333333333333,0.7356921488320418,60
AM870,datasets\processed\scut_fbp5500\images\AM870.jpg,scut_fbp5500,portrait_score,unassigned,1.6,1.6,0.7178121183764841,60
AM871,datasets\processed\scut_fbp5500\images\AM871.jpg,scut_fbp5500,portrait_score,unassigned,2.3,2.3,0.6962368581968815,60
AM872,datasets\processed\scut_fbp5500\images\AM872.jpg,scut_fbp5500,portrait_score,unassigned,2.1,2.1,0.7745966692414834,60
AM873,datasets\processed\scut_fbp5500\images\AM873.jpg,scut_fbp5500,portrait_score,unassigned,2.35,2.35,0.7089022308339537,60
AM874,datasets\processed\scut_fbp5500\images\AM874.jpg,scut_fbp5500,portrait_score,unassigned,2.3,2.3,0.6714517537598056,60
AM875,datasets\processed\scut_fbp5500\images\AM875.jpg,scut_fbp5500,portrait_score,unassigned,2.9166666666666665,2.9166666666666665,0.590652229740289,60
AM876,datasets\processed\scut_fbp5500\images\AM876.jpg,scut_fbp5500,portrait_score,unassigned,2.65,2.65,0.5771055773925835,60
AM877,datasets\processed\scut_fbp5500\images\AM877.jpg,scut_fbp5500,portrait_score,unassigned,2.466666666666667,2.466666666666667,0.6500760494407538,60
AM878,datasets\processed\scut_fbp5500\images\AM878.jpg,scut_fbp5500,portrait_score,unassigned,2.566666666666667,2.566666666666667,0.5928004971139372,60
AM879,datasets\processed\scut_fbp5500\images\AM879.jpg,scut_fbp5500,portrait_score,unassigned,2.816666666666667,2.816666666666667,0.7476894729916952,60
AM88,datasets\processed\scut_fbp5500\images\AM88.jpg,scut_fbp5500,portrait_score,unassigned,3.6,3.6,0.7178121183764841,60
AM880,datasets\processed\scut_fbp5500\images\AM880.jpg,scut_fbp5500,portrait_score,unassigned,2.6666666666666665,2.6666666666666665,0.6288721857330792,60
AM881,datasets\processed\scut_fbp5500\images\AM881.jpg,scut_fbp5500,portrait_score,unassigned,2.4833333333333334,2.4833333333333334,0.6762726024084974,60
AM882,datasets\processed\scut_fbp5500\images\AM882.jpg,scut_fbp5500,portrait_score,unassigned,2.783333333333333,2.783333333333333,0.5237306419436756,60
AM883,datasets\processed\scut_fbp5500\images\AM883.jpg,scut_fbp5500,portrait_score,unassigned,2.283333333333333,2.283333333333333,0.6911465950282971,60
AM884,datasets\processed\scut_fbp5500\images\AM884.jpg,scut_fbp5500,portrait_score,unassigned,2.7,2.7,0.6714517537598056,60
AM885,datasets\processed\scut_fbp5500\images\AM885.jpg,scut_fbp5500,portrait_score,unassigned,2.3833333333333333,2.3833333333333333,0.6661721329614916,60
AM886,datasets\processed\scut_fbp5500\images\AM886.jpg,scut_fbp5500,portrait_score,unassigned,2.9833333333333334,2.9833333333333334,0.5365194379932872,60
AM887,datasets\processed\scut_fbp5500\images\AM887.jpg,scut_fbp5500,portrait_score,unassigned,2.3666666666666667,2.3666666666666667,0.6880743620304537,60
AM888,datasets\processed\scut_fbp5500\images\AM888.jpg,scut_fbp5500,portrait_score,unassigned,2.533333333333333,2.533333333333333,0.7002824288999324,60
AM889,datasets\processed\scut_fbp5500\images\AM889.jpg,scut_fbp5500,portrait_score,unassigned,2.1,2.1,0.7745966692414834,60
AM89,datasets\processed\scut_fbp5500\images\AM89.jpg,scut_fbp5500,portrait_score,unassigned,3.0166666666666666,3.0166666666666666,0.5039392842990978,60
AM890,datasets\processed\scut_fbp5500\images\AM890.jpg,scut_fbp5500,portrait_score,unassigned,2.1,2.1,0.7523972985831716,60
AM891,datasets\processed\scut_fbp5500\images\AM891.jpg,scut_fbp5500,portrait_score,unassigned,2.716666666666667,2.716666666666667,0.6131791749276647,60
AM892,datasets\processed\scut_fbp5500\images\AM892.jpg,scut_fbp5500,portrait_score,unassigned,2.35,2.35,0.6331251516304804,60
AM893,datasets\processed\scut_fbp5500\images\AM893.jpg,scut_fbp5500,portrait_score,unassigned,2.1,2.1,0.7059072777254553,60
AM894,datasets\processed\scut_fbp5500\images\AM894.jpg,scut_fbp5500,portrait_score,unassigned,2.716666666666667,2.716666666666667,0.6402241838994507,60
AM895,datasets\processed\scut_fbp5500\images\AM895.jpg,scut_fbp5500,portrait_score,unassigned,2.6166666666666667,2.6166666666666667,0.6131791749276649,60
AM896,datasets\processed\scut_fbp5500\images\AM896.jpg,scut_fbp5500,portrait_score,unassigned,2.3,2.3,0.720169471580551,60
AM897,datasets\processed\scut_fbp5500\images\AM897.jpg,scut_fbp5500,portrait_score,unassigned,2.5166666666666666,2.5166666666666666,0.6241378234003049,60
AM898,datasets\processed\scut_fbp5500\images\AM898.jpg,scut_fbp5500,portrait_score,unassigned,2.3833333333333333,2.3833333333333333,0.7152495514881185,60
AM899,datasets\processed\scut_fbp5500\images\AM899.jpg,scut_fbp5500,portrait_score,unassigned,2.6666666666666665,2.6666666666666665,0.5724365605193374,60
AM9,datasets\processed\scut_fbp5500\images\AM9.jpg,scut_fbp5500,portrait_score,unassigned,3.9166666666666665,3.9166666666666665,0.6712413662397547,60
AM90,datasets\processed\scut_fbp5500\images\AM90.jpg,scut_fbp5500,portrait_score,unassigned,1.8833333333333333,1.8833333333333333,0.7385663314751767,60
AM900,datasets\processed\scut_fbp5500\images\AM900.jpg,scut_fbp5500,portrait_score,unassigned,2.5166666666666666,2.5166666666666666,0.650727537210172,60
AM901,datasets\processed\scut_fbp5500\images\AM901.jpg,scut_fbp5500,portrait_score,unassigned,2.533333333333333,2.533333333333333,0.5956528014598819,60
AM902,datasets\processed\scut_fbp5500\images\AM902.jpg,scut_fbp5500,portrait_score,unassigned,2.8833333333333333,2.8833333333333333,0.5848849420870964,60
AM903,datasets\processed\scut_fbp5500\images\AM903.jpg,scut_fbp5500,portrait_score,unassigned,2.3666666666666667,2.3666666666666667,0.7122812876724769,60
AM904,datasets\processed\scut_fbp5500\images\AM904.jpg,scut_fbp5500,portrait_score,unassigned,2.55,2.55,0.6223247830459755,60
AM905,datasets\processed\scut_fbp5500\images\AM905.jpg,scut_fbp5500,portrait_score,unassigned,2.8833333333333333,2.8833333333333333,0.6402241838994506,60
AM906,datasets\processed\scut_fbp5500\images\AM906.jpg,scut_fbp5500,portrait_score,unassigned,2.7333333333333334,2.7333333333333334,0.5482380612028067,60
AM907,datasets\processed\scut_fbp5500\images\AM907.jpg,scut_fbp5500,portrait_score,unassigned,2.783333333333333,2.783333333333333,0.5551505114790767,60
AM908,datasets\processed\scut_fbp5500\images\AM908.jpg,scut_fbp5500,portrait_score,unassigned,2.3666666666666667,2.3666666666666667,0.7122812876724768,60
AM909,datasets\processed\scut_fbp5500\images\AM909.jpg,scut_fbp5500,portrait_score,unassigned,2.533333333333333,2.533333333333333,0.7911944770819447,60
AM91,datasets\processed\scut_fbp5500\images\AM91.jpg,scut_fbp5500,portrait_score,unassigned,2.9833333333333334,2.9833333333333334,0.5963637459756623,60
AM910,datasets\processed\scut_fbp5500\images\AM910.jpg,scut_fbp5500,portrait_score,unassigned,2.1,2.1,0.705907277725455,60
AM911,datasets\processed\scut_fbp5500\images\AM911.jpg,scut_fbp5500,portrait_score,unassigned,2.8,2.8,0.6324555320336758,60
AM912,datasets\processed\scut_fbp5500\images\AM912.jpg,scut_fbp5500,portrait_score,unassigned,2.65,2.65,0.6331251516304803,60
AM913,datasets\processed\scut_fbp5500\images\AM913.jpg,scut_fbp5500,portrait_score,unassigned,2.3833333333333333,2.3833333333333333,0.6402241838994505,60
AM914,datasets\processed\scut_fbp5500\images\AM914.jpg,scut_fbp5500,portrait_score,unassigned,2.4833333333333334,2.4833333333333334,0.7008872504569528,60
AM915,datasets\processed\scut_fbp5500\images\AM915.jpg,scut_fbp5500,portrait_score,unassigned,2.6666666666666665,2.6666666666666665,0.5724365605193374,60
AM916,datasets\processed\scut_fbp5500\images\AM916.jpg,scut_fbp5500,portrait_score,unassigned,2.6666666666666665,2.6666666666666665,0.6013168224022631,60
AM917,datasets\processed\scut_fbp5500\images\AM917.jpg,scut_fbp5500,portrait_score,unassigned,2.816666666666667,2.816666666666667,0.6762726024084973,60
AM918,datasets\processed\scut_fbp5500\images\AM918.jpg,scut_fbp5500,portrait_score,unassigned,2.4166666666666665,2.4166666666666665,0.6712413662397548,60
AM919,datasets\processed\scut_fbp5500\images\AM919.jpg,scut_fbp5500,portrait_score,unassigned,2.583333333333333,2.583333333333333,0.6712413662397546,60
AM92,datasets\processed\scut_fbp5500\images\AM92.jpg,scut_fbp5500,portrait_score,unassigned,2.9166666666666665,2.9166666666666665,0.6960339624157418,60
AM920,datasets\processed\scut_fbp5500\images\AM920.jpg,scut_fbp5500,portrait_score,unassigned,2.2333333333333334,2.2333333333333334,0.7217367628174832,60
AM921,datasets\processed\scut_fbp5500\images\AM921.jpg,scut_fbp5500,portrait_score,unassigned,2.3666666666666667,2.3666666666666667,0.7356921488320419,60
AM922,datasets\processed\scut_fbp5500\images\AM922.jpg,scut_fbp5500,portrait_score,unassigned,2.6333333333333333,2.6333333333333333,0.6369063647932277,60
AM923,datasets\processed\scut_fbp5500\images\AM923.jpg,scut_fbp5500,portrait_score,unassigned,2.083333333333333,2.083333333333333,0.6960339624157418,60
AM924,datasets\processed\scut_fbp5500\images\AM924.jpg,scut_fbp5500,portrait_score,unassigned,2.9,2.9,0.6022556470526279,60
AM925,datasets\processed\scut_fbp5500\images\AM925.jpg,scut_fbp5500,portrait_score,unassigned,2.6333333333333333,2.6333333333333333,0.5812513288970897,60
AM926,datasets\processed\scut_fbp5500\images\AM926.jpg,scut_fbp5500,portrait_score,unassigned,2.35,2.35,0.7552079071691765,60
AM927,datasets\processed\scut_fbp5500\images\AM927.jpg,scut_fbp5500,portrait_score,unassigned,2.716666666666667,2.716666666666667,0.6402241838994505,60
AM928,datasets\processed\scut_fbp5500\images\AM928.jpg,scut_fbp5500,portrait_score,unassigned,2.55,2.55,0.6223247830459755,60
AM929,datasets\processed\scut_fbp5500\images\AM929.jpg,scut_fbp5500,portrait_score,unassigned,2.4166666666666665,2.4166666666666665,0.6712413662397547,60
AM93,datasets\processed\scut_fbp5500\images\AM93.jpg,scut_fbp5500,portrait_score,unassigned,2.1333333333333333,2.1333333333333333,0.5956528014598821,60
AM930,datasets\processed\scut_fbp5500\images\AM930.jpg,scut_fbp5500,portrait_score,unassigned,2.4833333333333334,2.4833333333333334,0.624137823400305,60
AM931,datasets\processed\scut_fbp5500\images\AM931.jpg,scut_fbp5500,portrait_score,unassigned,2.75,2.75,0.627748195226533,60
AM932,datasets\processed\scut_fbp5500\images\AM932.jpg,scut_fbp5500,portrait_score,unassigned,2.35,2.35,0.7324211069911227,60
AM933,datasets\processed\scut_fbp5500\images\AM933.jpg,scut_fbp5500,portrait_score,unassigned,2.75,2.75,0.5407151573203144,60
AM934,datasets\processed\scut_fbp5500\images\AM934.jpg,scut_fbp5500,portrait_score,unassigned,2.0166666666666666,2.0166666666666666,0.7476894729916952,60
AM935,datasets\processed\scut_fbp5500\images\AM935.jpg,scut_fbp5500,portrait_score,unassigned,2.0166666666666666,2.0166666666666666,0.7476894729916952,60
AM936,datasets\processed\scut_fbp5500\images\AM936.jpg,scut_fbp5500,portrait_score,unassigned,2.283333333333333,2.283333333333333,0.7152495514881185,60
AM937,datasets\processed\scut_fbp5500\images\AM937.jpg,scut_fbp5500,portrait_score,unassigned,2.716666666666667,2.716666666666667,0.783119937275378,60
AM938,datasets\processed\scut_fbp5500\images\AM938.jpg,scut_fbp5500,portrait_score,unassigned,2.9,2.9,0.5734226707429991,60
AM939,datasets\processed\scut_fbp5500\images\AM939.jpg,scut_fbp5500,portrait_score,unassigned,2.683333333333333,2.683333333333333,0.6507275372101721,60
AM94,datasets\processed\scut_fbp5500\images\AM94.jpg,scut_fbp5500,portrait_score,unassigned,3.3,3.3,0.5614750549117347,60
AM940,datasets\processed\scut_fbp5500\images\AM940.jpg,scut_fbp5500,portrait_score,unassigned,2.5,2.5,0.567480306535024,60
AM941,datasets\processed\scut_fbp5500\images\AM941.jpg,scut_fbp5500,portrait_score,unassigned,2.4,2.4,0.6689227362847253,60
AM942,datasets\processed\scut_fbp5500\images\AM942.jpg,scut_fbp5500,portrait_score,unassigned,2.8666666666666667,2.8666666666666667,0.4681976500881039,60
AM943,datasets\processed\scut_fbp5500\images\AM943.jpg,scut_fbp5500,portrait_score,unassigned,2.85,2.85,0.5150283849343992,60
AM944,datasets\processed\scut_fbp5500\images\AM944.jpg,scut_fbp5500,portrait_score,unassigned,1.7833333333333334,1.7833333333333334,0.6402241838994506,60
AM945,datasets\processed\scut_fbp5500\images\AM945.jpg,scut_fbp5500,portrait_score,unassigned,2.183333333333333,2.183333333333333,0.6762726024084974,60
AM946,datasets\processed\scut_fbp5500\images\AM946.jpg,scut_fbp5500,portrait_score,unassigned,2.716666666666667,2.716666666666667,0.6131791749276647,60
AM947,datasets\processed\scut_fbp5500\images\AM947.jpg,scut_fbp5500,portrait_score,unassigned,2.0166666666666666,2.0166666666666666,0.7246662976417858,60
AM948,datasets\processed\scut_fbp5500\images\AM948.jpg,scut_fbp5500,portrait_score,unassigned,2.9166666666666665,2.9166666666666665,0.618682763281733,60
AM949,datasets\processed\scut_fbp5500\images\AM949.jpg,scut_fbp5500,portrait_score,unassigned,2.9,2.9,0.4395683553021655,60
AM95,datasets\processed\scut_fbp5500\images\AM95.jpg,scut_fbp5500,portrait_score,unassigned,2.333333333333333,2.333333333333333,0.7287478619712606,60
AM950,datasets\processed\scut_fbp5500\images\AM950.jpg,scut_fbp5500,portrait_score,unassigned,2.55,2.55,0.6992732304667882,60
AM951,datasets\processed\scut_fbp5500\images\AM951.jpg,scut_fbp5500,portrait_score,unassigned,2.2,2.2,0.7083042533080239,60
AM952,datasets\processed\scut_fbp5500\images\AM952.jpg,scut_fbp5500,portrait_score,unassigned,2.2666666666666666,2.2666666666666666,0.7333846926031609,60
AM953,datasets\processed\scut_fbp5500\images\AM953.jpg,scut_fbp5500,portrait_score,unassigned,2.95,2.95,0.6489887831680653,60
AM954,datasets\processed\scut_fbp5500\images\AM954.jpg,scut_fbp5500,portrait_score,unassigned,2.783333333333333,2.783333333333333,0.5237306419436756,60
AM955,datasets\processed\scut_fbp5500\images\AM955.jpg,scut_fbp5500,portrait_score,unassigned,2.6666666666666665,2.6666666666666665,0.601316822402263,60
AM956,datasets\processed\scut_fbp5500\images\AM956.jpg,scut_fbp5500,portrait_score,unassigned,2.3833333333333333,2.3833333333333333,0.7385663314751768,60
AM957,datasets\processed\scut_fbp5500\images\AM957.jpg,scut_fbp5500,portrait_score,unassigned,2.05,2.05,0.7903013799725018,60
AM958,datasets\processed\scut_fbp5500\images\AM958.jpg,scut_fbp5500,portrait_score,unassigned,2.316666666666667,2.316666666666667,0.6762726024084974,60
AM959,datasets\processed\scut_fbp5500\images\AM959.jpg,scut_fbp5500,portrait_score,unassigned,2.083333333333333,2.083333333333333,0.7431419023347088,60
AM96,datasets\processed\scut_fbp5500\images\AM96.jpg,scut_fbp5500,portrait_score,unassigned,2.316666666666667,2.316666666666667,0.650727537210172,60
AM960,datasets\processed\scut_fbp5500\images\AM960.jpg,scut_fbp5500,portrait_score,unassigned,2.716666666666667,2.716666666666667,0.5848849420870965,60
AM961,datasets\processed\scut_fbp5500\images\AM961.jpg,scut_fbp5500,portrait_score,unassigned,2.9166666666666665,2.9166666666666665,0.561223441609872,60
AM962,datasets\processed\scut_fbp5500\images\AM962.jpg,scut_fbp5500,portrait_score,unassigned,2.716666666666667,2.716666666666667,0.5551505114790763,60
AM963,datasets\processed\scut_fbp5500\images\AM963.jpg,scut_fbp5500,portrait_score,unassigned,3.1,3.1,0.3991516427353205,60
AM964,datasets\processed\scut_fbp5500\images\AM964.jpg,scut_fbp5500,portrait_score,unassigned,2.2666666666666666,2.2666666666666666,0.6604227374117243,60
AM965,datasets\processed\scut_fbp5500\images\AM965.jpg,scut_fbp5500,portrait_score,unassigned,2.966666666666667,2.966666666666667,0.6097142055335257,60
AM966,datasets\processed\scut_fbp5500\images\AM966.jpg,scut_fbp5500,portrait_score,unassigned,2.9,2.9,0.6561314461114262,60
AM967,datasets\processed\scut_fbp5500\images\AM967.jpg,scut_fbp5500,portrait_score,unassigned,3.1333333333333333,3.1333333333333333,0.5664838521990366,60
AM968,datasets\processed\scut_fbp5500\images\AM968.jpg,scut_fbp5500,portrait_score,unassigned,2.2333333333333334,2.2333333333333334,0.6978579008061127,60
AM969,datasets\processed\scut_fbp5500\images\AM969.jpg,scut_fbp5500,portrait_score,unassigned,2.8833333333333333,2.8833333333333333,0.7831199372753781,60
AM97,datasets\processed\scut_fbp5500\images\AM97.jpg,scut_fbp5500,portrait_score,unassigned,3.733333333333333,3.733333333333333,0.8609546665493528,60
AM970,datasets\processed\scut_fbp5500\images\AM970.jpg,scut_fbp5500,portrait_score,unassigned,2.9,2.9,0.5108981788502895,60
AM971,datasets\processed\scut_fbp5500\images\AM971.jpg,scut_fbp5500,portrait_score,unassigned,2.0,2.0,0.7811334658849433,60
AM972,datasets\processed\scut_fbp5500\images\AM972.jpg,scut_fbp5500,portrait_score,unassigned,2.583333333333333,2.583333333333333,0.590652229740289,60
AM973,datasets\processed\scut_fbp5500\images\AM973.jpg,scut_fbp5500,portrait_score,unassigned,2.85,2.85,0.684575830567082,60
AM974,datasets\processed\scut_fbp5500\images\AM974.jpg,scut_fbp5500,portrait_score,unassigned,2.4833333333333334,2.4833333333333334,0.5963637459756622,60
AM975,datasets\processed\scut_fbp5500\images\AM975.jpg,scut_fbp5500,portrait_score,unassigned,2.716666666666667,2.716666666666667,0.6911465950282972,60
AM976,datasets\processed\scut_fbp5500\images\AM976.jpg,scut_fbp5500,portrait_score,unassigned,1.9166666666666667,1.9166666666666667,0.7431419023347088,60
AM977,datasets\processed\scut_fbp5500\images\AM977.jpg,scut_fbp5500,portrait_score,unassigned,1.8333333333333333,1.8333333333333333,0.668077602989218,60
AM978,datasets\processed\scut_fbp5500\images\AM978.jpg,scut_fbp5500,portrait_score,unassigned,2.6666666666666665,2.6666666666666665,0.5724365605193374,60
AM979,datasets\processed\scut_fbp5500\images\AM979.jpg,scut_fbp5500,portrait_score,unassigned,2.3,2.3,0.6962368581968814,60
AM98,datasets\processed\scut_fbp5500\images\AM98.jpg,scut_fbp5500,portrait_score,unassigned,3.1166666666666667,3.1166666666666667,0.8252717408997373,60
AM980,datasets\processed\scut_fbp5500\images\AM980.jpg,scut_fbp5500,portrait_score,unassigned,2.283333333333333,2.283333333333333,0.7152495514881185,60
AM981,datasets\processed\scut_fbp5500\images\AM981.jpg,scut_fbp5500,portrait_score,unassigned,2.566666666666667,2.566666666666667,0.5928004971139371,60
AM982,datasets\processed\scut_fbp5500\images\AM982.jpg,scut_fbp5500,portrait_score,unassigned,2.683333333333333,2.683333333333333,0.7476894729916952,60
AM983,datasets\processed\scut_fbp5500\images\AM983.jpg,scut_fbp5500,portrait_score,unassigned,2.6333333333333333,2.6333333333333333,0.6369063647932279,60
AM984,datasets\processed\scut_fbp5500\images\AM984.jpg,scut_fbp5500,portrait_score,unassigned,3.283333333333333,3.283333333333333,0.7152495514881186,60
AM985,datasets\processed\scut_fbp5500\images\AM985.jpg,scut_fbp5500,portrait_score,unassigned,3.2333333333333334,3.2333333333333334,0.7448504949901058,60
AM986,datasets\processed\scut_fbp5500\images\AM986.jpg,scut_fbp5500,portrait_score,unassigned,2.183333333333333,2.183333333333333,0.6762726024084973,60
AM987,datasets\processed\scut_fbp5500\images\AM987.jpg,scut_fbp5500,portrait_score,unassigned,2.683333333333333,2.683333333333333,0.5365194379932873,60
AM988,datasets\processed\scut_fbp5500\images\AM988.jpg,scut_fbp5500,portrait_score,unassigned,2.7666666666666666,2.7666666666666666,0.5928004971139372,60
AM989,datasets\processed\scut_fbp5500\images\AM989.jpg,scut_fbp5500,portrait_score,unassigned,2.5166666666666666,2.5166666666666666,0.6762726024084973,60
AM99,datasets\processed\scut_fbp5500\images\AM99.jpg,scut_fbp5500,portrait_score,unassigned,3.566666666666667,3.566666666666667,0.6731324866865127,60
AM990,datasets\processed\scut_fbp5500\images\AM990.jpg,scut_fbp5500,portrait_score,unassigned,2.716666666666667,2.716666666666667,0.5848849420870964,60
AM991,datasets\processed\scut_fbp5500\images\AM991.jpg,scut_fbp5500,portrait_score,unassigned,2.1,2.1,0.6814739757767841,60
AM992,datasets\processed\scut_fbp5500\images\AM992.jpg,scut_fbp5500,portrait_score,unassigned,2.683333333333333,2.683333333333333,0.5039392842990978,60
AM993,datasets\processed\scut_fbp5500\images\AM993.jpg,scut_fbp5500,portrait_score,unassigned,2.283333333333333,2.283333333333333,0.6911465950282973,60
AM994,datasets\processed\scut_fbp5500\images\AM994.jpg,scut_fbp5500,portrait_score,unassigned,2.716666666666667,2.716666666666667,0.6131791749276649,60
AM995,datasets\processed\scut_fbp5500\images\AM995.jpg,scut_fbp5500,portrait_score,unassigned,2.7,2.7,0.5614750549117347,60
AM996,datasets\processed\scut_fbp5500\images\AM996.jpg,scut_fbp5500,portrait_score,unassigned,2.05,2.05,0.7231053560389408,60
AM997,datasets\processed\scut_fbp5500\images\AM997.jpg,scut_fbp5500,portrait_score,unassigned,2.55,2.55,0.6745996929755539,60
AM998,datasets\processed\scut_fbp5500\images\AM998.jpg,scut_fbp5500,portrait_score,unassigned,2.583333333333333,2.583333333333333,0.6712413662397545,60
AM999,datasets\processed\scut_fbp5500\images\AM999.jpg,scut_fbp5500,portrait_score,unassigned,2.3666666666666667,2.3666666666666667,0.7583806715217979,60
CF1,datasets\processed\scut_fbp5500\images\CF1.jpg,scut_fbp5500,portrait_score,unassigned,4.116666666666666,4.116666666666666,0.7152495514881184,60
CF10,datasets\processed\scut_fbp5500\images\CF10.jpg,scut_fbp5500,portrait_score,unassigned,3.55,3.55,0.7685557664227723,60
CF100,datasets\processed\scut_fbp5500\images\CF100.jpg,scut_fbp5500,portrait_score,unassigned,2.1333333333333333,2.1333333333333333,0.7240813388775703,60
CF101,datasets\processed\scut_fbp5500\images\CF101.jpg,scut_fbp5500,portrait_score,unassigned,2.4833333333333334,2.4833333333333334,0.650727537210172,60
CF102,datasets\processed\scut_fbp5500\images\CF102.jpg,scut_fbp5500,portrait_score,unassigned,3.3,3.3,0.8295393861778589,60
CF103,datasets\processed\scut_fbp5500\images\CF103.jpg,scut_fbp5500,portrait_score,unassigned,2.6,2.6,0.7178121183764841,60
CF104,datasets\processed\scut_fbp5500\images\CF104.jpg,scut_fbp5500,portrait_score,unassigned,2.55,2.55,0.7231053560389407,60
CF105,datasets\processed\scut_fbp5500\images\CF105.jpg,scut_fbp5500,portrait_score,unassigned,2.75,2.75,0.5084039498973099,60
CF106,datasets\processed\scut_fbp5500\images\CF106.jpg,scut_fbp5500,portrait_score,unassigned,2.9,2.9,0.6814739757767844,60
CF107,datasets\processed\scut_fbp5500\images\CF107.jpg,scut_fbp5500,portrait_score,unassigned,3.816666666666667,3.816666666666667,0.7700245795475265,60
CF108,datasets\processed\scut_fbp5500\images\CF108.jpg,scut_fbp5500,portrait_score,unassigned,2.1,2.1,0.681473975776784,60
CF109,datasets\processed\scut_fbp5500\images\CF109.jpg,scut_fbp5500,portrait_score,unassigned,2.316666666666667,2.316666666666667,0.6762726024084973,60
CF11,datasets\processed\scut_fbp5500\images\CF11.jpg,scut_fbp5500,portrait_score,unassigned,4.366666666666666,4.366666666666666,0.6629841797500676,60
CF110,datasets\processed\scut_fbp5500\images\CF110.jpg,scut_fbp5500,portrait_score,unassigned,2.65,2.65,0.6845758305670819,60
CF111,datasets\processed\scut_fbp5500\images\CF111.jpg,scut_fbp5500,portrait_score,unassigned,2.9833333333333334,2.9833333333333334,0.650727537210172,60
CF112,datasets\processed\scut_fbp5500\images\CF112.jpg,scut_fbp5500,portrait_score,unassigned,2.783333333333333,2.783333333333333,0.6911465950282972,60
CF113,datasets\processed\scut_fbp5500\images\CF113.jpg,scut_fbp5500,portrait_score,unassigned,2.85,2.85,0.6845758305670819,60
CF114,datasets\processed\scut_fbp5500\images\CF114.jpg,scut_fbp5500,portrait_score,unassigned,2.216666666666667,2.216666666666667,0.8252717408997374,60
CF115,datasets\processed\scut_fbp5500\images\CF115.jpg,scut_fbp5500,portrait_score,unassigned,2.7333333333333334,2.7333333333333334,0.6604227374117243,60
CF116,datasets\processed\scut_fbp5500\images\CF116.jpg,scut_fbp5500,portrait_score,unassigned,2.8833333333333333,2.8833333333333333,0.5848849420870963,60
CF117,datasets\processed\scut_fbp5500\images\CF117.jpg,scut_fbp5500,portrait_score,unassigned,1.9833333333333332,1.9833333333333332,0.7008872504569528,60
CF118,datasets\processed\scut_fbp5500\images\CF118.jpg,scut_fbp5500,portrait_score,unassigned,1.8833333333333333,1.8833333333333333,0.6911465950282971,60
CF119,datasets\processed\scut_fbp5500\images\CF119.jpg,scut_fbp5500,portrait_score,unassigned,2.55,2.55,0.699273230466788,60
CF12,datasets\processed\scut_fbp5500\images\CF12.jpg,scut_fbp5500,portrait_score,unassigned,4.083333333333333,4.083333333333333,0.7874366623260192,60
CF120,datasets\processed\scut_fbp5500\images\CF120.jpg,scut_fbp5500,portrait_score,unassigned,2.55,2.55,0.6745996929755541,60
CF121,datasets\processed\scut_fbp5500\images\CF121.jpg,scut_fbp5500,portrait_score,unassigned,2.066666666666667,2.066666666666667,0.733384692603161,60
CF122,datasets\processed\scut_fbp5500\images\CF122.jpg,scut_fbp5500,portrait_score,unassigned,3.15,3.15,0.605763280945926,60
CF123,datasets\processed\scut_fbp5500\images\CF123.jpg,scut_fbp5500,portrait_score,unassigned,2.683333333333333,2.683333333333333,0.5039392842990981,60
CF124,datasets\processed\scut_fbp5500\images\CF124.jpg,scut_fbp5500,portrait_score,unassigned,3.0,3.0,0.6106401198187058,60
CF125,datasets\processed\scut_fbp5500\images\CF125.jpg,scut_fbp5500,portrait_score,unassigned,3.7666666666666666,3.7666666666666666,0.6474635430261867,60
CF126,datasets\processed\scut_fbp5500\images\CF126.jpg,scut_fbp5500,portrait_score,unassigned,2.816666666666667,2.816666666666667,0.6241378234003048,60
CF127,datasets\processed\scut_fbp5500\images\CF127.jpg,scut_fbp5500,portrait_score,unassigned,2.8,2.8,0.7767817135518026,60
CF128,datasets\processed\scut_fbp5500\images\CF128.jpg,scut_fbp5500,portrait_score,unassigned,2.7333333333333334,2.7333333333333334,0.6342396132422269,60
CF129,datasets\processed\scut_fbp5500\images\CF129.jpg,scut_fbp5500,portrait_score,unassigned,1.6333333333333333,1.6333333333333333,0.6097142055335258,60
CF13,datasets\processed\scut_fbp5500\images\CF13.jpg,scut_fbp5500,portrait_score,unassigned,4.2,4.2,0.6839565850033841,60
CF130,datasets\processed\scut_fbp5500\images\CF130.jpg,scut_fbp5500,portrait_score,unassigned,2.966666666666667,2.966666666666667,0.5812513288970899,60
CF131,datasets\processed\scut_fbp5500\images\CF131.jpg,scut_fbp5500,portrait_score,unassigned,3.2666666666666666,3.2666666666666666,0.7098977407062843,60
CF132,datasets\processed\scut_fbp5500\images\CF132.jpg,scut_fbp5500,portrait_score,unassigned,2.65,2.65,0.6057632809459261,60
CF133,datasets\processed\scut_fbp5500\images\CF133.jpg,scut_fbp5500,portrait_score,unassigned,2.933333333333333,2.933333333333333,0.4459484908564834,60
CF134,datasets\processed\scut_fbp5500\images\CF134.jpg,scut_fbp5500,portrait_score,unassigned,2.6166666666666667,2.6166666666666667,0.6131791749276648,60
CF135,datasets\processed\scut_fbp5500\images\CF135.jpg,scut_fbp5500,portrait_score,unassigned,2.0166666666666666,2.0166666666666666,0.5963637459756623,60
CF136,datasets\processed\scut_fbp5500\images\CF136.jpg,scut_fbp5500,portrait_score,unassigned,2.466666666666667,2.466666666666667,0.5956528014598821,60
CF137,datasets\processed\scut_fbp5500\images\CF137.jpg,scut_fbp5500,portrait_score,unassigned,2.933333333333333,2.933333333333333,0.6069279874259415,60
CF138,datasets\processed\scut_fbp5500\images\CF138.jpg,scut_fbp5500,portrait_score,unassigned,1.9,1.9,0.6297699337786183,60
CF139,datasets\processed\scut_fbp5500\images\CF139.jpg,scut_fbp5500,portrait_score,unassigned,2.316666666666667,2.316666666666667,0.7008872504569529,60
CF14,datasets\processed\scut_fbp5500\images\CF14.jpg,scut_fbp5500,portrait_score,unassigned,4.4,4.4,0.5880159112340472,60
CF140,datasets\processed\scut_fbp5500\images\CF140.jpg,scut_fbp5500,portrait_score,unassigned,2.65,2.65,0.5469483909592215,60
CF141,datasets\processed\scut_fbp5500\images\CF141.jpg,scut_fbp5500,portrait_score,unassigned,3.583333333333333,3.583333333333333,0.7431419023347088,60
CF142,datasets\processed\scut_fbp5500\images\CF142.jpg,scut_fbp5500,portrait_score,unassigned,2.3666666666666667,2.3666666666666667,0.6629841797500676,60
CF143,datasets\processed\scut_fbp5500\images\CF143.jpg,scut_fbp5500,portrait_score,unassigned,3.7,3.7,0.7433319399039409,60
CF144,datasets\processed\scut_fbp5500\images\CF144.jpg,scut_fbp5500,portrait_score,unassigned,2.583333333333333,2.583333333333333,0.6454972243679028,60
CF145,datasets\processed\scut_fbp5500\images\CF145.jpg,scut_fbp5500,portrait_score,unassigned,2.05,2.05,0.6992732304667879,60
CF146,datasets\processed\scut_fbp5500\images\CF146.jpg,scut_fbp5500,portrait_score,unassigned,3.283333333333333,3.283333333333333,0.7152495514881185,60
CF147,datasets\processed\scut_fbp5500\images\CF147.jpg,scut_fbp5500,portrait_score,unassigned,2.35,2.35,0.6593525329532481,60
CF148,datasets\processed\scut_fbp5500\images\CF148.jpg,scut_fbp5500,portrait_score,unassigned,2.35,2.35,0.6593525329532482,60
CF149,datasets\processed\scut_fbp5500\images\CF149.jpg,scut_fbp5500,portrait_score,unassigned,3.583333333333333,3.583333333333333,0.7656096865181341,60
CF15,datasets\processed\scut_fbp5500\images\CF15.jpg,scut_fbp5500,portrait_score,unassigned,3.933333333333333,3.933333333333333,0.6856066636017631,60
CF150,datasets\processed\scut_fbp5500\images\CF150.jpg,scut_fbp5500,portrait_score,unassigned,3.6,3.6,0.7410482726333566,60
CF151,datasets\processed\scut_fbp5500\images\CF151.jpg,scut_fbp5500,portrait_score,unassigned,2.683333333333333,2.683333333333333,0.5963637459756624,60
CF152,datasets\processed\scut_fbp5500\images\CF152.jpg,scut_fbp5500,portrait_score,unassigned,2.15,2.15,0.7988338958884627,60
CF153,datasets\processed\scut_fbp5500\images\CF153.jpg,scut_fbp5500,portrait_score,unassigned,3.55,3.55,0.6745996929755542,60
CF154,datasets\processed\scut_fbp5500\images\CF154.jpg,scut_fbp5500,portrait_score,unassigned,2.283333333333333,2.283333333333333,0.6661721329614917,60
CF155,datasets\processed\scut_fbp5500\images\CF155.jpg,scut_fbp5500,portrait_score,unassigned,2.183333333333333,2.183333333333333,0.7700245795475265,60
CF156,datasets\processed\scut_fbp5500\images\CF156.jpg,scut_fbp5500,portrait_score,unassigned,2.9833333333333334,2.9833333333333334,0.6241378234003049,60
CF157,datasets\processed\scut_fbp5500\images\CF157.jpg,scut_fbp5500,portrait_score,unassigned,2.8666666666666667,2.8666666666666667,0.3891175007353576,60
CF158,datasets\processed\scut_fbp5500\images\CF158.jpg,scut_fbp5500,portrait_score,unassigned,2.4,2.4,0.5880159112340472,60
CF159,datasets\processed\scut_fbp5500\images\CF159.jpg,scut_fbp5500,portrait_score,unassigned,2.433333333333333,2.433333333333333,0.6731324866865128,60
CF16,datasets\processed\scut_fbp5500\images\CF16.jpg,scut_fbp5500,portrait_score,unassigned,3.65,3.65,0.684575830567082,60
CF160,datasets\processed\scut_fbp5500\images\CF160.jpg,scut_fbp5500,portrait_score,unassigned,2.4166666666666665,2.4166666666666665,0.6186827632817329,60
CF161,datasets\processed\scut_fbp5500\images\CF161.jpg,scut_fbp5500,portrait_score,unassigned,2.216666666666667,2.216666666666667,0.7152495514881185,60
CF162,datasets\processed\scut_fbp5500\images\CF162.jpg,scut_fbp5500,portrait_score,unassigned,1.8333333333333333,1.8333333333333333,0.6680776029892181,60
CF163,datasets\processed\scut_fbp5500\images\CF163.jpg,scut_fbp5500,portrait_score,unassigned,3.3,3.3,0.6457159999120146,60
CF164,datasets\processed\scut_fbp5500\images\CF164.jpg,scut_fbp5500,portrait_score,unassigned,2.5166666666666666,2.5166666666666666,0.5963637459756622,60
CF165,datasets\processed\scut_fbp5500\images\CF165.jpg,scut_fbp5500,portrait_score,unassigned,1.9166666666666667,1.9166666666666667,0.5906522297402889,60
CF166,datasets\processed\scut_fbp5500\images\CF166.jpg,scut_fbp5500,portrait_score,unassigned,2.433333333333333,2.433333333333333,0.6474635430261866,60
CF167,datasets\processed\scut_fbp5500\images\CF167.jpg,scut_fbp5500,portrait_score,unassigned,3.1666666666666665,3.1666666666666665,0.668077602989218,60
CF168,datasets\processed\scut_fbp5500\images\CF168.jpg,scut_fbp5500,portrait_score,unassigned,2.9,2.9,0.6022556470526281,60
CF169,datasets\processed\scut_fbp5500\images\CF169.jpg,scut_fbp5500,portrait_score,unassigned,2.65,2.65,0.605763280945926,60
CF17,datasets\processed\scut_fbp5500\images\CF17.jpg,scut_fbp5500,portrait_score,unassigned,3.95,3.95,0.7461766955734742,60
CF170,datasets\processed\scut_fbp5500\images\CF170.jpg,scut_fbp5500,portrait_score,unassigned,2.3,2.3,0.6457159999120146,60
CF171,datasets\processed\scut_fbp5500\images\CF171.jpg,scut_fbp5500,portrait_score,unassigned,2.45,2.45,0.5944660045019181,60
CF172,datasets\processed\scut_fbp5500\images\CF172.jpg,scut_fbp5500,portrait_score,unassigned,3.2,3.2,0.6587095756740946,60
CF173,datasets\processed\scut_fbp5500\images\CF173.jpg,scut_fbp5500,portrait_score,unassigned,2.6333333333333333,2.6333333333333333,0.6097142055335258,60
CF174,datasets\processed\scut_fbp5500\images\CF174.jpg,scut_fbp5500,portrait_score,unassigned,3.05,3.05,0.5016920522135441,60
CF175,datasets\processed\scut_fbp5500\images\CF175.jpg,scut_fbp5500,portrait_score,unassigned,2.7,2.7,0.6189110173988076,60
CF176,datasets\processed\scut_fbp5500\images\CF176.jpg,scut_fbp5500,portrait_score,unassigned,2.7333333333333334,2.7333333333333334,0.5783280010825675,60
CF177,datasets\processed\scut_fbp5500\images\CF177.jpg,scut_fbp5500,portrait_score,unassigned,2.8833333333333333,2.8833333333333333,0.4154502016565849,60
CF178,datasets\processed\scut_fbp5500\images\CF178.jpg,scut_fbp5500,portrait_score,unassigned,2.75,2.75,0.50840394989731,60
CF179,datasets\processed\scut_fbp5500\images\CF179.jpg,scut_fbp5500,portrait_score,unassigned,2.5166666666666666,2.5166666666666666,0.5963637459756623,60
CF18,datasets\processed\scut_fbp5500\images\CF18.jpg,scut_fbp5500,portrait_score,unassigned,4.383333333333334,4.383333333333334,0.6131791749276648,60
CF180,datasets\processed\scut_fbp5500\images\CF180.jpg,scut_fbp5500,portrait_score,unassigned,3.316666666666667,3.316666666666667,0.7246662976417857,60
CF181,datasets\processed\scut_fbp5500\images\CF181.jpg,scut_fbp5500,portrait_score,unassigned,2.783333333333333,2.783333333333333,0.6402241838994506,60
CF182,datasets\processed\scut_fbp5500\images\CF182.jpg,scut_fbp5500,portrait_score,unassigned,2.6666666666666665,2.6666666666666665,0.5724365605193373,60
CF183,datasets\processed\scut_fbp5500\images\CF183.jpg,scut_fbp5500,portrait_score,unassigned,2.85,2.85,0.6593525329532482,60
CF184,datasets\processed\scut_fbp5500\images\CF184.jpg,scut_fbp5500,portrait_score,unassigned,2.7,2.7,0.7201694715805511,60
CF185,datasets\processed\scut_fbp5500\images\CF185.jpg,scut_fbp5500,portrait_score,unassigned,2.7666666666666666,2.7666666666666666,0.6474635430261866,60
CF186,datasets\processed\scut_fbp5500\images\CF186.jpg,scut_fbp5500,portrait_score,unassigned,2.4,2.4,0.7178121183764842,60
CF187,datasets\processed\scut_fbp5500\images\CF187.jpg,scut_fbp5500,portrait_score,unassigned,2.3,2.3,0.6962368581968814,60
CF188,datasets\processed\scut_fbp5500\images\CF188.jpg,scut_fbp5500,portrait_score,unassigned,2.966666666666667,2.966666666666667,0.6629841797500676,60
CF189,datasets\processed\scut_fbp5500\images\CF189.jpg,scut_fbp5500,portrait_score,unassigned,3.1166666666666667,3.1166666666666667,0.8044719642367517,60
CF19,datasets\processed\scut_fbp5500\images\CF19.jpg,scut_fbp5500,portrait_score,unassigned,3.933333333333333,3.933333333333333,0.6856066636017634,60
CF190,datasets\processed\scut_fbp5500\images\CF190.jpg,scut_fbp5500,portrait_score,unassigned,2.4166666666666665,2.4166666666666665,0.6454972243679027,60
CF191,datasets\processed\scut_fbp5500\images\CF191.jpg,scut_fbp5500,portrait_score,unassigned,2.25,2.25,0.6796060673505357,60
CF192,datasets\processed\scut_fbp5500\images\CF192.jpg,scut_fbp5500,portrait_score,unassigned,3.05,3.05,0.8522154577574137,60
CF193,datasets\processed\scut_fbp5500\images\CF193.jpg,scut_fbp5500,portrait_score,unassigned,3.7,3.7,0.7876160124393407,60
CF194,datasets\processed\scut_fbp5500\images\CF194.jpg,scut_fbp5500,portrait_score,unassigned,2.75,2.75,0.6277481952265331,60
CF195,datasets\processed\scut_fbp5500\images\CF195.jpg,scut_fbp5500,portrait_score,unassigned,2.7333333333333334,2.7333333333333334,0.5783280010825677,60
CF196,datasets\processed\scut_fbp5500\images\CF196.jpg,scut_fbp5500,portrait_score,unassigned,2.6166666666666667,2.6166666666666667,0.6402241838994506,60
CF197,datasets\processed\scut_fbp5500\images\CF197.jpg,scut_fbp5500,portrait_score,unassigned,2.75,2.75,0.5407151573203142,60
CF198,datasets\processed\scut_fbp5500\images\CF198.jpg,scut_fbp5500,portrait_score,unassigned,2.35,2.35,0.684575830567082,60
CF199,datasets\processed\scut_fbp5500\images\CF199.jpg,scut_fbp5500,portrait_score,unassigned,2.5166666666666666,2.5166666666666666,0.650727537210172,60
CF2,datasets\processed\scut_fbp5500\images\CF2.jpg,scut_fbp5500,portrait_score,unassigned,3.933333333333333,3.933333333333333,0.8206377566768519,60
CF20,datasets\processed\scut_fbp5500\images\CF20.jpg,scut_fbp5500,portrait_score,unassigned,3.35,3.35,0.7089022308339537,60
CF200,datasets\processed\scut_fbp5500\images\CF200.jpg,scut_fbp5500,portrait_score,unassigned,2.6166666666666667,2.6166666666666667,0.6661721329614917,60
CF201,datasets\processed\scut_fbp5500\images\CF201.jpg,scut_fbp5500,portrait_score,unassigned,3.0,3.0,0.5822225097395819,60
CF202,datasets\processed\scut_fbp5500\images\CF202.jpg,scut_fbp5500,portrait_score,unassigned,2.7333333333333334,2.7333333333333334,0.6856066636017631,60
CF203,datasets\processed\scut_fbp5500\images\CF203.jpg,scut_fbp5500,portrait_score,unassigned,2.0166666666666666,2.0166666666666666,0.6762726024084974,60
CF204,datasets\processed\scut_fbp5500\images\CF204.jpg,scut_fbp5500,portrait_score,unassigned,3.15,3.15,0.605763280945926,60
CF205,datasets\processed\scut_fbp5500\images\CF205.jpg,scut_fbp5500,portrait_score,unassigned,2.5166666666666666,2.5166666666666666,0.6507275372101721,60
CF206,datasets\processed\scut_fbp5500\images\CF206.jpg,scut_fbp5500,portrait_score,unassigned,2.1333333333333333,2.1333333333333333,0.7002824288999324,60
CF207,datasets\processed\scut_fbp5500\images\CF207.jpg,scut_fbp5500,portrait_score,unassigned,2.333333333333333,2.333333333333333,0.6288721857330793,60
CF208,datasets\processed\scut_fbp5500\images\CF208.jpg,scut_fbp5500,portrait_score,unassigned,2.6166666666666667,2.6166666666666667,0.7611691868917491,60
CF209,datasets\processed\scut_fbp5500\images\CF209.jpg,scut_fbp5500,portrait_score,unassigned,3.05,3.05,0.6745996929755541,60
CF21,datasets\processed\scut_fbp5500\images\CF21.jpg,scut_fbp5500,portrait_score,unassigned,4.25,4.25,0.6796060673505359,60
CF210,datasets\processed\scut_fbp5500\images\CF210.jpg,scut_fbp5500,portrait_score,unassigned,2.8,2.8,0.6587095756740946,60
CF211,datasets\processed\scut_fbp5500\images\CF211.jpg,scut_fbp5500,portrait_score,unassigned,2.4166666666666665,2.4166666666666665,0.5906522297402891,60
CF212,datasets\processed\scut_fbp5500\images\CF212.jpg,scut_fbp5500,portrait_score,unassigned,2.4,2.4,0.6689227362847253,60
CF213,datasets\processed\scut_fbp5500\images\CF213.jpg,scut_fbp5500,portrait_score,unassigned,2.833333333333333,2.833333333333333,0.492887262066433,60
CF214,datasets\processed\scut_fbp5500\images\CF214.jpg,scut_fbp5500,portrait_score,unassigned,2.4,2.4,0.693798192706921,60
CF215,datasets\processed\scut_fbp5500\images\CF215.jpg,scut_fbp5500,portrait_score,unassigned,3.033333333333333,3.033333333333333,0.6369063647932279,60
CF216,datasets\processed\scut_fbp5500\images\CF216.jpg,scut_fbp5500,portrait_score,unassigned,2.6,2.6,0.5880159112340471,60
CF217,datasets\processed\scut_fbp5500\images\CF217.jpg,scut_fbp5500,portrait_score,unassigned,3.783333333333333,3.783333333333333,0.8455600223594,60
CF218,datasets\processed\scut_fbp5500\images\CF218.jpg,scut_fbp5500,portrait_score,unassigned,2.95,2.95,0.6489887831680653,60
CF219,datasets\processed\scut_fbp5500\images\CF219.jpg,scut_fbp5500,portrait_score,unassigned,2.15,2.15,0.684575830567082,60
CF22,datasets\processed\scut_fbp5500\images\CF22.jpg,scut_fbp5500,portrait_score,unassigned,3.6666666666666665,3.6666666666666665,0.6552698154756148,60
CF220,datasets\processed\scut_fbp5500\images\CF220.jpg,scut_fbp5500,portrait_score,unassigned,3.1166666666666667,3.1166666666666667,0.5237306419436755,60
CF221,datasets\processed\scut_fbp5500\images\CF221.jpg,scut_fbp5500,portrait_score,unassigned,2.6166666666666667,2.6166666666666667,0.6661721329614917,60
CF222,datasets\processed\scut_fbp5500\images\CF222.jpg,scut_fbp5500,portrait_score,unassigned,2.7666666666666666,2.7666666666666666,0.6731324866865129,60
CF223,datasets\processed\scut_fbp5500\images\CF223.jpg,scut_fbp5500,portrait_score,unassigned,2.4833333333333334,2.4833333333333334,0.7008872504569529,60
CF224,datasets\processed\scut_fbp5500\images\CF224.jpg,scut_fbp5500,portrait_score,unassigned,2.8666666666666667,2.8666666666666667,0.6234585511256955,60
CF225,datasets\processed\scut_fbp5500\images\CF225.jpg,scut_fbp5500,portrait_score,unassigned,2.9166666666666665,2.9166666666666665,0.6712413662397547,60
CF226,datasets\processed\scut_fbp5500\images\CF226.jpg,scut_fbp5500,portrait_score,unassigned,2.6333333333333333,2.6333333333333333,0.5812513288970896,60
CF227,datasets\processed\scut_fbp5500\images\CF227.jpg,scut_fbp5500,portrait_score,unassigned,2.6,2.6,0.616166387389926,60
CF228,datasets\processed\scut_fbp5500\images\CF228.jpg,scut_fbp5500,portrait_score,unassigned,2.75,2.75,0.6001412263171259,60
CF229,datasets\processed\scut_fbp5500\images\CF229.jpg,scut_fbp5500,portrait_score,unassigned,2.6666666666666665,2.6666666666666665,0.6552698154756149,60
CF23,datasets\processed\scut_fbp5500\images\CF23.jpg,scut_fbp5500,portrait_score,unassigned,4.166666666666667,4.166666666666667,0.7402854847084713,60
CF230,datasets\processed\scut_fbp5500\images\CF230.jpg,scut_fbp5500,portrait_score,unassigned,2.783333333333333,2.783333333333333,0.5848849420870962,60
CF231,datasets\processed\scut_fbp5500\images\CF231.jpg,scut_fbp5500,portrait_score,unassigned,2.7,2.7,0.6457159999120146,60
CF232,datasets\processed\scut_fbp5500\images\CF232.jpg,scut_fbp5500,portrait_score,unassigned,3.633333333333333,3.633333333333333,0.7583806715217979,60
CF233,datasets\processed\scut_fbp5500\images\CF233.jpg,scut_fbp5500,portrait_score,unassigned,3.05,3.05,0.5944660045019181,60
CF234,datasets\processed\scut_fbp5500\images\CF234.jpg,scut_fbp5500,portrait_score,unassigned,2.333333333333333,2.333333333333333,0.6013168224022631,60
CF235,datasets\processed\scut_fbp5500\images\CF235.jpg,scut_fbp5500,portrait_score,unassigned,2.9,2.9,0.5734226707429991,60
CF236,datasets\processed\scut_fbp5500\images\CF236.jpg,scut_fbp5500,portrait_score,unassigned,2.1166666666666667,2.1166666666666667,0.6911465950282971,60
CF237,datasets\processed\scut_fbp5500\images\CF237.jpg,scut_fbp5500,portrait_score,unassigned,3.183333333333333,3.183333333333333,0.7246662976417858,60
CF238,datasets\processed\scut_fbp5500\images\CF238.jpg,scut_fbp5500,portrait_score,unassigned,2.533333333333333,2.533333333333333,0.6500760494407536,60
CF239,datasets\processed\scut_fbp5500\images\CF239.jpg,scut_fbp5500,portrait_score,unassigned,2.816666666666667,2.816666666666667,0.4314605336417175,60
CF24,datasets\processed\scut_fbp5500\images\CF24.jpg,scut_fbp5500,portrait_score,unassigned,4.316666666666666,4.316666666666666,0.7008872504569529,60
CF240,datasets\processed\scut_fbp5500\images\CF240.jpg,scut_fbp5500,portrait_score,unassigned,2.85,2.85,0.6593525329532482,60
CF241,datasets\processed\scut_fbp5500\images\CF241.jpg,scut_fbp5500,portrait_score,unassigned,2.4,2.4,0.643085781240651,60
CF242,datasets\processed\scut_fbp5500\images\CF242.jpg,scut_fbp5500,portrait_score,unassigned,4.516666666666667,4.516666666666667,0.5672313570575754,60
CF243,datasets\processed\scut_fbp5500\images\CF243.jpg,scut_fbp5500,portrait_score,unassigned,3.533333333333333,3.533333333333333,0.6234585511256955,60
CF244,datasets\processed\scut_fbp5500\images\CF244.jpg,scut_fbp5500,portrait_score,unassigned,3.683333333333333,3.683333333333333,0.6762726024084974,60
CF245,datasets\processed\scut_fbp5500\images\CF245.jpg,scut_fbp5500,portrait_score,unassigned,2.066666666666667,2.066666666666667,0.8206377566768517,60
CF246,datasets\processed\scut_fbp5500\images\CF246.jpg,scut_fbp5500,portrait_score,unassigned,3.3,3.3,0.7433319399039409,60
CF247,datasets\processed\scut_fbp5500\images\CF247.jpg,scut_fbp5500,portrait_score,unassigned,2.5,2.5,0.6243640832675886,60
CF248,datasets\processed\scut_fbp5500\images\CF248.jpg,scut_fbp5500,portrait_score,unassigned,2.433333333333333,2.433333333333333,0.5928004971139372,60
CF249,datasets\processed\scut_fbp5500\images\CF249.jpg,scut_fbp5500,portrait_score,unassigned,2.8,2.8,0.7983032854706414,60
CF25,datasets\processed\scut_fbp5500\images\CF25.jpg,scut_fbp5500,portrait_score,unassigned,3.966666666666667,3.966666666666667,0.7583806715217979,60
CF250,datasets\processed\scut_fbp5500\images\CF250.jpg,scut_fbp5500,portrait_score,unassigned,2.6,2.6,0.5880159112340471,60
CF251,datasets\processed\scut_fbp5500\images\CF251.jpg,scut_fbp5500,portrait_score,unassigned,1.7333333333333334,1.7333333333333334,0.6856066636017633,60
CF252,datasets\processed\scut_fbp5500\images\CF252.jpg,scut_fbp5500,portrait_score,unassigned,3.5,3.5,0.5966005392134929,60
CF253,datasets\processed\scut_fbp5500\images\CF253.jpg,scut_fbp5500,portrait_score,unassigned,3.2,3.2,0.8596412337989945,60
CF254,datasets\processed\scut_fbp5500\images\CF254.jpg,scut_fbp5500,portrait_score,unassigned,2.966666666666667,2.966666666666667,0.5513209612012652,60
CF255,datasets\processed\scut_fbp5500\images\CF255.jpg,scut_fbp5500,portrait_score,unassigned,2.15,2.15,0.7089022308339537,60
CF256,datasets\processed\scut_fbp5500\images\CF256.jpg,scut_fbp5500,portrait_score,unassigned,2.333333333333333,2.333333333333333,0.6288721857330792,60
CF257,datasets\processed\scut_fbp5500\images\CF257.jpg,scut_fbp5500,portrait_score,unassigned,2.933333333333333,2.933333333333333,0.4061671471357936,60
CF258,datasets\processed\scut_fbp5500\images\CF258.jpg,scut_fbp5500,portrait_score,unassigned,3.15,3.15,0.5771055773925835,60
CF259,datasets\processed\scut_fbp5500\images\CF259.jpg,scut_fbp5500,portrait_score,unassigned,2.933333333333333,2.933333333333333,0.8410378307593313,60
CF26,datasets\processed\scut_fbp5500\images\CF26.jpg,scut_fbp5500,portrait_score,unassigned,3.3,3.3,0.5614750549117348,60
CF260,datasets\processed\scut_fbp5500\images\CF260.jpg,scut_fbp5500,portrait_score,unassigned,2.816666666666667,2.816666666666667,0.5672313570575753,60
CF261,datasets\processed\scut_fbp5500\images\CF261.jpg,scut_fbp5500,portrait_score,unassigned,3.0,3.0,0.5523447707389941,60
CF262,datasets\processed\scut_fbp5500\images\CF262.jpg,scut_fbp5500,portrait_score,unassigned,2.816666666666667,2.816666666666667,0.5672313570575754,60
CF263,datasets\processed\scut_fbp5500\images\CF263.jpg,scut_fbp5500,portrait_score,unassigned,2.15,2.15,0.684575830567082,60
CF264,datasets\processed\scut_fbp5500\images\CF264.jpg,scut_fbp5500,portrait_score,unassigned,2.533333333333333,2.533333333333333,0.6500760494407536,60
CF265,datasets\processed\scut_fbp5500\images\CF265.jpg,scut_fbp5500,portrait_score,unassigned,2.2666666666666666,2.2666666666666666,0.6069279874259417,60
CF266,datasets\processed\scut_fbp5500\images\CF266.jpg,scut_fbp5500,portrait_score,unassigned,2.8666666666666667,2.8666666666666667,0.7002824288999323,60
CF267,datasets\processed\scut_fbp5500\images\CF267.jpg,scut_fbp5500,portrait_score,unassigned,2.7666666666666666,2.7666666666666666,0.4997174342809081,60
CF268,datasets\processed\scut_fbp5500\images\CF268.jpg,scut_fbp5500,portrait_score,unassigned,3.1,3.1,0.5430610041581776,60
CF269,datasets\processed\scut_fbp5500\images\CF269.jpg,scut_fbp5500,portrait_score,unassigned,4.016666666666667,4.016666666666667,0.7246662976417857,60
CF27,datasets\processed\scut_fbp5500\images\CF27.jpg,scut_fbp5500,portrait_score,unassigned,4.5,4.5,0.5966005392134929,60
CF270,datasets\processed\scut_fbp5500\images\CF270.jpg,scut_fbp5500,portrait_score,unassigned,3.333333333333333,3.333333333333333,0.7738669501259084,60
CF271,datasets\processed\scut_fbp5500\images\CF271.jpg,scut_fbp5500,portrait_score,unassigned,2.683333333333333,2.683333333333333,0.650727537210172,60
CF272,datasets\processed\scut_fbp5500\images\CF272.jpg,scut_fbp5500,portrait_score,unassigned,2.9833333333333334,2.9833333333333334,0.6507275372101721,60
CF273,datasets\processed\scut_fbp5500\images\CF273.jpg,scut_fbp5500,portrait_score,unassigned,2.783333333333333,2.783333333333333,0.6131791749276648,60
CF274,datasets\processed\scut_fbp5500\images\CF274.jpg,scut_fbp5500,portrait_score,unassigned,2.583333333333333,2.583333333333333,0.5906522297402887,60
CF275,datasets\processed\scut_fbp5500\images\CF275.jpg,scut_fbp5500,portrait_score,unassigned,2.966666666666667,2.966666666666667,0.6880743620304537,60
CF276,datasets\processed\scut_fbp5500\images\CF276.jpg,scut_fbp5500,portrait_score,unassigned,2.716666666666667,2.716666666666667,0.8044719642367519,60
CF277,datasets\processed\scut_fbp5500\images\CF277.jpg,scut_fbp5500,portrait_score,unassigned,2.033333333333333,2.033333333333333,0.8018340558415719,60
CF278,datasets\processed\scut_fbp5500\images\CF278.jpg,scut_fbp5500,portrait_score,unassigned,2.833333333333333,2.833333333333333,0.6152487898779871,60
CF279,datasets\processed\scut_fbp5500\images\CF279.jpg,scut_fbp5500,portrait_score,unassigned,3.85,3.85,0.7089022308339534,60
CF28,datasets\processed\scut_fbp5500\images\CF28.jpg,scut_fbp5500,portrait_score,unassigned,4.3,4.3,0.6714517537598057,60
CF280,datasets\processed\scut_fbp5500\images\CF280.jpg,scut_fbp5500,portrait_score,unassigned,2.05,2.05,0.6745996929755541,60
CF281,datasets\processed\scut_fbp5500\images\CF281.jpg,scut_fbp5500,portrait_score,unassigned,1.9333333333333331,1.9333333333333331,0.7098977407062844,60
CF282,datasets\processed\scut_fbp5500\images\CF282.jpg,scut_fbp5500,portrait_score,unassigned,3.033333333333333,3.033333333333333,0.5513209612012654,60
CF283,datasets\processed\scut_fbp5500\images\CF283.jpg,scut_fbp5500,portrait_score,unassigned,2.816666666666667,2.816666666666667,0.5672313570575753,60
CF284,datasets\processed\scut_fbp5500\images\CF284.jpg,scut_fbp5500,portrait_score,unassigned,3.95,3.95,0.6745996929755541,60
CF285,datasets\processed\scut_fbp5500\images\CF285.jpg,scut_fbp5500,portrait_score,unassigned,2.65,2.65,0.5469483909592215,60
CF286,datasets\processed\scut_fbp5500\images\CF286.jpg,scut_fbp5500,portrait_score,unassigned,2.583333333333333,2.583333333333333,0.5906522297402889,60
CF287,datasets\processed\scut_fbp5500\images\CF287.jpg,scut_fbp5500,portrait_score,unassigned,2.833333333333333,2.833333333333333,0.6422066478409216,60
CF288,datasets\processed\scut_fbp5500\images\CF288.jpg,scut_fbp5500,portrait_score,unassigned,3.083333333333333,3.083333333333333,0.5906522297402891,60
CF289,datasets\processed\scut_fbp5500\images\CF289.jpg,scut_fbp5500,portrait_score,unassigned,3.1666666666666665,3.1666666666666665,0.6929833971319695,60
CF29,datasets\processed\scut_fbp5500\images\CF29.jpg,scut_fbp5500,portrait_score,unassigned,2.6166666666666667,2.6166666666666667,0.5551505114790765,60
CF290,datasets\processed\scut_fbp5500\images\CF290.jpg,scut_fbp5500,portrait_score,unassigned,2.75,2.75,0.7041041910572658,60
CF291,datasets\processed\scut_fbp5500\images\CF291.jpg,scut_fbp5500,portrait_score,unassigned,3.3,3.3,0.720169471580551,60
CF292,datasets\processed\scut_fbp5500\images\CF292.jpg,scut_fbp5500,portrait_score,unassigned,2.5166666666666666,2.5166666666666666,0.5672313570575752,60
CF293,datasets\processed\scut_fbp5500\images\CF293.jpg,scut_fbp5500,portrait_score,unassigned,3.183333333333333,3.183333333333333,0.6507275372101722,60
CF294,datasets\processed\scut_fbp5500\images\CF294.jpg,scut_fbp5500,portrait_score,unassigned,2.6666666666666665,2.6666666666666665,0.6552698154756149,60
CF295,datasets\processed\scut_fbp5500\images\CF295.jpg,scut_fbp5500,portrait_score,unassigned,3.8,3.8,0.7546466228796952,60
CF296,datasets\processed\scut_fbp5500\images\CF296.jpg,scut_fbp5500,portrait_score,unassigned,3.1666666666666665,3.1666666666666665,0.7170246117012379,60
CF297,datasets\processed\scut_fbp5500\images\CF297.jpg,scut_fbp5500,portrait_score,unassigned,2.433333333333333,2.433333333333333,0.7217367628174831,60
CF298,datasets\processed\scut_fbp5500\images\CF298.jpg,scut_fbp5500,portrait_score,unassigned,2.933333333333333,2.933333333333333,0.7333846926031609,60
CF299,datasets\processed\scut_fbp5500\images\CF299.jpg,scut_fbp5500,portrait_score,unassigned,3.7666666666666666,3.7666666666666666,0.7217367628174831,60
CF3,datasets\processed\scut_fbp5500\images\CF3.jpg,scut_fbp5500,portrait_score,unassigned,4.283333333333333,4.283333333333333,0.7385663314751766,60
CF30,datasets\processed\scut_fbp5500\images\CF30.jpg,scut_fbp5500,portrait_score,unassigned,3.3666666666666667,3.3666666666666667,0.6097142055335258,60
CF300,datasets\processed\scut_fbp5500\images\CF300.jpg,scut_fbp5500,portrait_score,unassigned,2.216666666666667,2.216666666666667,0.6402241838994506,60
CF301,datasets\processed\scut_fbp5500\images\CF301.jpg,scut_fbp5500,portrait_score,unassigned,3.7666666666666666,3.7666666666666666,0.6731324866865128,60
CF302,datasets\processed\scut_fbp5500\images\CF302.jpg,scut_fbp5500,portrait_score,unassigned,2.7,2.7,0.5908913118102866,60
CF303,datasets\processed\scut_fbp5500\images\CF303.jpg,scut_fbp5500,portrait_score,unassigned,2.6666666666666665,2.6666666666666665,0.5724365605193373,60
CF304,datasets\processed\scut_fbp5500\images\CF304.jpg,scut_fbp5500,portrait_score,unassigned,3.0166666666666666,3.0166666666666666,0.5963637459756624,60
CF305,datasets\processed\scut_fbp5500\images\CF305.jpg,scut_fbp5500,portrait_score,unassigned,3.9,3.9,0.6297699337786183,60
CF306,datasets\processed\scut_fbp5500\images\CF306.jpg,scut_fbp5500,portrait_score,unassigned,2.6666666666666665,2.6666666666666665,0.6288721857330793,60
CF307,datasets\processed\scut_fbp5500\images\CF307.jpg,scut_fbp5500,portrait_score,unassigned,3.433333333333333,3.433333333333333,0.7448504949901059,60
CF308,datasets\processed\scut_fbp5500\images\CF308.jpg,scut_fbp5500,portrait_score,unassigned,2.466666666666667,2.466666666666667,0.7240813388775701,60
CF309,datasets\processed\scut_fbp5500\images\CF309.jpg,scut_fbp5500,portrait_score,unassigned,4.1,4.1,0.681473975776784,60
CF31,datasets\processed\scut_fbp5500\images\CF31.jpg,scut_fbp5500,portrait_score,unassigned,2.683333333333333,2.683333333333333,0.7700245795475262,60
CF310,datasets\processed\scut_fbp5500\images\CF310.jpg,scut_fbp5500,portrait_score,unassigned,2.65,2.65,0.5469483909592215,60
CF311,datasets\processed\scut_fbp5500\images\CF311.jpg,scut_fbp5500,portrait_score,unassigned,2.566666666666667,2.566666666666667,0.6474635430261866,60
CF312,datasets\processed\scut_fbp5500\images\CF312.jpg,scut_fbp5500,portrait_score,unassigned,2.6333333333333333,2.6333333333333333,0.6097142055335258,60
CF313,datasets\processed\scut_fbp5500\images\CF313.jpg,scut_fbp5500,portrait_score,unassigned,2.1166666666666667,2.1166666666666667,0.6661721329614917,60
CF314,datasets\processed\scut_fbp5500\images\CF314.jpg,scut_fbp5500,portrait_score,unassigned,1.9166666666666667,1.9166666666666667,0.719973320284095,60
CF315,datasets\processed\scut_fbp5500\images\CF315.jpg,scut_fbp5500,portrait_score,unassigned,2.8666666666666667,2.8666666666666667,0.595652801459882,60
CF316,datasets\processed\scut_fbp5500\images\CF316.jpg,scut_fbp5500,portrait_score,unassigned,2.9,2.9,0.656131446111426,60
CF317,datasets\processed\scut_fbp5500\images\CF317.jpg,scut_fbp5500,portrait_score,unassigned,2.9,2.9,0.573422670742999,60
CF318,datasets\processed\scut_fbp5500\images\CF318.jpg,scut_fbp5500,portrait_score,unassigned,2.45,2.45,0.6489887831680653,60
CF319,datasets\processed\scut_fbp5500\images\CF319.jpg,scut_fbp5500,portrait_score,unassigned,2.65,2.65,0.6057632809459259,60
CF32,datasets\processed\scut_fbp5500\images\CF32.jpg,scut_fbp5500,portrait_score,unassigned,1.9833333333333332,1.9833333333333332,0.7476894729916954,60
CF320,datasets\processed\scut_fbp5500\images\CF320.jpg,scut_fbp5500,portrait_score,unassigned,2.45,2.45,0.6489887831680653,60
CF321,datasets\processed\scut_fbp5500\images\CF321.jpg,scut_fbp5500,portrait_score,unassigned,1.9333333333333331,1.9333333333333331,0.7098977407062845,60
CF322,datasets\processed\scut_fbp5500\images\CF322.jpg,scut_fbp5500,portrait_score,unassigned,2.45,2.45,0.6745996929755541,60
CF323,datasets\processed\scut_fbp5500\images\CF323.jpg,scut_fbp5500,portrait_score,unassigned,2.6666666666666665,2.6666666666666665,0.7051064751106303,60
CF324,datasets\processed\scut_fbp5500\images\CF324.jpg,scut_fbp5500,portrait_score,unassigned,2.3833333333333333,2.3833333333333333,0.6911465950282973,60
CF325,datasets\processed\scut_fbp5500\images\CF325.jpg,scut_fbp5500,portrait_score,unassigned,3.066666666666667,3.066666666666667,0.5163977794943222,60
CF326,datasets\processed\scut_fbp5500\images\CF326.jpg,scut_fbp5500,portrait_score,unassigned,3.1166666666666667,3.1166666666666667,0.613179174927665,60
CF327,datasets\processed\scut_fbp5500\images\CF327.jpg,scut_fbp5500,portrait_score,unassigned,2.716666666666667,2.716666666666667,0.6402241838994507,60
CF328,datasets\processed\scut_fbp5500\images\CF328.jpg,scut_fbp5500,portrait_score,unassigned,2.9166666666666665,2.9166666666666665,0.6454972243679027,60
CF329,datasets\processed\scut_fbp5500\images\CF329.jpg,scut_fbp5500,portrait_score,unassigned,2.9,2.9,0.6297699337786185,60
CF33,datasets\processed\scut_fbp5500\images\CF33.jpg,scut_fbp5500,portrait_score,unassigned,3.433333333333333,3.433333333333333,0.6978579008061128,60
CF330,datasets\processed\scut_fbp5500\images\CF330.jpg,scut_fbp5500,portrait_score,unassigned,2.4833333333333334,2.4833333333333334,0.6507275372101717,60
CF331,datasets\processed\scut_fbp5500\images\CF331.jpg,scut_fbp5500,portrait_score,unassigned,2.15,2.15,0.7089022308339537,60
CF332,datasets\processed\scut_fbp5500\images\CF332.jpg,scut_fbp5500,portrait_score,unassigned,2.75,2.75,0.5407151573203143,60
CF333,datasets\processed\scut_fbp5500\images\CF333.jpg,scut_fbp5500,portrait_score,unassigned,2.4,2.4,0.693798192706921,60
CF334,datasets\processed\scut_fbp5500\images\CF334.jpg,scut_fbp5500,portrait_score,unassigned,2.1666666666666665,2.1666666666666665,0.615248789877987,60
CF335,datasets\processed\scut_fbp5500\images\CF335.jpg,scut_fbp5500,portrait_score,unassigned,3.333333333333333,3.333333333333333,0.5420196589926081,60
CF336,datasets\processed\scut_fbp5500\images\CF336.jpg,scut_fbp5500,portrait_score,unassigned,2.8,2.8,0.4801129810537008,60
CF337,datasets\processed\scut_fbp5500\images\CF337.jpg,scut_fbp5500,portrait_score,unassigned,2.6166666666666667,2.6166666666666667,0.5848849420870963,60
CF338,datasets\processed\scut_fbp5500\images\CF338.jpg,scut_fbp5500,portrait_score,unassigned,2.783333333333333,2.783333333333333,0.5551505114790765,60
CF339,datasets\processed\scut_fbp5500\images\CF339.jpg,scut_fbp5500,portrait_score,unassigned,3.2,3.2,0.731842346642351,60
CF34,datasets\processed\scut_fbp5500\images\CF34.jpg,scut_fbp5500,portrait_score,unassigned,4.433333333333334,4.433333333333334,0.5634839166238779,60
CF340,datasets\processed\scut_fbp5500\images\CF340.jpg,scut_fbp5500,portrait_score,unassigned,2.35,2.35,0.6845758305670822,60
CF341,datasets\processed\scut_fbp5500\images\CF341.jpg,scut_fbp5500,portrait_score,unassigned,3.1333333333333333,3.1333333333333333,0.7002824288999324,60
CF342,datasets\processed\scut_fbp5500\images\CF342.jpg,scut_fbp5500,portrait_score,unassigned,3.05,3.05,0.6223247830459753,60
CF343,datasets\processed\scut_fbp5500\images\CF343.jpg,scut_fbp5500,portrait_score,unassigned,2.933333333333333,2.933333333333333,0.5163977794943221,60
CF344,datasets\processed\scut_fbp5500\images\CF344.jpg,scut_fbp5500,portrait_score,unassigned,3.316666666666667,3.316666666666667,0.8334463200240204,60
CF345,datasets\processed\scut_fbp5500\images\CF345.jpg,scut_fbp5500,portrait_score,unassigned,2.1,2.1,0.7295227137180228,60
CF346,datasets\processed\scut_fbp5500\images\CF346.jpg,scut_fbp5500,portrait_score,unassigned,2.7,2.7,0.6962368581968815,60
CF347,datasets\processed\scut_fbp5500\images\CF347.jpg,scut_fbp5500,portrait_score,unassigned,2.9833333333333334,2.9833333333333334,0.7008872504569529,60
CF348,datasets\processed\scut_fbp5500\images\CF348.jpg,scut_fbp5500,portrait_score,unassigned,1.75,1.75,0.6277481952265331,60
CF349,datasets\processed\scut_fbp5500\images\CF349.jpg,scut_fbp5500,portrait_score,unassigned,2.8666666666666667,2.8666666666666667,0.5030977485864635,60
CF35,datasets\processed\scut_fbp5500\images\CF35.jpg,scut_fbp5500,portrait_score,unassigned,2.583333333333333,2.583333333333333,0.5301636033600228,60
CF350,datasets\processed\scut_fbp5500\images\CF350.jpg,scut_fbp5500,portrait_score,unassigned,2.55,2.55,0.5344092255369316,60
CF351,datasets\processed\scut_fbp5500\images\CF351.jpg,scut_fbp5500,portrait_score,unassigned,2.3,2.3,0.6189110173988074,60
CF352,datasets\processed\scut_fbp5500\images\CF352.jpg,scut_fbp5500,portrait_score,unassigned,2.1,2.1,0.6561314461114262,60
CF353,datasets\processed\scut_fbp5500\images\CF353.jpg,scut_fbp5500,portrait_score,unassigned,3.1333333333333333,3.1333333333333333,0.6500760494407537,60
CF354,datasets\processed\scut_fbp5500\images\CF354.jpg,scut_fbp5500,portrait_score,unassigned,2.45,2.45,0.674599692975554,60
CF355,datasets\processed\scut_fbp5500\images\CF355.jpg,scut_fbp5500,portrait_score,unassigned,2.316666666666667,2.316666666666667,0.7246662976417856,60
CF356,datasets\processed\scut_fbp5500\images\CF356.jpg,scut_fbp5500,portrait_score,unassigned,2.8,2.8,0.6839565850033843,60
CF357,datasets\processed\scut_fbp5500\images\CF357.jpg,scut_fbp5500,portrait_score,unassigned,3.033333333333333,3.033333333333333,0.6097142055335258,60
CF358,datasets\processed\scut_fbp5500\images\CF358.jpg,scut_fbp5500,portrait_score,unassigned,3.083333333333333,3.083333333333333,0.5906522297402889,60
CF359,datasets\processed\scut_fbp5500\images\CF359.jpg,scut_fbp5500,portrait_score,unassigned,2.7666666666666666,2.7666666666666666,0.6731324866865128,60
CF36,datasets\processed\scut_fbp5500\images\CF36.jpg,scut_fbp5500,portrait_score,unassigned,2.8666666666666667,2.8666666666666667,0.5956528014598819,60
CF360,datasets\processed\scut_fbp5500\images\CF360.jpg,scut_fbp5500,portrait_score,unassigned,2.3,2.3,0.7201694715805511,60
CF361,datasets\processed\scut_fbp5500\images\CF361.jpg,scut_fbp5500,portrait_score,unassigned,2.75,2.75,0.5407151573203144,60
CF362,datasets\processed\scut_fbp5500\images\CF362.jpg,scut_fbp5500,portrait_score,unassigned,3.15,3.15,0.6331251516304802,60
CF363,datasets\processed\scut_fbp5500\images\CF363.jpg,scut_fbp5500,portrait_score,unassigned,3.066666666666667,3.066666666666667,0.7997174642327562,60
CF364,datasets\processed\scut_fbp5500\images\CF364.jpg,scut_fbp5500,portrait_score,unassigned,2.933333333333333,2.933333333333333,0.6856066636017631,60
CF365,datasets\processed\scut_fbp5500\images\CF365.jpg,scut_fbp5500,portrait_score,unassigned,3.6,3.6,0.6937981927069209,60
CF366,datasets\processed\scut_fbp5500\images\CF366.jpg,scut_fbp5500,portrait_score,unassigned,2.716666666666667,2.716666666666667,0.6131791749276647,60
CF367,datasets\processed\scut_fbp5500\images\CF367.jpg,scut_fbp5500,portrait_score,unassigned,3.15,3.15,0.605763280945926,60
CF368,datasets\processed\scut_fbp5500\images\CF368.jpg,scut_fbp5500,portrait_score,unassigned,2.683333333333333,2.683333333333333,0.6762726024084973,60
CF369,datasets\processed\scut_fbp5500\images\CF369.jpg,scut_fbp5500,portrait_score,unassigned,2.55,2.55,0.6223247830459755,60
CF37,datasets\processed\scut_fbp5500\images\CF37.jpg,scut_fbp5500,portrait_score,unassigned,2.5166666666666666,2.5166666666666666,0.7246662976417856,60
CF370,datasets\processed\scut_fbp5500\images\CF370.jpg,scut_fbp5500,portrait_score,unassigned,3.35,3.35,0.6331251516304804,60
CF371,datasets\processed\scut_fbp5500\images\CF371.jpg,scut_fbp5500,portrait_score,unassigned,2.75,2.75,0.5712015287450463,60
CF372,datasets\processed\scut_fbp5500\images\CF372.jpg,scut_fbp5500,portrait_score,unassigned,3.25,3.25,0.7041041910572661,60
CF373,datasets\processed\scut_fbp5500\images\CF373.jpg,scut_fbp5500,portrait_score,unassigned,2.433333333333333,2.433333333333333,0.6207340287621396,60
CF374,datasets\processed\scut_fbp5500\images\CF374.jpg,scut_fbp5500,portrait_score,unassigned,3.8,3.8,0.7767817135518027,60
CF375,datasets\processed\scut_fbp5500\images\CF375.jpg,scut_fbp5500,portrait_score,unassigned,2.566666666666667,2.566666666666667,0.6474635430261867,60
CF376,datasets\processed\scut_fbp5500\images\CF376.jpg,scut_fbp5500,portrait_score,unassigned,2.45,2.45,0.6745996929755541,60
CF377,datasets\processed\scut_fbp5500\images\CF377.jpg,scut_fbp5500,portrait_score,unassigned,3.216666666666667,3.216666666666667,0.4903014177278999,60
CF378,datasets\processed\scut_fbp5500\images\CF378.jpg,scut_fbp5500,portrait_score,unassigned,2.15,2.15,0.6057632809459259,60
CF379,datasets\processed\scut_fbp5500\images\CF379.jpg,scut_fbp5500,portrait_score,unassigned,3.5,3.5,0.7248611789946813,60
CF38,datasets\processed\scut_fbp5500\images\CF38.jpg,scut_fbp5500,portrait_score,unassigned,4.116666666666666,4.116666666666666,0.804471964236752,60
CF380,datasets\processed\scut_fbp5500\images\CF380.jpg,scut_fbp5500,portrait_score,unassigned,2.7,2.7,0.6189110173988076,60
CF381,datasets\processed\scut_fbp5500\images\CF381.jpg,scut_fbp5500,portrait_score,unassigned,2.466666666666667,2.466666666666667,0.7240813388775701,60
CF382,datasets\processed\scut_fbp5500\images\CF382.jpg,scut_fbp5500,portrait_score,unassigned,2.2333333333333334,2.2333333333333334,0.6978579008061125,60
CF383,datasets\processed\scut_fbp5500\images\CF383.jpg,scut_fbp5500,portrait_score,unassigned,2.966666666666667,2.966666666666667,0.485961101416971,60
CF384,datasets\processed\scut_fbp5500\images\CF384.jpg,scut_fbp5500,portrait_score,unassigned,2.6666666666666665,2.6666666666666665,0.6806444271116838,60
CF385,datasets\processed\scut_fbp5500\images\CF385.jpg,scut_fbp5500,portrait_score,unassigned,3.6666666666666665,3.6666666666666665,0.6806444271116837,60
CF386,datasets\processed\scut_fbp5500\images\CF386.jpg,scut_fbp5500,portrait_score,unassigned,3.066666666666667,3.066666666666667,0.7782350014707153,60
CF387,datasets\processed\scut_fbp5500\images\CF387.jpg,scut_fbp5500,portrait_score,unassigned,2.433333333333333,2.433333333333333,0.5928004971139372,60
CF388,datasets\processed\scut_fbp5500\images\CF388.jpg,scut_fbp5500,portrait_score,unassigned,3.4,3.4,0.7178121183764841,60
CF389,datasets\processed\scut_fbp5500\images\CF389.jpg,scut_fbp5500,portrait_score,unassigned,2.066666666666667,2.066666666666667,0.634239613242227,60
CF39,datasets\processed\scut_fbp5500\images\CF39.jpg,scut_fbp5500,portrait_score,unassigned,2.5166666666666666,2.5166666666666666,0.6241378234003048,60
CF390,datasets\processed\scut_fbp5500\images\CF390.jpg,scut_fbp5500,portrait_score,unassigned,2.6,2.6,0.5880159112340471,60
CF391,datasets\processed\scut_fbp5500\images\CF391.jpg,scut_fbp5500,portrait_score,unassigned,3.55,3.55,0.5944660045019181,60
CF392,datasets\processed\scut_fbp5500\images\CF392.jpg,scut_fbp5500,portrait_score,unassigned,3.183333333333333,3.183333333333333,0.6762726024084973,60
CF393,datasets\processed\scut_fbp5500\images\CF393.jpg,scut_fbp5500,portrait_score,unassigned,2.9,2.9,0.5734226707429991,60
CF394,datasets\processed\scut_fbp5500\images\CF394.jpg,scut_fbp5500,portrait_score,unassigned,2.85,2.85,0.6057632809459261,60
CF395,datasets\processed\scut_fbp5500\images\CF395.jpg,scut_fbp5500,portrait_score,unassigned,2.8833333333333333,2.8833333333333333,0.5551505114790765,60
CF396,datasets\processed\scut_fbp5500\images\CF396.jpg,scut_fbp5500,portrait_score,unassigned,3.466666666666667,3.466666666666667,0.7240813388775701,60
CF397,datasets\processed\scut_fbp5500\images\CF397.jpg,scut_fbp5500,portrait_score,unassigned,2.85,2.85,0.6845758305670822,60
CF398,datasets\processed\scut_fbp5500\images\CF398.jpg,scut_fbp5500,portrait_score,unassigned,3.15,3.15,0.7773270149271756,60
CF399,datasets\processed\scut_fbp5500\images\CF399.jpg,scut_fbp5500,portrait_score,unassigned,3.05,3.05,0.6745996929755542,60
CF4,datasets\processed\scut_fbp5500\images\CF4.jpg,scut_fbp5500,portrait_score,unassigned,4.066666666666666,4.066666666666666,0.7561424551163481,60
CF40,datasets\processed\scut_fbp5500\images\CF40.jpg,scut_fbp5500,portrait_score,unassigned,3.3833333333333333,3.3833333333333333,0.8455600223594002,60
CF400,datasets\processed\scut_fbp5500\images\CF400.jpg,scut_fbp5500,portrait_score,unassigned,3.1,3.1,0.5108981788502894,60
CF401,datasets\processed\scut_fbp5500\images\CF401.jpg,scut_fbp5500,portrait_score,unassigned,2.683333333333333,2.683333333333333,0.6241378234003047,60
CF402,datasets\processed\scut_fbp5500\images\CF402.jpg,scut_fbp5500,portrait_score,unassigned,2.2666666666666666,2.2666666666666666,0.7333846926031609,60
CF403,datasets\processed\scut_fbp5500\images\CF403.jpg,scut_fbp5500,portrait_score,unassigned,2.2333333333333334,2.2333333333333334,0.6474635430261867,60
CF404,datasets\processed\scut_fbp5500\images\CF404.jpg,scut_fbp5500,portrait_score,unassigned,2.2333333333333334,2.2333333333333334,0.7217367628174831,60
CF405,datasets\processed\scut_fbp5500\images\CF405.jpg,scut_fbp5500,portrait_score,unassigned,3.3833333333333333,3.3833333333333333,0.7152495514881184,60
CF406,datasets\processed\scut_fbp5500\images\CF406.jpg,scut_fbp5500,portrait_score,unassigned,2.45,2.45,0.6223247830459754,60
CF407,datasets\processed\scut_fbp5500\images\CF407.jpg,scut_fbp5500,portrait_score,unassigned,2.6166666666666667,2.6166666666666667,0.5848849420870962,60
CF408,datasets\processed\scut_fbp5500\images\CF408.jpg,scut_fbp5500,portrait_score,unassigned,3.1,3.1,0.6814739757767843,60
CF409,datasets\processed\scut_fbp5500\images\CF409.jpg,scut_fbp5500,portrait_score,unassigned,2.7666666666666666,2.7666666666666666,0.6731324866865128,60
CF41,datasets\processed\scut_fbp5500\images\CF41.jpg,scut_fbp5500,portrait_score,unassigned,2.183333333333333,2.183333333333333,0.7700245795475263,60
CF410,datasets\processed\scut_fbp5500\images\CF410.jpg,scut_fbp5500,portrait_score,unassigned,2.8,2.8,0.4801129810537008,60
CF411,datasets\processed\scut_fbp5500\images\CF411.jpg,scut_fbp5500,portrait_score,unassigned,3.95,3.95,0.7461766955734742,60
CF412,datasets\processed\scut_fbp5500\images\CF412.jpg,scut_fbp5500,portrait_score,unassigned,2.183333333333333,2.183333333333333,0.6762726024084974,60
CF413,datasets\processed\scut_fbp5500\images\CF413.jpg,scut_fbp5500,portrait_score,unassigned,2.75,2.75,0.704104191057266,60
CF414,datasets\processed\scut_fbp5500\images\CF414.jpg,scut_fbp5500,portrait_score,unassigned,2.333333333333333,2.333333333333333,0.7051064751106303,60
CF415,datasets\processed\scut_fbp5500\images\CF415.jpg,scut_fbp5500,portrait_score,unassigned,2.683333333333333,2.683333333333333,0.7008872504569528,60
CF416,datasets\processed\scut_fbp5500\images\CF416.jpg,scut_fbp5500,portrait_score,unassigned,2.4166666666666665,2.4166666666666665,0.645497224367903,60
CF417,datasets\processed\scut_fbp5500\images\CF417.jpg,scut_fbp5500,portrait_score,unassigned,2.583333333333333,2.583333333333333,0.6454972243679027,60
CF418,datasets\processed\scut_fbp5500\images\CF418.jpg,scut_fbp5500,portrait_score,unassigned,2.583333333333333,2.583333333333333,0.5906522297402889,60
CF419,datasets\processed\scut_fbp5500\images\CF419.jpg,scut_fbp5500,portrait_score,unassigned,2.35,2.35,0.7324211069911227,60
CF42,datasets\processed\scut_fbp5500\images\CF42.jpg,scut_fbp5500,portrait_score,unassigned,3.333333333333333,3.333333333333333,0.7287478619712608,60
CF420,datasets\processed\scut_fbp5500\images\CF420.jpg,scut_fbp5500,portrait_score,unassigned,3.7,3.7,0.6714517537598057,60
CF421,datasets\processed\scut_fbp5500\images\CF421.jpg,scut_fbp5500,portrait_score,unassigned,3.183333333333333,3.183333333333333,0.6241378234003049,60
CF422,datasets\processed\scut_fbp5500\images\CF422.jpg,scut_fbp5500,portrait_score,unassigned,2.5166666666666666,2.5166666666666666,0.650727537210172,60
CF423,datasets\processed\scut_fbp5500\images\CF423.jpg,scut_fbp5500,portrait_score,unassigned,3.8333333333333335,3.8333333333333335,0.7847414918554694,60
CF424,datasets\processed\scut_fbp5500\images\CF424.jpg,scut_fbp5500,portrait_score,unassigned,3.15,3.15,0.6593525329532482,60
CF425,datasets\processed\scut_fbp5500\images\CF425.jpg,scut_fbp5500,portrait_score,unassigned,2.6666666666666665,2.6666666666666665,0.6806444271116838,60
CF426,datasets\processed\scut_fbp5500\images\CF426.jpg,scut_fbp5500,portrait_score,unassigned,2.933333333333333,2.933333333333333,0.6069279874259417,60
CF427,datasets\processed\scut_fbp5500\images\CF427.jpg,scut_fbp5500,portrait_score,unassigned,2.75,2.75,0.7945790912196153,60
CF428,datasets\processed\scut_fbp5500\images\CF428.jpg,scut_fbp5500,portrait_score,unassigned,2.566666666666667,2.566666666666667,0.6207340287621398,60
CF429,datasets\processed\scut_fbp5500\images\CF429.jpg,scut_fbp5500,portrait_score,unassigned,2.716666666666667,2.716666666666667,0.5551505114790765,60
CF43,datasets\processed\scut_fbp5500\images\CF43.jpg,scut_fbp5500,portrait_score,unassigned,2.283333333333333,2.283333333333333,0.7152495514881186,60
CF430,datasets\processed\scut_fbp5500\images\CF430.jpg,scut_fbp5500,portrait_score,unassigned,2.3,2.3,0.6457159999120147,60
CF431,datasets\processed\scut_fbp5500\images\CF431.jpg,scut_fbp5500,portrait_score,unassigned,2.833333333333333,2.833333333333333,0.5261522196019802,60
CF432,datasets\processed\scut_fbp5500\images\CF432.jpg,scut_fbp5500,portrait_score,unassigned,2.1666666666666665,2.1666666666666665,0.7847414918554694,60
CF433,datasets\processed\scut_fbp5500\images\CF433.jpg,scut_fbp5500,portrait_score,unassigned,2.2333333333333334,2.2333333333333334,0.7448504949901059,60
CF434,datasets\processed\scut_fbp5500\images\CF434.jpg,scut_fbp5500,portrait_score,unassigned,2.9833333333333334,2.9833333333333334,0.4691017983072984,60
CF435,datasets\processed\scut_fbp5500\images\CF435.jpg,scut_fbp5500,portrait_score,unassigned,2.833333333333333,2.833333333333333,0.5261522196019802,60
CF436,datasets\processed\scut_fbp5500\images\CF436.jpg,scut_fbp5500,portrait_score,unassigned,3.1666666666666665,3.1666666666666665,0.7170246117012379,60
CF437,datasets\processed\scut_fbp5500\images\CF437.jpg,scut_fbp5500,portrait_score,unassigned,2.8833333333333333,2.8833333333333333,0.4903014177279,60
CF438,datasets\processed\scut_fbp5500\images\CF438.jpg,scut_fbp5500,portrait_score,unassigned,2.216666666666667,2.216666666666667,0.6661721329614916,60
CF439,datasets\processed\scut_fbp5500\images\CF439.jpg,scut_fbp5500,portrait_score,unassigned,2.683333333333333,2.683333333333333,0.6241378234003049,60
CF44,datasets\processed\scut_fbp5500\images\CF44.jpg,scut_fbp5500,portrait_score,unassigned,2.6333333333333333,2.6333333333333333,0.5812513288970896,60
CF440,datasets\processed\scut_fbp5500\images\CF440.jpg,scut_fbp5500,portrait_score,unassigned,3.1166666666666667,3.1166666666666667,0.6911465950282971,60
CF441,datasets\processed\scut_fbp5500\images\CF441.jpg,scut_fbp5500,portrait_score,unassigned,2.55,2.55,0.7461766955734743,60
CF442,datasets\processed\scut_fbp5500\images\CF442.jpg,scut_fbp5500,portrait_score,unassigned,2.55,2.55,0.699273230466788,60
CF443,datasets\processed\scut_fbp5500\images\CF443.jpg,scut_fbp5500,portrait_score,unassigned,2.316666666666667,2.316666666666667,0.6241378234003048,60
CF444,datasets\processed\scut_fbp5500\images\CF444.jpg,scut_fbp5500,portrait_score,unassigned,2.2666666666666666,2.2666666666666666,0.6069279874259417,60
CF445,datasets\processed\scut_fbp5500\images\CF445.jpg,scut_fbp5500,portrait_score,unassigned,2.95,2.95,0.6223247830459755,60
CF446,datasets\processed\scut_fbp5500\images\CF446.jpg,scut_fbp5500,portrait_score,unassigned,2.333333333333333,2.333333333333333,0.6806444271116837,60
CF447,datasets\processed\scut_fbp5500\images\CF447.jpg,scut_fbp5500,portrait_score,unassigned,3.0,3.0,0.7811334658849433,60
CF448,datasets\processed\scut_fbp5500\images\CF448.jpg,scut_fbp5500,portrait_score,unassigned,3.316666666666667,3.316666666666667,0.6762726024084973,60
CF449,datasets\processed\scut_fbp5500\images\CF449.jpg,scut_fbp5500,portrait_score,unassigned,2.6,2.6,0.5880159112340472,60
CF45,datasets\processed\scut_fbp5500\images\CF45.jpg,scut_fbp5500,portrait_score,unassigned,2.6,2.6,0.6937981927069209,60
CF450,datasets\processed\scut_fbp5500\images\CF450.jpg,scut_fbp5500,portrait_score,unassigned,3.0,3.0,0.582222509739582,60
CF451,datasets\processed\scut_fbp5500\images\CF451.jpg,scut_fbp5500,portrait_score,unassigned,2.833333333333333,2.833333333333333,0.5261522196019803,60
CF452,datasets\processed\scut_fbp5500\images\CF452.jpg,scut_fbp5500,portrait_score,unassigned,3.0166666666666666,3.0166666666666666,0.5963637459756623,60
CF453,datasets\processed\scut_fbp5500\images\CF453.jpg,scut_fbp5500,portrait_score,unassigned,2.2666666666666666,2.2666666666666666,0.634239613242227,60
CF454,datasets\processed\scut_fbp5500\images\CF454.jpg,scut_fbp5500,portrait_score,unassigned,2.3833333333333333,2.3833333333333333,0.6131791749276648,60
CF455,datasets\processed\scut_fbp5500\images\CF455.jpg,scut_fbp5500,portrait_score,unassigned,4.016666666666667,4.016666666666667,0.6762726024084975,60
CF456,datasets\processed\scut_fbp5500\images\CF456.jpg,scut_fbp5500,portrait_score,unassigned,3.6666666666666665,3.6666666666666665,0.6806444271116837,60
CF457,datasets\processed\scut_fbp5500\images\CF457.jpg,scut_fbp5500,portrait_score,unassigned,2.566666666666667,2.566666666666667,0.6474635430261866,60
CF458,datasets\processed\scut_fbp5500\images\CF458.jpg,scut_fbp5500,portrait_score,unassigned,2.6666666666666665,2.6666666666666665,0.7051064751106303,60
CF459,datasets\processed\scut_fbp5500\images\CF459.jpg,scut_fbp5500,portrait_score,unassigned,2.6166666666666667,2.6166666666666667,0.6131791749276647,60
CF46,datasets\processed\scut_fbp5500\images\CF46.jpg,scut_fbp5500,portrait_score,unassigned,2.4833333333333334,2.4833333333333334,0.6507275372101721,60
CF460,datasets\processed\scut_fbp5500\images\CF460.jpg,scut_fbp5500,portrait_score,unassigned,2.55,2.55,0.5944660045019183,60
CF461,datasets\processed\scut_fbp5500\images\CF461.jpg,scut_fbp5500,portrait_score,unassigned,2.7,2.7,0.6457159999120148,60
CF462,datasets\processed\scut_fbp5500\images\CF462.jpg,scut_fbp5500,portrait_score,unassigned,2.4166666666666665,2.4166666666666665,0.618682763281733,60
CF463,datasets\processed\scut_fbp5500\images\CF463.jpg,scut_fbp5500,portrait_score,unassigned,2.65,2.65,0.63312515163048,60
CF464,datasets\processed\scut_fbp5500\images\CF464.jpg,scut_fbp5500,portrait_score,unassigned,2.1166666666666667,2.1166666666666667,0.6911465950282972,60
CF465,datasets\processed\scut_fbp5500\images\CF465.jpg,scut_fbp5500,portrait_score,unassigned,2.9166666666666665,2.9166666666666665,0.4235310272854237,60
CF466,datasets\processed\scut_fbp5500\images\CF466.jpg,scut_fbp5500,portrait_score,unassigned,2.7666666666666666,2.7666666666666666,0.6474635430261868,60
CF467,datasets\processed\scut_fbp5500\images\CF467.jpg,scut_fbp5500,portrait_score,unassigned,2.9166666666666665,2.9166666666666665,0.719973320284095,60
CF468,datasets\processed\scut_fbp5500\images\CF468.jpg,scut_fbp5500,portrait_score,unassigned,2.65,2.65,0.4809947319913077,60
CF469,datasets\processed\scut_fbp5500\images\CF469.jpg,scut_fbp5500,portrait_score,unassigned,2.2666666666666666,2.2666666666666666,0.6604227374117245,60
CF47,datasets\processed\scut_fbp5500\images\CF47.jpg,scut_fbp5500,portrait_score,unassigned,2.933333333333333,2.933333333333333,0.7098977407062844,60
CF470,datasets\processed\scut_fbp5500\images\CF470.jpg,scut_fbp5500,portrait_score,unassigned,3.75,3.75,0.7277781371744775,60
CF471,datasets\processed\scut_fbp5500\images\CF471.jpg,scut_fbp5500,portrait_score,unassigned,2.683333333333333,2.683333333333333,0.7476894729916952,60
CF472,datasets\processed\scut_fbp5500\images\CF472.jpg,scut_fbp5500,portrait_score,unassigned,2.5166666666666666,2.5166666666666666,0.5672313570575753,60
CF473,datasets\processed\scut_fbp5500\images\CF473.jpg,scut_fbp5500,portrait_score,unassigned,3.1,3.1,0.656131446111426,60
CF474,datasets\processed\scut_fbp5500\images\CF474.jpg,scut_fbp5500,portrait_score,unassigned,2.15,2.15,0.6331251516304802,60
CF475,datasets\processed\scut_fbp5500\images\CF475.jpg,scut_fbp5500,portrait_score,unassigned,3.4166666666666665,3.4166666666666665,0.8086747196864057,60
CF476,datasets\processed\scut_fbp5500\images\CF476.jpg,scut_fbp5500,portrait_score,unassigned,2.833333333333333,2.833333333333333,0.5574356135706043,60
CF477,datasets\processed\scut_fbp5500\images\CF477.jpg,scut_fbp5500,portrait_score,unassigned,1.8666666666666667,1.8666666666666667,0.7694741031901111,60
CF478,datasets\processed\scut_fbp5500\images\CF478.jpg,scut_fbp5500,portrait_score,unassigned,2.5166666666666666,2.5166666666666666,0.7917298517752697,60
CF479,datasets\processed\scut_fbp5500\images\CF479.jpg,scut_fbp5500,portrait_score,unassigned,2.7,2.7,0.6457159999120146,60
CF48,datasets\processed\scut_fbp5500\images\CF48.jpg,scut_fbp5500,portrait_score,unassigned,2.75,2.75,0.7507058825091876,60
CF480,datasets\processed\scut_fbp5500\images\CF480.jpg,scut_fbp5500,portrait_score,unassigned,3.633333333333333,3.633333333333333,0.6880743620304538,60
CF481,datasets\processed\scut_fbp5500\images\CF481.jpg,scut_fbp5500,portrait_score,unassigned,2.4166666666666665,2.4166666666666665,0.6186827632817331,60
CF482,datasets\processed\scut_fbp5500\images\CF482.jpg,scut_fbp5500,portrait_score,unassigned,2.783333333333333,2.783333333333333,0.5237306419436756,60
CF483,datasets\processed\scut_fbp5500\images\CF483.jpg,scut_fbp5500,portrait_score,unassigned,3.966666666666667,3.966666666666667,0.6880743620304537,60
CF484,datasets\processed\scut_fbp5500\images\CF484.jpg,scut_fbp5500,portrait_score,unassigned,2.9,2.9,0.6561314461114259,60
CF485,datasets\processed\scut_fbp5500\images\CF485.jpg,scut_fbp5500,portrait_score,unassigned,2.6666666666666665,2.6666666666666665,0.5097911392420601,60
CF486,datasets\processed\scut_fbp5500\images\CF486.jpg,scut_fbp5500,portrait_score,unassigned,2.6333333333333333,2.6333333333333333,0.6097142055335258,60
CF487,datasets\processed\scut_fbp5500\images\CF487.jpg,scut_fbp5500,portrait_score,unassigned,2.1333333333333333,2.1333333333333333,0.5956528014598821,60
CF488,datasets\processed\scut_fbp5500\images\CF488.jpg,scut_fbp5500,portrait_score,unassigned,2.9,2.9,0.602255647052628,60
CF489,datasets\processed\scut_fbp5500\images\CF489.jpg,scut_fbp5500,portrait_score,unassigned,2.6666666666666665,2.6666666666666665,0.5724365605193374,60
CF49,datasets\processed\scut_fbp5500\images\CF49.jpg,scut_fbp5500,portrait_score,unassigned,4.066666666666666,4.066666666666666,0.7333846926031609,60
CF490,datasets\processed\scut_fbp5500\images\CF490.jpg,scut_fbp5500,portrait_score,unassigned,2.8,2.8,0.6050633809075328,60
CF491,datasets\processed\scut_fbp5500\images\CF491.jpg,scut_fbp5500,portrait_score,unassigned,2.1166666666666667,2.1166666666666667,0.6911465950282972,60
CF492,datasets\processed\scut_fbp5500\images\CF492.jpg,scut_fbp5500,portrait_score,unassigned,2.3,2.3,0.6962368581968815,60
CF493,datasets\processed\scut_fbp5500\images\CF493.jpg,scut_fbp5500,portrait_score,unassigned,2.7333333333333334,2.7333333333333334,0.5783280010825675,60
CF494,datasets\processed\scut_fbp5500\images\CF494.jpg,scut_fbp5500,portrait_score,unassigned,2.183333333333333,2.183333333333333,0.7246662976417858,60
CF495,datasets\processed\scut_fbp5500\images\CF495.jpg,scut_fbp5500,portrait_score,unassigned,2.933333333333333,2.933333333333333,0.6069279874259417,60
CF496,datasets\processed\scut_fbp5500\images\CF496.jpg,scut_fbp5500,portrait_score,unassigned,1.85,1.85,0.8601340061144988,60
CF497,datasets\processed\scut_fbp5500\images\CF497.jpg,scut_fbp5500,portrait_score,unassigned,2.8833333333333333,2.8833333333333333,0.5848849420870963,60
CF498,datasets\processed\scut_fbp5500\images\CF498.jpg,scut_fbp5500,portrait_score,unassigned,2.7,2.7,0.5304299503265155,60
CF499,datasets\processed\scut_fbp5500\images\CF499.jpg,scut_fbp5500,portrait_score,unassigned,2.3666666666666667,2.3666666666666667,0.6629841797500676,60
CF5,datasets\processed\scut_fbp5500\images\CF5.jpg,scut_fbp5500,portrait_score,unassigned,3.883333333333333,3.883333333333333,0.8044719642367519,60
CF50,datasets\processed\scut_fbp5500\images\CF50.jpg,scut_fbp5500,portrait_score,unassigned,4.45,4.45,0.594466004501918,60
CF500,datasets\processed\scut_fbp5500\images\CF500.jpg,scut_fbp5500,portrait_score,unassigned,2.75,2.75,0.5712015287450464,60
CF501,datasets\processed\scut_fbp5500\images\CF501.jpg,scut_fbp5500,portrait_score,unassigned,2.45,2.45,0.6992732304667881,60
CF502,datasets\processed\scut_fbp5500\images\CF502.jpg,scut_fbp5500,portrait_score,unassigned,2.816666666666667,2.816666666666667,0.5963637459756624,60
CF503,datasets\processed\scut_fbp5500\images\CF503.jpg,scut_fbp5500,portrait_score,unassigned,2.7666666666666666,2.7666666666666666,0.5928004971139372,60
CF504,datasets\processed\scut_fbp5500\images\CF504.jpg,scut_fbp5500,portrait_score,unassigned,2.4833333333333334,2.4833333333333334,0.5672313570575752,60
CF505,datasets\processed\scut_fbp5500\images\CF505.jpg,scut_fbp5500,portrait_score,unassigned,3.2,3.2,0.7767817135518027,60
CF506,datasets\processed\scut_fbp5500\images\CF506.jpg,scut_fbp5500,portrait_score,unassigned,3.083333333333333,3.083333333333333,0.6712413662397547,60
CF507,datasets\processed\scut_fbp5500\images\CF507.jpg,scut_fbp5500,portrait_score,unassigned,2.75,2.75,0.6001412263171259,60
CF508,datasets\processed\scut_fbp5500\images\CF508.jpg,scut_fbp5500,portrait_score,unassigned,2.6666666666666665,2.6666666666666665,0.6552698154756149,60
CF509,datasets\processed\scut_fbp5500\images\CF509.jpg,scut_fbp5500,portrait_score,unassigned,2.7,2.7,0.5614750549117347,60
CF51,datasets\processed\scut_fbp5500\images\CF51.jpg,scut_fbp5500,portrait_score,unassigned,2.4833333333333334,2.4833333333333334,0.650727537210172,60
CF510,datasets\processed\scut_fbp5500\images\CF510.jpg,scut_fbp5500,portrait_score,unassigned,3.633333333333333,3.633333333333333,0.6880743620304536,60
CF511,datasets\processed\scut_fbp5500\images\CF511.jpg,scut_fbp5500,portrait_score,unassigned,2.05,2.05,0.7231053560389408,60
CF512,datasets\processed\scut_fbp5500\images\CF512.jpg,scut_fbp5500,portrait_score,unassigned,2.7666666666666666,2.7666666666666666,0.6978579008061128,60
CF513,datasets\processed\scut_fbp5500\images\CF513.jpg,scut_fbp5500,portrait_score,unassigned,2.2666666666666666,2.2666666666666666,0.634239613242227,60
CF514,datasets\processed\scut_fbp5500\images\CF514.jpg,scut_fbp5500,portrait_score,unassigned,2.283333333333333,2.283333333333333,0.7385663314751767,60
CF515,datasets\processed\scut_fbp5500\images\CF515.jpg,scut_fbp5500,portrait_score,unassigned,2.183333333333333,2.183333333333333,0.7008872504569528,60
CF516,datasets\processed\scut_fbp5500\images\CF516.jpg,scut_fbp5500,portrait_score,unassigned,3.4166666666666665,3.4166666666666665,0.6712413662397546,60
CF517,datasets\processed\scut_fbp5500\images\CF517.jpg,scut_fbp5500,portrait_score,unassigned,1.9166666666666667,1.9166666666666667,0.6960339624157418,60
CF518,datasets\processed\scut_fbp5500\images\CF518.jpg,scut_fbp5500,portrait_score,unassigned,2.4166666666666665,2.4166666666666665,0.6186827632817331,60
CF519,datasets\processed\scut_fbp5500\images\CF519.jpg,scut_fbp5500,portrait_score,unassigned,2.6333333333333333,2.6333333333333333,0.6369063647932279,60
CF52,datasets\processed\scut_fbp5500\images\CF52.jpg,scut_fbp5500,portrait_score,unassigned,2.5166666666666666,2.5166666666666666,0.7008872504569528,60
CF520,datasets\processed\scut_fbp5500\images\CF520.jpg,scut_fbp5500,portrait_score,unassigned,3.4,3.4,0.5880159112340471,60
CF521,datasets\processed\scut_fbp5500\images\CF521.jpg,scut_fbp5500,portrait_score,unassigned,2.2666666666666666,2.2666666666666666,0.6604227374117244,60
CF522,datasets\processed\scut_fbp5500\images\CF522.jpg,scut_fbp5500,portrait_score,unassigned,2.9,2.9,0.6814739757767843,60
CF523,datasets\processed\scut_fbp5500\images\CF523.jpg,scut_fbp5500,portrait_score,unassigned,2.35,2.35,0.6593525329532484,60
CF524,datasets\processed\scut_fbp5500\images\CF524.jpg,scut_fbp5500,portrait_score,unassigned,2.6333333333333333,2.6333333333333333,0.5513209612012652,60
CF525,datasets\processed\scut_fbp5500\images\CF525.jpg,scut_fbp5500,portrait_score,unassigned,2.1333333333333333,2.1333333333333333,0.7911944770819447,60
CF526,datasets\processed\scut_fbp5500\images\CF526.jpg,scut_fbp5500,portrait_score,unassigned,3.1666666666666665,3.1666666666666665,0.668077602989218,60
CF527,datasets\processed\scut_fbp5500\images\CF527.jpg,scut_fbp5500,portrait_score,unassigned,2.75,2.75,0.6277481952265331,60
CF528,datasets\processed\scut_fbp5500\images\CF528.jpg,scut_fbp5500,portrait_score,unassigned,2.6166666666666667,2.6166666666666667,0.7611691868917492,60
CF529,datasets\processed\scut_fbp5500\images\CF529.jpg,scut_fbp5500,portrait_score,unassigned,2.933333333333333,2.933333333333333,0.6069279874259417,60
CF53,datasets\processed\scut_fbp5500\images\CF53.jpg,scut_fbp5500,portrait_score,unassigned,2.1166666666666667,2.1166666666666667,0.7611691868917491,60
CF530,datasets\processed\scut_fbp5500\images\CF530.jpg,scut_fbp5500,portrait_score,unassigned,2.7666666666666666,2.7666666666666666,0.5325559305923083,60
CF531,datasets\processed\scut_fbp5500\images\CF531.jpg,scut_fbp5500,portrait_score,unassigned,2.716666666666667,2.716666666666667,0.5848849420870964,60
CF532,datasets\processed\scut_fbp5500\images\CF532.jpg,scut_fbp5500,portrait_score,unassigned,3.033333333333333,3.033333333333333,0.4859611014169709,60
CF533,datasets\processed\scut_fbp5500\images\CF533.jpg,scut_fbp5500,portrait_score,unassigned,2.5166666666666666,2.5166666666666666,0.6762726024084974,60
CF534,datasets\processed\scut_fbp5500\images\CF534.jpg,scut_fbp5500,portrait_score,unassigned,2.7333333333333334,2.7333333333333334,0.4824607357929978,60
CF535,datasets\processed\scut_fbp5500\images\CF535.jpg,scut_fbp5500,portrait_score,unassigned,3.15,3.15,0.7773270149271756,60
CF536,datasets\processed\scut_fbp5500\images\CF536.jpg,scut_fbp5500,portrait_score,unassigned,3.733333333333333,3.733333333333333,0.7098977407062843,60
CF537,datasets\processed\scut_fbp5500\images\CF537.jpg,scut_fbp5500,portrait_score,unassigned,3.433333333333333,3.433333333333333,0.6474635430261866,60
CF538,datasets\processed\scut_fbp5500\images\CF538.jpg,scut_fbp5500,portrait_score,unassigned,2.583333333333333,2.583333333333333,0.561223441609872,60
CF539,datasets\processed\scut_fbp5500\images\CF539.jpg,scut_fbp5500,portrait_score,unassigned,2.783333333333333,2.783333333333333,0.6911465950282972,60
CF54,datasets\processed\scut_fbp5500\images\CF54.jpg,scut_fbp5500,portrait_score,unassigned,2.45,2.45,0.5944660045019182,60
CF540,datasets\processed\scut_fbp5500\images\CF540.jpg,scut_fbp5500,portrait_score,unassigned,3.55,3.55,0.7461766955734741,60
CF541,datasets\processed\scut_fbp5500\images\CF541.jpg,scut_fbp5500,portrait_score,unassigned,3.7,3.7,0.6962368581968814,60
CF542,datasets\processed\scut_fbp5500\images\CF542.jpg,scut_fbp5500,portrait_score,unassigned,2.9,2.9,0.6297699337786185,60
CF543,datasets\processed\scut_fbp5500\images\CF543.jpg,scut_fbp5500,portrait_score,unassigned,2.7,2.7,0.5908913118102866,60
CF544,datasets\processed\scut_fbp5500\images\CF544.jpg,scut_fbp5500,portrait_score,unassigned,3.583333333333333,3.583333333333333,0.7874366623260192,60
CF545,datasets\processed\scut_fbp5500\images\CF545.jpg,scut_fbp5500,portrait_score,unassigned,3.8333333333333335,3.8333333333333335,0.7402854847084714,60
CF546,datasets\processed\scut_fbp5500\images\CF546.jpg,scut_fbp5500,portrait_score,unassigned,3.6,3.6,0.7410482726333565,60
CF547,datasets\processed\scut_fbp5500\images\CF547.jpg,scut_fbp5500,portrait_score,unassigned,3.583333333333333,3.583333333333333,0.618682763281733,60
CF548,datasets\processed\scut_fbp5500\images\CF548.jpg,scut_fbp5500,portrait_score,unassigned,4.416666666666667,4.416666666666667,0.618682763281733,60
CF549,datasets\processed\scut_fbp5500\images\CF549.jpg,scut_fbp5500,portrait_score,unassigned,4.416666666666667,4.416666666666667,0.5906522297402891,60
CF55,datasets\processed\scut_fbp5500\images\CF55.jpg,scut_fbp5500,portrait_score,unassigned,3.583333333333333,3.583333333333333,0.787436662326019,60
CF550,datasets\processed\scut_fbp5500\images\CF550.jpg,scut_fbp5500,portrait_score,unassigned,3.4833333333333334,3.4833333333333334,0.5963637459756623,60
CF551,datasets\processed\scut_fbp5500\images\CF551.jpg,scut_fbp5500,portrait_score,unassigned,4.45,4.45,0.5652358139960072,60
CF552,datasets\processed\scut_fbp5500\images\CF552.jpg,scut_fbp5500,portrait_score,unassigned,4.3,4.3,0.6457159999120148,60
CF553,datasets\processed\scut_fbp5500\images\CF553.jpg,scut_fbp5500,portrait_score,unassigned,3.9166666666666665,3.9166666666666665,0.6960339624157417,60
CF554,datasets\processed\scut_fbp5500\images\CF554.jpg,scut_fbp5500,portrait_score,unassigned,4.133333333333334,4.133333333333334,0.7240813388775701,60
CF555,datasets\processed\scut_fbp5500\images\CF555.jpg,scut_fbp5500,portrait_score,unassigned,4.1,4.1,0.7295227137180228,60
CF556,datasets\processed\scut_fbp5500\images\CF556.jpg,scut_fbp5500,portrait_score,unassigned,4.566666666666666,4.566666666666666,0.563483916623878,60
CF557,datasets\processed\scut_fbp5500\images\CF557.jpg,scut_fbp5500,portrait_score,unassigned,3.5,3.5,0.7919082295744859,60
CF558,datasets\processed\scut_fbp5500\images\CF558.jpg,scut_fbp5500,portrait_score,unassigned,3.8333333333333335,3.8333333333333335,0.668077602989218,60
CF559,datasets\processed\scut_fbp5500\images\CF559.jpg,scut_fbp5500,portrait_score,unassigned,3.583333333333333,3.583333333333333,0.6712413662397547,60
CF56,datasets\processed\scut_fbp5500\images\CF56.jpg,scut_fbp5500,portrait_score,unassigned,2.3833333333333333,2.3833333333333333,0.6661721329614916,60
CF560,datasets\processed\scut_fbp5500\images\CF560.jpg,scut_fbp5500,portrait_score,unassigned,3.283333333333333,3.283333333333333,0.7152495514881186,60
CF561,datasets\processed\scut_fbp5500\images\CF561.jpg,scut_fbp5500,portrait_score,unassigned,4.083333333333333,4.083333333333333,0.6712413662397547,60
CF562,datasets\processed\scut_fbp5500\images\CF562.jpg,scut_fbp5500,portrait_score,unassigned,4.0,4.0,0.688894963827172,60
CF563,datasets\processed\scut_fbp5500\images\CF563.jpg,scut_fbp5500,portrait_score,unassigned,4.15,4.15,0.6845758305670822,60
CF564,datasets\processed\scut_fbp5500\images\CF564.jpg,scut_fbp5500,portrait_score,unassigned,3.8666666666666663,3.8666666666666663,0.6756457467795111,60
CF565,datasets\processed\scut_fbp5500\images\CF565.jpg,scut_fbp5500,portrait_score,unassigned,3.533333333333333,3.533333333333333,0.7694741031901112,60
CF566,datasets\processed\scut_fbp5500\images\CF566.jpg,scut_fbp5500,portrait_score,unassigned,4.433333333333334,4.433333333333334,0.5634839166238776,60
CF567,datasets\processed\scut_fbp5500\images\CF567.jpg,scut_fbp5500,portrait_score,unassigned,4.433333333333334,4.433333333333334,0.62073402876214,60
CF568,datasets\processed\scut_fbp5500\images\CF568.jpg,scut_fbp5500,portrait_score,unassigned,4.366666666666666,4.366666666666666,0.6629841797500676,60
CF569,datasets\processed\scut_fbp5500\images\CF569.jpg,scut_fbp5500,portrait_score,unassigned,3.933333333333333,3.933333333333333,0.7561424551163481,60
CF57,datasets\processed\scut_fbp5500\images\CF57.jpg,scut_fbp5500,portrait_score,unassigned,3.65,3.65,0.7552079071691765,60
CF570,datasets\processed\scut_fbp5500\images\CF570.jpg,scut_fbp5500,portrait_score,unassigned,3.183333333333333,3.183333333333333,0.6507275372101722,60
CF571,datasets\processed\scut_fbp5500\images\CF571.jpg,scut_fbp5500,portrait_score,unassigned,3.633333333333333,3.633333333333333,0.7356921488320418,60
CF572,datasets\processed\scut_fbp5500\images\CF572.jpg,scut_fbp5500,portrait_score,unassigned,3.633333333333333,3.633333333333333,0.7356921488320419,60
CF573,datasets\processed\scut_fbp5500\images\CF573.jpg,scut_fbp5500,portrait_score,unassigned,4.266666666666667,4.266666666666667,0.685606663601763,60
CF574,datasets\processed\scut_fbp5500\images\CF574.jpg,scut_fbp5500,portrait_score,unassigned,3.9,3.9,0.705907277725455,60
CF575,datasets\processed\scut_fbp5500\images\CF575.jpg,scut_fbp5500,portrait_score,unassigned,3.6666666666666665,3.6666666666666665,0.7738669501259084,60
CF576,datasets\processed\scut_fbp5500\images\CF576.jpg,scut_fbp5500,portrait_score,unassigned,4.583333333333333,4.583333333333333,0.5906522297402891,60
CF577,datasets\processed\scut_fbp5500\images\CF577.jpg,scut_fbp5500,portrait_score,unassigned,4.366666666666666,4.366666666666666,0.5513209612012652,60
CF578,datasets\processed\scut_fbp5500\images\CF578.jpg,scut_fbp5500,portrait_score,unassigned,3.966666666666667,3.966666666666667,0.6880743620304537,60
CF579,datasets\processed\scut_fbp5500\images\CF579.jpg,scut_fbp5500,portrait_score,unassigned,3.6666666666666665,3.6666666666666665,0.6552698154756149,60
CF58,datasets\processed\scut_fbp5500\images\CF58.jpg,scut_fbp5500,portrait_score,unassigned,2.283333333333333,2.283333333333333,0.6661721329614917,60
CF580,datasets\processed\scut_fbp5500\images\CF580.jpg,scut_fbp5500,portrait_score,unassigned,4.283333333333333,4.283333333333333,0.6131791749276648,60
CF581,datasets\processed\scut_fbp5500\images\CF581.jpg,scut_fbp5500,portrait_score,unassigned,4.45,4.45,0.5944660045019182,60
CF582,datasets\processed\scut_fbp5500\images\CF582.jpg,scut_fbp5500,portrait_score,unassigned,4.233333333333333,4.233333333333333,0.6207340287621396,60
CF583,datasets\processed\scut_fbp5500\images\CF583.jpg,scut_fbp5500,portrait_score,unassigned,4.183333333333334,4.183333333333334,0.7246662976417857,60
CF584,datasets\processed\scut_fbp5500\images\CF584.jpg,scut_fbp5500,portrait_score,unassigned,4.416666666666667,4.416666666666667,0.5612234416098718,60
CF585,datasets\processed\scut_fbp5500\images\CF585.jpg,scut_fbp5500,portrait_score,unassigned,3.6166666666666663,3.6166666666666663,0.8252717408997375,60
CF586,datasets\processed\scut_fbp5500\images\CF586.jpg,scut_fbp5500,portrait_score,unassigned,4.183333333333334,4.183333333333334,0.6762726024084974,60
CF587,datasets\processed\scut_fbp5500\images\CF587.jpg,scut_fbp5500,portrait_score,unassigned,4.116666666666666,4.116666666666666,0.6911465950282972,60
CF588,datasets\processed\scut_fbp5500\images\CF588.jpg,scut_fbp5500,portrait_score,unassigned,3.55,3.55,0.6489887831680653,60
CF589,datasets\processed\scut_fbp5500\images\CF589.jpg,scut_fbp5500,portrait_score,unassigned,4.316666666666666,4.316666666666666,0.6507275372101721,60
CF59,datasets\processed\scut_fbp5500\images\CF59.jpg,scut_fbp5500,portrait_score,unassigned,2.15,2.15,0.7552079071691764,60
CF590,datasets\processed\scut_fbp5500\images\CF590.jpg,scut_fbp5500,portrait_score,unassigned,3.8333333333333335,3.8333333333333335,0.7402854847084714,60
CF591,datasets\processed\scut_fbp5500\images\CF591.jpg,scut_fbp5500,portrait_score,unassigned,4.216666666666667,4.216666666666667,0.6402241838994506,60
CF592,datasets\processed\scut_fbp5500\images\CF592.jpg,scut_fbp5500,portrait_score,unassigned,3.6666666666666665,3.6666666666666665,0.7516460280028289,60
CF593,datasets\processed\scut_fbp5500\images\CF593.jpg,scut_fbp5500,portrait_score,unassigned,3.8,3.8,0.7767817135518024,60
CF594,datasets\processed\scut_fbp5500\images\CF594.jpg,scut_fbp5500,portrait_score,unassigned,3.1,3.1,0.705907277725455,60
CF595,datasets\processed\scut_fbp5500\images\CF595.jpg,scut_fbp5500,portrait_score,unassigned,4.016666666666667,4.016666666666667,0.7476894729916952,60
CF596,datasets\processed\scut_fbp5500\images\CF596.jpg,scut_fbp5500,portrait_score,unassigned,4.333333333333333,4.333333333333333,0.6552698154756149,60
CF597,datasets\processed\scut_fbp5500\images\CF597.jpg,scut_fbp5500,portrait_score,unassigned,4.466666666666667,4.466666666666667,0.6500760494407537,60
CF598,datasets\processed\scut_fbp5500\images\CF598.jpg,scut_fbp5500,portrait_score,unassigned,4.233333333333333,4.233333333333333,0.5928004971139373,60
CF599,datasets\processed\scut_fbp5500\images\CF599.jpg,scut_fbp5500,portrait_score,unassigned,3.8666666666666663,3.8666666666666663,0.7694741031901112,60
CF6,datasets\processed\scut_fbp5500\images\CF6.jpg,scut_fbp5500,portrait_score,unassigned,4.283333333333333,4.283333333333333,0.6661721329614916,60
CF60,datasets\processed\scut_fbp5500\images\CF60.jpg,scut_fbp5500,portrait_score,unassigned,2.783333333333333,2.783333333333333,0.6402241838994507,60
CF600,datasets\processed\scut_fbp5500\images\CF600.jpg,scut_fbp5500,portrait_score,unassigned,4.2,4.2,0.6587095756740947,60
CF601,datasets\processed\scut_fbp5500\images\CF601.jpg,scut_fbp5500,portrait_score,unassigned,3.5166666666666666,3.5166666666666666,0.7246662976417856,60
CF602,datasets\processed\scut_fbp5500\images\CF602.jpg,scut_fbp5500,portrait_score,unassigned,4.366666666666666,4.366666666666666,0.6880743620304539,60
CF603,datasets\processed\scut_fbp5500\images\CF603.jpg,scut_fbp5500,portrait_score,unassigned,4.35,4.35,0.6593525329532482,60
CF604,datasets\processed\scut_fbp5500\images\CF604.jpg,scut_fbp5500,portrait_score,unassigned,3.583333333333333,3.583333333333333,0.7874366623260194,60
CF605,datasets\processed\scut_fbp5500\images\CF605.jpg,scut_fbp5500,portrait_score,unassigned,3.716666666666667,3.716666666666667,0.7385663314751767,60
CF606,datasets\processed\scut_fbp5500\images\CF606.jpg,scut_fbp5500,portrait_score,unassigned,3.9166666666666665,3.9166666666666665,0.719973320284095,60
CF607,datasets\processed\scut_fbp5500\images\CF607.jpg,scut_fbp5500,portrait_score,unassigned,3.65,3.65,0.7089022308339537,60
CF608,datasets\processed\scut_fbp5500\images\CF608.jpg,scut_fbp5500,portrait_score,unassigned,2.283333333333333,2.283333333333333,0.7831199372753781,60
CF609,datasets\processed\scut_fbp5500\images\CF609.jpg,scut_fbp5500,portrait_score,unassigned,4.7,4.7,0.4621247905424445,60
CF61,datasets\processed\scut_fbp5500\images\CF61.jpg,scut_fbp5500,portrait_score,unassigned,3.983333333333333,3.983333333333333,0.5672313570575753,60
CF610,datasets\processed\scut_fbp5500\images\CF610.jpg,scut_fbp5500,portrait_score,unassigned,4.316666666666666,4.316666666666666,0.5963637459756624,60
CF611,datasets\processed\scut_fbp5500\images\CF611.jpg,scut_fbp5500,portrait_score,unassigned,4.316666666666666,4.316666666666666,0.6241378234003047,60
CF612,datasets\processed\scut_fbp5500\images\CF612.jpg,scut_fbp5500,portrait_score,unassigned,4.066666666666666,4.066666666666666,0.7333846926031609,60
CF613,datasets\processed\scut_fbp5500\images\CF613.jpg,scut_fbp5500,portrait_score,unassigned,4.45,4.45,0.5944660045019181,60
CF614,datasets\processed\scut_fbp5500\images\CF614.jpg,scut_fbp5500,portrait_score,unassigned,3.5,3.5,0.6764814252025462,60
CF615,datasets\processed\scut_fbp5500\images\CF615.jpg,scut_fbp5500,portrait_score,unassigned,3.883333333333333,3.883333333333333,0.7152495514881186,60
CF616,datasets\processed\scut_fbp5500\images\CF616.jpg,scut_fbp5500,portrait_score,unassigned,3.933333333333333,3.933333333333333,0.756142455116348,60
CF617,datasets\processed\scut_fbp5500\images\CF617.jpg,scut_fbp5500,portrait_score,unassigned,3.466666666666667,3.466666666666667,0.7240813388775701,60
CF618,datasets\processed\scut_fbp5500\images\CF618.jpg,scut_fbp5500,portrait_score,unassigned,4.05,4.05,0.699273230466788,60
CF619,datasets\processed\scut_fbp5500\images\CF619.jpg,scut_fbp5500,portrait_score,unassigned,4.016666666666667,4.016666666666667,0.7476894729916952,60
CF62,datasets\processed\scut_fbp5500\images\CF62.jpg,scut_fbp5500,portrait_score,unassigned,2.1666666666666665,2.1666666666666665,0.6422066478409216,60
CF620,datasets\processed\scut_fbp5500\images\CF620.jpg,scut_fbp5500,portrait_score,unassigned,4.516666666666667,4.516666666666667,0.5365194379932874,60
CF621,datasets\processed\scut_fbp5500\images\CF621.jpg,scut_fbp5500,portrait_score,unassigned,3.95,3.95,0.699273230466788,60
CF622,datasets\processed\scut_fbp5500\images\CF622.jpg,scut_fbp5500,portrait_score,unassigned,3.433333333333333,3.433333333333333,0.7448504949901058,60
CF623,datasets\processed\scut_fbp5500\images\CF623.jpg,scut_fbp5500,portrait_score,unassigned,4.266666666666667,4.266666666666667,0.6856066636017631,60
CF624,datasets\processed\scut_fbp5500\images\CF624.jpg,scut_fbp5500,portrait_score,unassigned,3.9,3.9,0.796177307567068,60
CF625,datasets\processed\scut_fbp5500\images\CF625.jpg,scut_fbp5500,portrait_score,unassigned,3.983333333333333,3.983333333333333,0.650727537210172,60
CF626,datasets\processed\scut_fbp5500\images\CF626.jpg,scut_fbp5500,portrait_score,unassigned,3.316666666666667,3.316666666666667,0.6507275372101721,60
CF627,datasets\processed\scut_fbp5500\images\CF627.jpg,scut_fbp5500,portrait_score,unassigned,4.266666666666667,4.266666666666667,0.6856066636017631,60
CF628,datasets\processed\scut_fbp5500\images\CF628.jpg,scut_fbp5500,portrait_score,unassigned,4.316666666666666,4.316666666666666,0.7008872504569528,60
CF629,datasets\processed\scut_fbp5500\images\CF629.jpg,scut_fbp5500,portrait_score,unassigned,3.583333333333333,3.583333333333333,0.7431419023347086,60
CF63,datasets\processed\scut_fbp5500\images\CF63.jpg,scut_fbp5500,portrait_score,unassigned,2.3666666666666667,2.3666666666666667,0.7122812876724767,60
CF630,datasets\processed\scut_fbp5500\images\CF630.jpg,scut_fbp5500,portrait_score,unassigned,4.05,4.05,0.6745996929755541,60
CF631,datasets\processed\scut_fbp5500\images\CF631.jpg,scut_fbp5500,portrait_score,unassigned,3.75,3.75,0.6541911813032298,60
CF632,datasets\processed\scut_fbp5500\images\CF632.jpg,scut_fbp5500,portrait_score,unassigned,3.6666666666666665,3.6666666666666665,0.7051064751106303,60
CF633,datasets\processed\scut_fbp5500\images\CF633.jpg,scut_fbp5500,portrait_score,unassigned,3.983333333333333,3.983333333333333,0.7476894729916951,60
CF634,datasets\processed\scut_fbp5500\images\CF634.jpg,scut_fbp5500,portrait_score,unassigned,4.633333333333334,4.633333333333334,0.5513209612012653,60
CF635,datasets\processed\scut_fbp5500\images\CF635.jpg,scut_fbp5500,portrait_score,unassigned,4.266666666666667,4.266666666666667,0.634239613242227,60
CF636,datasets\processed\scut_fbp5500\images\CF636.jpg,scut_fbp5500,portrait_score,unassigned,4.316666666666666,4.316666666666666,0.7246662976417859,60
CF637,datasets\processed\scut_fbp5500\images\CF637.jpg,scut_fbp5500,portrait_score,unassigned,4.4,4.4,0.643085781240651,60
CF638,datasets\processed\scut_fbp5500\images\CF638.jpg,scut_fbp5500,portrait_score,unassigned,3.75,3.75,0.7041041910572658,60
CF639,datasets\processed\scut_fbp5500\images\CF639.jpg,scut_fbp5500,portrait_score,unassigned,4.283333333333333,4.283333333333333,0.6402241838994505,60
CF64,datasets\processed\scut_fbp5500\images\CF64.jpg,scut_fbp5500,portrait_score,unassigned,3.1666666666666665,3.1666666666666665,0.7847414918554695,60
CF640,datasets\processed\scut_fbp5500\images\CF640.jpg,scut_fbp5500,portrait_score,unassigned,4.65,4.65,0.5469483909592213,60
CF641,datasets\processed\scut_fbp5500\images\CF641.jpg,scut_fbp5500,portrait_score,unassigned,4.45,4.45,0.6223247830459755,60
CF642,datasets\processed\scut_fbp5500\images\CF642.jpg,scut_fbp5500,portrait_score,unassigned,4.216666666666667,4.216666666666667,0.6911465950282972,60
CF643,datasets\processed\scut_fbp5500\images\CF643.jpg,scut_fbp5500,portrait_score,unassigned,2.966666666666667,2.966666666666667,0.6880743620304537,60
CF644,datasets\processed\scut_fbp5500\images\CF644.jpg,scut_fbp5500,portrait_score,unassigned,3.9,3.9,0.7295227137180229,60
CF645,datasets\processed\scut_fbp5500\images\CF645.jpg,scut_fbp5500,portrait_score,unassigned,3.8666666666666663,3.8666666666666663,0.6756457467795108,60
CF646,datasets\processed\scut_fbp5500\images\CF646.jpg,scut_fbp5500,portrait_score,unassigned,3.883333333333333,3.883333333333333,0.7385663314751767,60
CF647,datasets\processed\scut_fbp5500\images\CF647.jpg,scut_fbp5500,portrait_score,unassigned,4.166666666666667,4.166666666666667,0.6152487898779874,60
CF648,datasets\processed\scut_fbp5500\images\CF648.jpg,scut_fbp5500,portrait_score,unassigned,4.65,4.65,0.5469483909592217,60
CF649,datasets\processed\scut_fbp5500\images\CF649.jpg,scut_fbp5500,portrait_score,unassigned,3.683333333333333,3.683333333333333,0.8128557456749852,60
CF65,datasets\processed\scut_fbp5500\images\CF65.jpg,scut_fbp5500,portrait_score,unassigned,1.3333333333333333,1.3333333333333333,0.6013168224022631,60
CF650,datasets\processed\scut_fbp5500\images\CF650.jpg,scut_fbp5500,portrait_score,unassigned,4.0,4.0,0.7364596943186587,60
CF651,datasets\processed\scut_fbp5500\images\CF651.jpg,scut_fbp5500,portrait_score,unassigned,3.933333333333333,3.933333333333333,0.6856066636017631,60
CF652,datasets\processed\scut_fbp5500\images\CF652.jpg,scut_fbp5500,portrait_score,unassigned,3.95,3.95,0.6489887831680653,60
CF653,datasets\processed\scut_fbp5500\images\CF653.jpg,scut_fbp5500,portrait_score,unassigned,4.416666666666667,4.416666666666667,0.6454972243679028,60
CF654,datasets\processed\scut_fbp5500\images\CF654.jpg,scut_fbp5500,portrait_score,unassigned,4.116666666666666,4.116666666666666,0.6911465950282971,60
CF655,datasets\processed\scut_fbp5500\images\CF655.jpg,scut_fbp5500,portrait_score,unassigned,3.816666666666667,3.816666666666667,0.8334463200240204,60
CF656,datasets\processed\scut_fbp5500\images\CF656.jpg,scut_fbp5500,portrait_score,unassigned,3.45,3.45,0.7461766955734741,60
CF657,datasets\processed\scut_fbp5500\images\CF657.jpg,scut_fbp5500,portrait_score,unassigned,3.8,3.8,0.6587095756740946,60
CF658,datasets\processed\scut_fbp5500\images\CF658.jpg,scut_fbp5500,portrait_score,unassigned,4.4,4.4,0.6161663873899262,60
CF659,datasets\processed\scut_fbp5500\images\CF659.jpg,scut_fbp5500,portrait_score,unassigned,4.45,4.45,0.5944660045019179,60
CF66,datasets\processed\scut_fbp5500\images\CF66.jpg,scut_fbp5500,portrait_score,unassigned,2.7666666666666666,2.7666666666666666,0.5928004971139373,60
CF660,datasets\processed\scut_fbp5500\images\CF660.jpg,scut_fbp5500,portrait_score,unassigned,3.466666666666667,3.466666666666667,0.8123342942715872,60
CF661,datasets\processed\scut_fbp5500\images\CF661.jpg,scut_fbp5500,portrait_score,unassigned,4.2,4.2,0.6324555320336759,60
CF662,datasets\processed\scut_fbp5500\images\CF662.jpg,scut_fbp5500,portrait_score,unassigned,4.066666666666666,4.066666666666666,0.7098977407062843,60
CF663,datasets\processed\scut_fbp5500\images\CF663.jpg,scut_fbp5500,portrait_score,unassigned,3.683333333333333,3.683333333333333,0.7008872504569529,60
CF664,datasets\processed\scut_fbp5500\images\CF664.jpg,scut_fbp5500,portrait_score,unassigned,3.4166666666666665,3.4166666666666665,0.6712413662397547,60
CF665,datasets\processed\scut_fbp5500\images\CF665.jpg,scut_fbp5500,portrait_score,unassigned,3.583333333333333,3.583333333333333,0.849559540249757,60
CF666,datasets\processed\scut_fbp5500\images\CF666.jpg,scut_fbp5500,portrait_score,unassigned,4.333333333333333,4.333333333333333,0.6552698154756149,60
CF667,datasets\processed\scut_fbp5500\images\CF667.jpg,scut_fbp5500,portrait_score,unassigned,3.95,3.95,0.9283665260982112,60
CF668,datasets\processed\scut_fbp5500\images\CF668.jpg,scut_fbp5500,portrait_score,unassigned,4.6,4.6,0.5584482131582668,60
CF669,datasets\processed\scut_fbp5500\images\CF669.jpg,scut_fbp5500,portrait_score,unassigned,4.15,4.15,0.5469483909592214,60
CF67,datasets\processed\scut_fbp5500\images\CF67.jpg,scut_fbp5500,portrait_score,unassigned,2.716666666666667,2.716666666666667,0.5848849420870964,60
CF670,datasets\processed\scut_fbp5500\images\CF670.jpg,scut_fbp5500,portrait_score,unassigned,4.516666666666667,4.516666666666667,0.624137823400305,60
CF671,datasets\processed\scut_fbp5500\images\CF671.jpg,scut_fbp5500,portrait_score,unassigned,3.8,3.8,0.7083042533080239,60
CF672,datasets\processed\scut_fbp5500\images\CF672.jpg,scut_fbp5500,portrait_score,unassigned,3.25,3.25,0.6541911813032297,60
CF673,datasets\processed\scut_fbp5500\images\CF673.jpg,scut_fbp5500,portrait_score,unassigned,4.183333333333334,4.183333333333334,0.5963637459756622,60
CF674,datasets\processed\scut_fbp5500\images\CF674.jpg,scut_fbp5500,portrait_score,unassigned,3.966666666666667,3.966666666666667,0.8629210672834348,60
CF675,datasets\processed\scut_fbp5500\images\CF675.jpg,scut_fbp5500,portrait_score,unassigned,3.95,3.95,0.6745996929755541,60
CF676,datasets\processed\scut_fbp5500\images\CF676.jpg,scut_fbp5500,portrait_score,unassigned,3.4833333333333334,3.4833333333333334,0.911167376885589,60
CF677,datasets\processed\scut_fbp5500\images\CF677.jpg,scut_fbp5500,portrait_score,unassigned,3.8666666666666663,3.8666666666666663,0.7002824288999324,60
CF678,datasets\processed\scut_fbp5500\images\CF678.jpg,scut_fbp5500,portrait_score,unassigned,3.9,3.9,0.7961773075670683,60
CF679,datasets\processed\scut_fbp5500\images\CF679.jpg,scut_fbp5500,portrait_score,unassigned,3.933333333333333,3.933333333333333,0.8410378307593316,60
CF68,datasets\processed\scut_fbp5500\images\CF68.jpg,scut_fbp5500,portrait_score,unassigned,3.6,3.6,0.616166387389926,60
CF680,datasets\processed\scut_fbp5500\images\CF680.jpg,scut_fbp5500,portrait_score,unassigned,3.9166666666666665,3.9166666666666665,0.6186827632817329,60
CF681,datasets\processed\scut_fbp5500\images\CF681.jpg,scut_fbp5500,portrait_score,unassigned,3.683333333333333,3.683333333333333,0.7008872504569529,60
CF682,datasets\processed\scut_fbp5500\images\CF682.jpg,scut_fbp5500,portrait_score,unassigned,4.283333333333333,4.283333333333333,0.6402241838994505,60
CF683,datasets\processed\scut_fbp5500\images\CF683.jpg,scut_fbp5500,portrait_score,unassigned,4.183333333333334,4.183333333333334,0.7246662976417857,60
CF684,datasets\processed\scut_fbp5500\images\CF684.jpg,scut_fbp5500,portrait_score,unassigned,3.566666666666667,3.566666666666667,0.5928004971139372,60
CF685,datasets\processed\scut_fbp5500\images\CF685.jpg,scut_fbp5500,portrait_score,unassigned,3.466666666666667,3.466666666666667,0.7002824288999321,60
CF686,datasets\processed\scut_fbp5500\images\CF686.jpg,scut_fbp5500,portrait_score,unassigned,4.116666666666666,4.116666666666666,0.6131791749276649,60
CF687,datasets\processed\scut_fbp5500\images\CF687.jpg,scut_fbp5500,portrait_score,unassigned,4.166666666666667,4.166666666666667,0.6680776029892181,60
CF688,datasets\processed\scut_fbp5500\images\CF688.jpg,scut_fbp5500,portrait_score,unassigned,3.6,3.6,0.7178121183764841,60
CF689,datasets\processed\scut_fbp5500\images\CF689.jpg,scut_fbp5500,portrait_score,unassigned,4.483333333333333,4.483333333333333,0.5963637459756626,60
CF69,datasets\processed\scut_fbp5500\images\CF69.jpg,scut_fbp5500,portrait_score,unassigned,3.0,3.0,0.7130740328122925,60
CF690,datasets\processed\scut_fbp5500\images\CF690.jpg,scut_fbp5500,portrait_score,unassigned,3.716666666666667,3.716666666666667,0.761169186891749,60
CF691,datasets\processed\scut_fbp5500\images\CF691.jpg,scut_fbp5500,portrait_score,unassigned,3.45,3.45,0.6745996929755541,60
CF692,datasets\processed\scut_fbp5500\images\CF692.jpg,scut_fbp5500,portrait_score,unassigned,4.316666666666666,4.316666666666666,0.7476894729916951,60
CF693,datasets\processed\scut_fbp5500\images\CF693.jpg,scut_fbp5500,portrait_score,unassigned,3.983333333333333,3.983333333333333,0.7476894729916951,60
CF694,datasets\processed\scut_fbp5500\images\CF694.jpg,scut_fbp5500,portrait_score,unassigned,3.4833333333333334,3.4833333333333334,0.650727537210172,60
CF695,datasets\processed\scut_fbp5500\images\CF695.jpg,scut_fbp5500,portrait_score,unassigned,4.316666666666666,4.316666666666666,0.5672313570575752,60
CF696,datasets\processed\scut_fbp5500\images\CF696.jpg,scut_fbp5500,portrait_score,unassigned,3.066666666666667,3.066666666666667,0.7997174642327564,60
CF697,datasets\processed\scut_fbp5500\images\CF697.jpg,scut_fbp5500,portrait_score,unassigned,3.3833333333333333,3.3833333333333333,0.8455600223594002,60
CF698,datasets\processed\scut_fbp5500\images\CF698.jpg,scut_fbp5500,portrait_score,unassigned,3.85,3.85,0.7324211069911227,60
CF699,datasets\processed\scut_fbp5500\images\CF699.jpg,scut_fbp5500,portrait_score,unassigned,3.75,3.75,0.6277481952265331,60
CF7,datasets\processed\scut_fbp5500\images\CF7.jpg,scut_fbp5500,portrait_score,unassigned,3.9166666666666665,3.9166666666666665,0.7874366623260194,60
CF70,datasets\processed\scut_fbp5500\images\CF70.jpg,scut_fbp5500,portrait_score,unassigned,3.1,3.1,0.573422670742999,60
CF700,datasets\processed\scut_fbp5500\images\CF700.jpg,scut_fbp5500,portrait_score,unassigned,3.716666666666667,3.716666666666667,0.7385663314751766,60
CF701,datasets\processed\scut_fbp5500\images\CF701.jpg,scut_fbp5500,portrait_score,unassigned,4.0,4.0,0.6377928041432807,60
CF702,datasets\processed\scut_fbp5500\images\CF702.jpg,scut_fbp5500,portrait_score,unassigned,4.516666666666667,4.516666666666667,0.5365194379932874,60
CF703,datasets\processed\scut_fbp5500\images\CF703.jpg,scut_fbp5500,portrait_score,unassigned,4.066666666666666,4.066666666666666,0.7333846926031607,60
CF704,datasets\processed\scut_fbp5500\images\CF704.jpg,scut_fbp5500,portrait_score,unassigned,4.383333333333334,4.383333333333334,0.6402241838994507,60
CF705,datasets\processed\scut_fbp5500\images\CF705.jpg,scut_fbp5500,portrait_score,unassigned,3.566666666666667,3.566666666666667,0.6978579008061125,60
CF706,datasets\processed\scut_fbp5500\images\CF706.jpg,scut_fbp5500,portrait_score,unassigned,4.3,4.3,0.6189110173988076,60
CF707,datasets\processed\scut_fbp5500\images\CF707.jpg,scut_fbp5500,portrait_score,unassigned,4.4,4.4,0.643085781240651,60
CF708,datasets\processed\scut_fbp5500\images\CF708.jpg,scut_fbp5500,portrait_score,unassigned,4.133333333333334,4.133333333333334,0.6500760494407537,60
CF709,datasets\processed\scut_fbp5500\images\CF709.jpg,scut_fbp5500,portrait_score,unassigned,3.8666666666666663,3.8666666666666663,0.6500760494407536,60
CF71,datasets\processed\scut_fbp5500\images\CF71.jpg,scut_fbp5500,portrait_score,unassigned,2.8833333333333333,2.8833333333333333,0.5237306419436755,60
CF710,datasets\processed\scut_fbp5500\images\CF710.jpg,scut_fbp5500,portrait_score,unassigned,3.9166666666666665,3.9166666666666665,0.6960339624157417,60
CF711,datasets\processed\scut_fbp5500\images\CF711.jpg,scut_fbp5500,portrait_score,unassigned,3.6666666666666665,3.6666666666666665,0.7516460280028289,60
CF712,datasets\processed\scut_fbp5500\images\CF712.jpg,scut_fbp5500,portrait_score,unassigned,3.85,3.85,0.7552079071691764,60
CF713,datasets\processed\scut_fbp5500\images\CF713.jpg,scut_fbp5500,portrait_score,unassigned,3.75,3.75,0.7277781371744774,60
CF714,datasets\processed\scut_fbp5500\images\CF714.jpg,scut_fbp5500,portrait_score,unassigned,4.3,4.3,0.6457159999120146,60
CF715,datasets\processed\scut_fbp5500\images\CF715.jpg,scut_fbp5500,portrait_score,unassigned,3.55,3.55,0.7461766955734743,60
CF716,datasets\processed\scut_fbp5500\images\CF716.jpg,scut_fbp5500,portrait_score,unassigned,3.4166666666666665,3.4166666666666665,0.8692811498670175,60
CF717,datasets\processed\scut_fbp5500\images\CF717.jpg,scut_fbp5500,portrait_score,unassigned,3.433333333333333,3.433333333333333,0.6978579008061125,60
CF718,datasets\processed\scut_fbp5500\images\CF718.jpg,scut_fbp5500,portrait_score,unassigned,3.95,3.95,0.6489887831680653,60
CF719,datasets\processed\scut_fbp5500\images\CF719.jpg,scut_fbp5500,portrait_score,unassigned,4.6,4.6,0.5272249061784877,60
CF72,datasets\processed\scut_fbp5500\images\CF72.jpg,scut_fbp5500,portrait_score,unassigned,2.4166666666666665,2.4166666666666665,0.765609686518134,60
CF720,datasets\processed\scut_fbp5500\images\CF720.jpg,scut_fbp5500,portrait_score,unassigned,3.2333333333333334,3.2333333333333334,0.870742264045728,60
CF721,datasets\processed\scut_fbp5500\images\CF721.jpg,scut_fbp5500,portrait_score,unassigned,3.933333333333333,3.933333333333333,0.7782350014707153,60
CF722,datasets\processed\scut_fbp5500\images\CF722.jpg,scut_fbp5500,portrait_score,unassigned,3.5,3.5,0.853705780302578,60
CF723,datasets\processed\scut_fbp5500\images\CF723.jpg,scut_fbp5500,portrait_score,unassigned,3.333333333333333,3.333333333333333,0.7287478619712606,60
CF724,datasets\processed\scut_fbp5500\images\CF724.jpg,scut_fbp5500,portrait_score,unassigned,3.4166666666666665,3.4166666666666665,0.9440566391128804,60
CF725,datasets\processed\scut_fbp5500\images\CF725.jpg,scut_fbp5500,portrait_score,unassigned,3.95,3.95,0.8320894671583893,60
CF726,datasets\processed\scut_fbp5500\images\CF726.jpg,scut_fbp5500,portrait_score,unassigned,3.65,3.65,0.7988338958884627,60
CF727,datasets\processed\scut_fbp5500\images\CF727.jpg,scut_fbp5500,portrait_score,unassigned,4.566666666666666,4.566666666666666,0.5325559305923083,60
CF728,datasets\processed\scut_fbp5500\images\CF728.jpg,scut_fbp5500,portrait_score,unassigned,4.316666666666666,4.316666666666666,0.6241378234003051,60
CF729,datasets\processed\scut_fbp5500\images\CF729.jpg,scut_fbp5500,portrait_score,unassigned,3.716666666666667,3.716666666666667,0.8044719642367517,60
CF73,datasets\processed\scut_fbp5500\images\CF73.jpg,scut_fbp5500,portrait_score,unassigned,2.4,2.4,0.7178121183764841,60
CF730,datasets\processed\scut_fbp5500\images\CF730.jpg,scut_fbp5500,portrait_score,unassigned,3.716666666666667,3.716666666666667,0.8044719642367519,60
CF731,datasets\processed\scut_fbp5500\images\CF731.jpg,scut_fbp5500,portrait_score,unassigned,3.7,3.7,0.6457159999120147,60
CF732,datasets\processed\scut_fbp5500\images\CF732.jpg,scut_fbp5500,portrait_score,unassigned,3.7666666666666666,3.7666666666666666,0.6978579008061127,60
CF733,datasets\processed\scut_fbp5500\images\CF733.jpg,scut_fbp5500,portrait_score,unassigned,3.0,3.0,0.7364596943186587,60
CF734,datasets\processed\scut_fbp5500\images\CF734.jpg,scut_fbp5500,portrait_score,unassigned,3.9,3.9,0.6814739757767843,60
CF735,datasets\processed\scut_fbp5500\images\CF735.jpg,scut_fbp5500,portrait_score,unassigned,4.216666666666667,4.216666666666667,0.6911465950282971,60
CF736,datasets\processed\scut_fbp5500\images\CF736.jpg,scut_fbp5500,portrait_score,unassigned,4.083333333333333,4.083333333333333,0.6454972243679027,60
CF737,datasets\processed\scut_fbp5500\images\CF737.jpg,scut_fbp5500,portrait_score,unassigned,3.9,3.9,0.6814739757767843,60
CF738,datasets\processed\scut_fbp5500\images\CF738.jpg,scut_fbp5500,portrait_score,unassigned,4.0,4.0,0.7130740328122925,60
CF739,datasets\processed\scut_fbp5500\images\CF739.jpg,scut_fbp5500,portrait_score,unassigned,3.683333333333333,3.683333333333333,0.7008872504569529,60
CF74,datasets\processed\scut_fbp5500\images\CF74.jpg,scut_fbp5500,portrait_score,unassigned,2.316666666666667,2.316666666666667,0.7008872504569528,60
CF740,datasets\processed\scut_fbp5500\images\CF740.jpg,scut_fbp5500,portrait_score,unassigned,4.133333333333334,4.133333333333334,0.5956528014598821,60
CF741,datasets\processed\scut_fbp5500\images\CF741.jpg,scut_fbp5500,portrait_score,unassigned,3.533333333333333,3.533333333333333,0.6234585511256954,60
CF742,datasets\processed\scut_fbp5500\images\CF742.jpg,scut_fbp5500,portrait_score,unassigned,4.3,4.3,0.6962368581968813,60
CF743,datasets\processed\scut_fbp5500\images\CF743.jpg,scut_fbp5500,portrait_score,unassigned,2.9166666666666665,2.9166666666666665,0.5301636033600228,60
CF744,datasets\processed\scut_fbp5500\images\CF744.jpg,scut_fbp5500,portrait_score,unassigned,4.283333333333333,4.283333333333333,0.6402241838994507,60
CF745,datasets\processed\scut_fbp5500\images\CF745.jpg,scut_fbp5500,portrait_score,unassigned,3.45,3.45,0.6489887831680653,60
CF746,datasets\processed\scut_fbp5500\images\CF746.jpg,scut_fbp5500,portrait_score,unassigned,2.7666666666666666,2.7666666666666666,0.6731324866865129,60
CF747,datasets\processed\scut_fbp5500\images\CF747.jpg,scut_fbp5500,portrait_score,unassigned,3.2333333333333334,3.2333333333333334,0.6731324866865127,60
CF748,datasets\processed\scut_fbp5500\images\CF748.jpg,scut_fbp5500,portrait_score,unassigned,3.933333333333333,3.933333333333333,0.7782350014707153,60
CF749,datasets\processed\scut_fbp5500\images\CF749.jpg,scut_fbp5500,portrait_score,unassigned,4.116666666666666,4.116666666666666,0.761169186891749,60
CF75,datasets\processed\scut_fbp5500\images\CF75.jpg,scut_fbp5500,portrait_score,unassigned,2.2333333333333334,2.2333333333333334,0.6978579008061127,60
CF750,datasets\processed\scut_fbp5500\images\CF750.jpg,scut_fbp5500,portrait_score,unassigned,3.6,3.6,0.7635776630164264,60
CF76,datasets\processed\scut_fbp5500\images\CF76.jpg,scut_fbp5500,portrait_score,unassigned,1.95,1.95,0.6489887831680654,60
CF77,datasets\processed\scut_fbp5500\images\CF77.jpg,scut_fbp5500,portrait_score,unassigned,3.2,3.2,0.5763708787148327,60
CF78,datasets\processed\scut_fbp5500\images\CF78.jpg,scut_fbp5500,portrait_score,unassigned,2.2666666666666666,2.2666666666666666,0.6604227374117245,60
CF79,datasets\processed\scut_fbp5500\images\CF79.jpg,scut_fbp5500,portrait_score,unassigned,2.75,2.75,0.6001412263171259,60
CF8,datasets\processed\scut_fbp5500\images\CF8.jpg,scut_fbp5500,portrait_score,unassigned,4.5,4.5,0.5966005392134929,60
CF80,datasets\processed\scut_fbp5500\images\CF80.jpg,scut_fbp5500,portrait_score,unassigned,2.8,2.8,0.6324555320336759,60
CF81,datasets\processed\scut_fbp5500\images\CF81.jpg,scut_fbp5500,portrait_score,unassigned,2.933333333333333,2.933333333333333,0.5783280010825674,60
CF82,datasets\processed\scut_fbp5500\images\CF82.jpg,scut_fbp5500,portrait_score,unassigned,2.95,2.95,0.5344092255369316,60
CF83,datasets\processed\scut_fbp5500\images\CF83.jpg,scut_fbp5500,portrait_score,unassigned,2.9,2.9,0.602255647052628,60
CF84,datasets\processed\scut_fbp5500\images\CF84.jpg,scut_fbp5500,portrait_score,unassigned,2.6166666666666667,2.6166666666666667,0.5848849420870961,60
CF85,datasets\processed\scut_fbp5500\images\CF85.jpg,scut_fbp5500,portrait_score,unassigned,2.933333333333333,2.933333333333333,0.7997174642327565,60
CF86,datasets\processed\scut_fbp5500\images\CF86.jpg,scut_fbp5500,portrait_score,unassigned,2.6666666666666665,2.6666666666666665,0.7954673856179904,60
CF87,datasets\processed\scut_fbp5500\images\CF87.jpg,scut_fbp5500,portrait_score,unassigned,2.066666666666667,2.066666666666667,0.6856066636017631,60
CF88,datasets\processed\scut_fbp5500\images\CF88.jpg,scut_fbp5500,portrait_score,unassigned,2.9833333333333334,2.9833333333333334,0.5672313570575753,60
CF89,datasets\processed\scut_fbp5500\images\CF89.jpg,scut_fbp5500,portrait_score,unassigned,4.183333333333334,4.183333333333334,0.7246662976417856,60
CF9,datasets\processed\scut_fbp5500\images\CF9.jpg,scut_fbp5500,portrait_score,unassigned,3.533333333333333,3.533333333333333,0.7002824288999322,60
CF90,datasets\processed\scut_fbp5500\images\CF90.jpg,scut_fbp5500,portrait_score,unassigned,3.1666666666666665,3.1666666666666665,0.7628374033532981,60
CF91,datasets\processed\scut_fbp5500\images\CF91.jpg,scut_fbp5500,portrait_score,unassigned,1.8833333333333333,1.8833333333333333,0.6911465950282973,60
CF92,datasets\processed\scut_fbp5500\images\CF92.jpg,scut_fbp5500,portrait_score,unassigned,3.033333333333333,3.033333333333333,0.6369063647932279,60
CF93,datasets\processed\scut_fbp5500\images\CF93.jpg,scut_fbp5500,portrait_score,unassigned,3.633333333333333,3.633333333333333,0.6880743620304536,60
CF94,datasets\processed\scut_fbp5500\images\CF94.jpg,scut_fbp5500,portrait_score,unassigned,2.3833333333333333,2.3833333333333333,0.7385663314751767,60
CF95,datasets\processed\scut_fbp5500\images\CF95.jpg,scut_fbp5500,portrait_score,unassigned,2.066666666666667,2.066666666666667,0.6069279874259415,60
CF96,datasets\processed\scut_fbp5500\images\CF96.jpg,scut_fbp5500,portrait_score,unassigned,2.6,2.6,0.5880159112340472,60
CF97,datasets\processed\scut_fbp5500\images\CF97.jpg,scut_fbp5500,portrait_score,unassigned,2.6666666666666665,2.6666666666666665,0.5724365605193374,60
CF98,datasets\processed\scut_fbp5500\images\CF98.jpg,scut_fbp5500,portrait_score,unassigned,2.65,2.65,0.7089022308339535,60
CF99,datasets\processed\scut_fbp5500\images\CF99.jpg,scut_fbp5500,portrait_score,unassigned,3.983333333333333,3.983333333333333,0.7008872504569529,60
CM1,datasets\processed\scut_fbp5500\images\CM1.jpg,scut_fbp5500,portrait_score,unassigned,3.1166666666666667,3.1166666666666667,0.6911465950282972,60
CM10,datasets\processed\scut_fbp5500\images\CM10.jpg,scut_fbp5500,portrait_score,unassigned,3.633333333333333,3.633333333333333,0.5812513288970897,60
CM100,datasets\processed\scut_fbp5500\images\CM100.jpg,scut_fbp5500,portrait_score,unassigned,2.833333333333333,2.833333333333333,0.4572084295183093,60
CM101,datasets\processed\scut_fbp5500\images\CM101.jpg,scut_fbp5500,portrait_score,unassigned,4.283333333333333,4.283333333333333,0.6131791749276648,60
CM102,datasets\processed\scut_fbp5500\images\CM102.jpg,scut_fbp5500,portrait_score,unassigned,2.8666666666666667,2.8666666666666667,0.5664838521990365,60
CM103,datasets\processed\scut_fbp5500\images\CM103.jpg,scut_fbp5500,portrait_score,unassigned,3.2,3.2,0.6839565850033842,60
CM104,datasets\processed\scut_fbp5500\images\CM104.jpg,scut_fbp5500,portrait_score,unassigned,2.8833333333333333,2.8833333333333333,0.7152495514881185,60
CM105,datasets\processed\scut_fbp5500\images\CM105.jpg,scut_fbp5500,portrait_score,unassigned,2.6666666666666665,2.6666666666666665,0.6288721857330793,60
CM106,datasets\processed\scut_fbp5500\images\CM106.jpg,scut_fbp5500,portrait_score,unassigned,3.15,3.15,0.6331251516304804,60
CM107,datasets\processed\scut_fbp5500\images\CM107.jpg,scut_fbp5500,portrait_score,unassigned,3.083333333333333,3.083333333333333,0.561223441609872,60
CM108,datasets\processed\scut_fbp5500\images\CM108.jpg,scut_fbp5500,portrait_score,unassigned,3.716666666666667,3.716666666666667,0.6911465950282971,60
CM109,datasets\processed\scut_fbp5500\images\CM109.jpg,scut_fbp5500,portrait_score,unassigned,3.45,3.45,0.5944660045019181,60
CM11,datasets\processed\scut_fbp5500\images\CM11.jpg,scut_fbp5500,portrait_score,unassigned,4.416666666666667,4.416666666666667,0.5906522297402891,60
CM110,datasets\processed\scut_fbp5500\images\CM110.jpg,scut_fbp5500,portrait_score,unassigned,3.4,3.4,0.6689227362847252,60
CM111,datasets\processed\scut_fbp5500\images\CM111.jpg,scut_fbp5500,portrait_score,unassigned,3.0,3.0,0.4871223004474547,60
CM112,datasets\processed\scut_fbp5500\images\CM112.jpg,scut_fbp5500,portrait_score,unassigned,2.95,2.95,0.5344092255369317,60
CM113,datasets\processed\scut_fbp5500\images\CM113.jpg,scut_fbp5500,portrait_score,unassigned,2.7666666666666666,2.7666666666666666,0.5634839166238779,60
CM114,datasets\processed\scut_fbp5500\images\CM114.jpg,scut_fbp5500,portrait_score,unassigned,2.683333333333333,2.683333333333333,0.6241378234003049,60
CM115,datasets\processed\scut_fbp5500\images\CM115.jpg,scut_fbp5500,portrait_score,unassigned,2.8666666666666667,2.8666666666666667,0.595652801459882,60
CM116,datasets\processed\scut_fbp5500\images\CM116.jpg,scut_fbp5500,portrait_score,unassigned,2.8833333333333333,2.8833333333333333,0.3724252474950529,60
CM117,datasets\processed\scut_fbp5500\images\CM117.jpg,scut_fbp5500,portrait_score,unassigned,2.55,2.55,0.6223247830459755,60
CM118,datasets\processed\scut_fbp5500\images\CM118.jpg,scut_fbp5500,portrait_score,unassigned,2.466666666666667,2.466666666666667,0.6234585511256955,60
CM119,datasets\processed\scut_fbp5500\images\CM119.jpg,scut_fbp5500,portrait_score,unassigned,2.816666666666667,2.816666666666667,0.5672313570575753,60
CM12,datasets\processed\scut_fbp5500\images\CM12.jpg,scut_fbp5500,portrait_score,unassigned,4.45,4.45,0.5344092255369317,60
CM120,datasets\processed\scut_fbp5500\images\CM120.jpg,scut_fbp5500,portrait_score,unassigned,3.333333333333333,3.333333333333333,0.6288721857330792,60
CM121,datasets\processed\scut_fbp5500\images\CM121.jpg,scut_fbp5500,portrait_score,unassigned,2.466666666666667,2.466666666666667,0.6500760494407536,60
CM122,datasets\processed\scut_fbp5500\images\CM122.jpg,scut_fbp5500,portrait_score,unassigned,2.5166666666666666,2.5166666666666666,0.7246662976417856,60
CM123,datasets\processed\scut_fbp5500\images\CM123.jpg,scut_fbp5500,portrait_score,unassigned,3.25,3.25,0.5712015287450464,60
CM124,datasets\processed\scut_fbp5500\images\CM124.jpg,scut_fbp5500,portrait_score,unassigned,2.7,2.7,0.5304299503265155,60
CM125,datasets\processed\scut_fbp5500\images\CM125.jpg,scut_fbp5500,portrait_score,unassigned,2.3666666666666667,2.3666666666666667,0.6880743620304538,60
CM126,datasets\processed\scut_fbp5500\images\CM126.jpg,scut_fbp5500,portrait_score,unassigned,2.8833333333333333,2.8833333333333333,0.4903014177279,60
CM127,datasets\processed\scut_fbp5500\images\CM127.jpg,scut_fbp5500,portrait_score,unassigned,3.65,3.65,0.7324211069911227,60
CM128,datasets\processed\scut_fbp5500\images\CM128.jpg,scut_fbp5500,portrait_score,unassigned,2.283333333333333,2.283333333333333,0.5848849420870964,60
CM129,datasets\processed\scut_fbp5500\images\CM129.jpg,scut_fbp5500,portrait_score,unassigned,2.95,2.95,0.5016920522135438,60
CM13,datasets\processed\scut_fbp5500\images\CM13.jpg,scut_fbp5500,portrait_score,unassigned,4.15,4.15,0.7089022308339534,60
CM130,datasets\processed\scut_fbp5500\images\CM130.jpg,scut_fbp5500,portrait_score,unassigned,2.966666666666667,2.966666666666667,0.4859611014169709,60
CM131,datasets\processed\scut_fbp5500\images\CM131.jpg,scut_fbp5500,portrait_score,unassigned,2.2333333333333334,2.2333333333333334,0.6474635430261866,60
CM132,datasets\processed\scut_fbp5500\images\CM132.jpg,scut_fbp5500,portrait_score,unassigned,2.683333333333333,2.683333333333333,0.503939284299098,60
CM133,datasets\processed\scut_fbp5500\images\CM133.jpg,scut_fbp5500,portrait_score,unassigned,2.833333333333333,2.833333333333333,0.86684048669783,60
CM134,datasets\processed\scut_fbp5500\images\CM134.jpg,scut_fbp5500,portrait_score,unassigned,2.933333333333333,2.933333333333333,0.5482380612028068,60
CM135,datasets\processed\scut_fbp5500\images\CM135.jpg,scut_fbp5500,portrait_score,unassigned,2.65,2.65,0.684575830567082,60
CM136,datasets\processed\scut_fbp5500\images\CM136.jpg,scut_fbp5500,portrait_score,unassigned,2.583333333333333,2.583333333333333,0.6454972243679027,60
CM137,datasets\processed\scut_fbp5500\images\CM137.jpg,scut_fbp5500,portrait_score,unassigned,2.45,2.45,0.6745996929755541,60
CM138,datasets\processed\scut_fbp5500\images\CM138.jpg,scut_fbp5500,portrait_score,unassigned,2.0,2.0,0.663835797544615,60
CM139,datasets\processed\scut_fbp5500\images\CM139.jpg,scut_fbp5500,portrait_score,unassigned,2.4833333333333334,2.4833333333333334,0.6762726024084973,60
CM14,datasets\processed\scut_fbp5500\images\CM14.jpg,scut_fbp5500,portrait_score,unassigned,2.85,2.85,0.4044246802977018,60
CM140,datasets\processed\scut_fbp5500\images\CM140.jpg,scut_fbp5500,portrait_score,unassigned,2.8666666666666667,2.8666666666666667,0.5956528014598821,60
CM141,datasets\processed\scut_fbp5500\images\CM141.jpg,scut_fbp5500,portrait_score,unassigned,2.683333333333333,2.683333333333333,0.5039392842990978,60
CM142,datasets\processed\scut_fbp5500\images\CM142.jpg,scut_fbp5500,portrait_score,unassigned,3.216666666666667,3.216666666666667,0.6402241838994507,60
CM143,datasets\processed\scut_fbp5500\images\CM143.jpg,scut_fbp5500,portrait_score,unassigned,3.2666666666666666,3.2666666666666666,0.6604227374117243,60
CM144,datasets\processed\scut_fbp5500\images\CM144.jpg,scut_fbp5500,portrait_score,unassigned,2.333333333333333,2.333333333333333,0.6288721857330792,60
CM145,datasets\processed\scut_fbp5500\images\CM145.jpg,scut_fbp5500,portrait_score,unassigned,2.183333333333333,2.183333333333333,0.7700245795475262,60
CM146,datasets\processed\scut_fbp5500\images\CM146.jpg,scut_fbp5500,portrait_score,unassigned,3.1333333333333333,3.1333333333333333,0.4681976500881039,60
CM147,datasets\processed\scut_fbp5500\images\CM147.jpg,scut_fbp5500,portrait_score,unassigned,2.433333333333333,2.433333333333333,0.7890493457677391,60
CM148,datasets\processed\scut_fbp5500\images\CM148.jpg,scut_fbp5500,portrait_score,unassigned,3.5166666666666666,3.5166666666666666,0.8334463200240204,60
CM149,datasets\processed\scut_fbp5500\images\CM149.jpg,scut_fbp5500,portrait_score,unassigned,2.75,2.75,0.5407151573203143,60
CM15,datasets\processed\scut_fbp5500\images\CM15.jpg,scut_fbp5500,portrait_score,unassigned,2.683333333333333,2.683333333333333,0.5672313570575753,60
CM150,datasets\processed\scut_fbp5500\images\CM150.jpg,scut_fbp5500,portrait_score,unassigned,2.933333333333333,2.933333333333333,0.482460735792998,60
CM151,datasets\processed\scut_fbp5500\images\CM151.jpg,scut_fbp5500,portrait_score,unassigned,2.183333333333333,2.183333333333333,0.6762726024084973,60
CM152,datasets\processed\scut_fbp5500\images\CM152.jpg,scut_fbp5500,portrait_score,unassigned,1.8166666666666669,1.8166666666666669,0.7008872504569529,60
CM153,datasets\processed\scut_fbp5500\images\CM153.jpg,scut_fbp5500,portrait_score,unassigned,2.1,2.1,0.6297699337786183,60
CM154,datasets\processed\scut_fbp5500\images\CM154.jpg,scut_fbp5500,portrait_score,unassigned,3.7,3.7,0.8088493605954036,60
CM155,datasets\processed\scut_fbp5500\images\CM155.jpg,scut_fbp5500,portrait_score,unassigned,2.55,2.55,0.6223247830459754,60
CM156,datasets\processed\scut_fbp5500\images\CM156.jpg,scut_fbp5500,portrait_score,unassigned,2.3666666666666667,2.3666666666666667,0.6097142055335257,60
CM157,datasets\processed\scut_fbp5500\images\CM157.jpg,scut_fbp5500,portrait_score,unassigned,3.8,3.8,0.731842346642351,60
CM158,datasets\processed\scut_fbp5500\images\CM158.jpg,scut_fbp5500,portrait_score,unassigned,2.7666666666666666,2.7666666666666666,0.6978579008061124,60
CM159,datasets\processed\scut_fbp5500\images\CM159.jpg,scut_fbp5500,portrait_score,unassigned,2.3,2.3,0.743331939903941,60
CM16,datasets\processed\scut_fbp5500\images\CM16.jpg,scut_fbp5500,portrait_score,unassigned,3.95,3.95,0.6489887831680653,60
CM160,datasets\processed\scut_fbp5500\images\CM160.jpg,scut_fbp5500,portrait_score,unassigned,4.5,4.5,0.5966005392134929,60
CM161,datasets\processed\scut_fbp5500\images\CM161.jpg,scut_fbp5500,portrait_score,unassigned,2.216666666666667,2.216666666666667,0.6911465950282971,60
CM162,datasets\processed\scut_fbp5500\images\CM162.jpg,scut_fbp5500,portrait_score,unassigned,3.4,3.4,0.7410482726333566,60
CM163,datasets\processed\scut_fbp5500\images\CM163.jpg,scut_fbp5500,portrait_score,unassigned,3.7,3.7,0.6457159999120146,60
CM164,datasets\processed\scut_fbp5500\images\CM164.jpg,scut_fbp5500,portrait_score,unassigned,2.8833333333333333,2.8833333333333333,0.4903014177278999,60
CM165,datasets\processed\scut_fbp5500\images\CM165.jpg,scut_fbp5500,portrait_score,unassigned,2.6333333333333333,2.6333333333333333,0.5812513288970897,60
CM166,datasets\processed\scut_fbp5500\images\CM166.jpg,scut_fbp5500,portrait_score,unassigned,2.3666666666666667,2.3666666666666667,0.6369063647932279,60
CM167,datasets\processed\scut_fbp5500\images\CM167.jpg,scut_fbp5500,portrait_score,unassigned,2.7,2.7,0.6189110173988076,60
CM168,datasets\processed\scut_fbp5500\images\CM168.jpg,scut_fbp5500,portrait_score,unassigned,2.6,2.6,0.7178121183764842,60
CM169,datasets\processed\scut_fbp5500\images\CM169.jpg,scut_fbp5500,portrait_score,unassigned,2.85,2.85,0.5150283849343992,60
CM17,datasets\processed\scut_fbp5500\images\CM17.jpg,scut_fbp5500,portrait_score,unassigned,4.016666666666667,4.016666666666667,0.7246662976417856,60
CM170,datasets\processed\scut_fbp5500\images\CM170.jpg,scut_fbp5500,portrait_score,unassigned,2.6666666666666665,2.6666666666666665,0.5724365605193373,60
CM171,datasets\processed\scut_fbp5500\images\CM171.jpg,scut_fbp5500,portrait_score,unassigned,2.35,2.35,0.7089022308339534,60
CM172,datasets\processed\scut_fbp5500\images\CM172.jpg,scut_fbp5500,portrait_score,unassigned,3.4833333333333334,3.4833333333333334,0.5963637459756622,60
CM173,datasets\processed\scut_fbp5500\images\CM173.jpg,scut_fbp5500,portrait_score,unassigned,3.316666666666667,3.316666666666667,0.6241378234003047,60
CM174,datasets\processed\scut_fbp5500\images\CM174.jpg,scut_fbp5500,portrait_score,unassigned,3.6,3.6,0.7178121183764841,60
CM175,datasets\processed\scut_fbp5500\images\CM175.jpg,scut_fbp5500,portrait_score,unassigned,3.25,3.25,0.8949008088202395,60
CM176,datasets\processed\scut_fbp5500\images\CM176.jpg,scut_fbp5500,portrait_score,unassigned,2.5,2.5,0.6243640832675885,60
CM177,datasets\processed\scut_fbp5500\images\CM177.jpg,scut_fbp5500,portrait_score,unassigned,2.9833333333333334,2.9833333333333334,0.4691017983072983,60
CM178,datasets\processed\scut_fbp5500\images\CM178.jpg,scut_fbp5500,portrait_score,unassigned,2.45,2.45,0.699273230466788,60
CM179,datasets\processed\scut_fbp5500\images\CM179.jpg,scut_fbp5500,portrait_score,unassigned,2.7666666666666666,2.7666666666666666,0.5928004971139371,60
CM18,datasets\processed\scut_fbp5500\images\CM18.jpg,scut_fbp5500,portrait_score,unassigned,2.583333333333333,2.583333333333333,0.618682763281733,60
CM180,datasets\processed\scut_fbp5500\images\CM180.jpg,scut_fbp5500,portrait_score,unassigned,3.05,3.05,0.5016920522135438,60
CM181,datasets\processed\scut_fbp5500\images\CM181.jpg,scut_fbp5500,portrait_score,unassigned,2.966666666666667,2.966666666666667,0.4497331286503694,60
CM182,datasets\processed\scut_fbp5500\images\CM182.jpg,scut_fbp5500,portrait_score,unassigned,2.6666666666666665,2.6666666666666665,0.5724365605193373,60
CM183,datasets\processed\scut_fbp5500\images\CM183.jpg,scut_fbp5500,portrait_score,unassigned,3.816666666666667,3.816666666666667,0.6762726024084975,60
CM184,datasets\processed\scut_fbp5500\images\CM184.jpg,scut_fbp5500,portrait_score,unassigned,2.55,2.55,0.6745996929755541,60
CM185,datasets\processed\scut_fbp5500\images\CM185.jpg,scut_fbp5500,portrait_score,unassigned,2.716666666666667,2.716666666666667,0.4903014177279,60
CM186,datasets\processed\scut_fbp5500\images\CM186.jpg,scut_fbp5500,portrait_score,unassigned,4.116666666666666,4.116666666666666,0.6131791749276647,60
CM187,datasets\processed\scut_fbp5500\images\CM187.jpg,scut_fbp5500,portrait_score,unassigned,4.133333333333334,4.133333333333334,0.6234585511256954,60
CM188,datasets\processed\scut_fbp5500\images\CM188.jpg,scut_fbp5500,portrait_score,unassigned,2.95,2.95,0.4288336566604185,60
CM189,datasets\processed\scut_fbp5500\images\CM189.jpg,scut_fbp5500,portrait_score,unassigned,2.6,2.6,0.6689227362847252,60
CM19,datasets\processed\scut_fbp5500\images\CM19.jpg,scut_fbp5500,portrait_score,unassigned,3.633333333333333,3.633333333333333,0.7804098589988459,60
CM190,datasets\processed\scut_fbp5500\images\CM190.jpg,scut_fbp5500,portrait_score,unassigned,2.25,2.25,0.7277781371744776,60
CM191,datasets\processed\scut_fbp5500\images\CM191.jpg,scut_fbp5500,portrait_score,unassigned,2.9833333333333334,2.9833333333333334,0.503939284299098,60
CM192,datasets\processed\scut_fbp5500\images\CM192.jpg,scut_fbp5500,portrait_score,unassigned,2.9,2.9,0.681473975776784,60
CM193,datasets\processed\scut_fbp5500\images\CM193.jpg,scut_fbp5500,portrait_score,unassigned,2.783333333333333,2.783333333333333,0.5237306419436755,60
CM194,datasets\processed\scut_fbp5500\images\CM194.jpg,scut_fbp5500,portrait_score,unassigned,2.1166666666666667,2.1166666666666667,0.6131791749276647,60
CM195,datasets\processed\scut_fbp5500\images\CM195.jpg,scut_fbp5500,portrait_score,unassigned,2.283333333333333,2.283333333333333,0.6661721329614917,60
CM196,datasets\processed\scut_fbp5500\images\CM196.jpg,scut_fbp5500,portrait_score,unassigned,2.966666666666667,2.966666666666667,0.3171198066211135,60
CM197,datasets\processed\scut_fbp5500\images\CM197.jpg,scut_fbp5500,portrait_score,unassigned,2.3833333333333333,2.3833333333333333,0.6131791749276647,60
CM198,datasets\processed\scut_fbp5500\images\CM198.jpg,scut_fbp5500,portrait_score,unassigned,2.583333333333333,2.583333333333333,0.6186827632817331,60
CM199,datasets\processed\scut_fbp5500\images\CM199.jpg,scut_fbp5500,portrait_score,unassigned,2.45,2.45,0.6745996929755541,60
CM2,datasets\processed\scut_fbp5500\images\CM2.jpg,scut_fbp5500,portrait_score,unassigned,3.7,3.7,0.5908913118102866,60
CM20,datasets\processed\scut_fbp5500\images\CM20.jpg,scut_fbp5500,portrait_score,unassigned,3.966666666666667,3.966666666666667,0.7122812876724768,60
CM200,datasets\processed\scut_fbp5500\images\CM200.jpg,scut_fbp5500,portrait_score,unassigned,3.566666666666667,3.566666666666667,0.8510545137126849,60
CM201,datasets\processed\scut_fbp5500\images\CM201.jpg,scut_fbp5500,portrait_score,unassigned,3.283333333333333,3.283333333333333,0.6131791749276648,60
CM202,datasets\processed\scut_fbp5500\images\CM202.jpg,scut_fbp5500,portrait_score,unassigned,2.9166666666666665,2.9166666666666665,0.4235310272854237,60
CM203,datasets\processed\scut_fbp5500\images\CM203.jpg,scut_fbp5500,portrait_score,unassigned,2.6,2.6,0.5584482131582668,60
CM204,datasets\processed\scut_fbp5500\images\CM204.jpg,scut_fbp5500,portrait_score,unassigned,2.9,2.9,0.896320160717405,60
CM205,datasets\processed\scut_fbp5500\images\CM205.jpg,scut_fbp5500,portrait_score,unassigned,2.216666666666667,2.216666666666667,0.6911465950282973,60
CM206,datasets\processed\scut_fbp5500\images\CM206.jpg,scut_fbp5500,portrait_score,unassigned,2.95,2.95,0.3407369878883921,60
CM207,datasets\processed\scut_fbp5500\images\CM207.jpg,scut_fbp5500,portrait_score,unassigned,2.3,2.3,0.6714517537598056,60
CM208,datasets\processed\scut_fbp5500\images\CM208.jpg,scut_fbp5500,portrait_score,unassigned,3.2666666666666666,3.2666666666666666,0.6342396132422271,60
CM209,datasets\processed\scut_fbp5500\images\CM209.jpg,scut_fbp5500,portrait_score,unassigned,2.75,2.75,0.5712015287450464,60
CM21,datasets\processed\scut_fbp5500\images\CM21.jpg,scut_fbp5500,portrait_score,unassigned,3.05,3.05,0.6745996929755542,60
CM210,datasets\processed\scut_fbp5500\images\CM210.jpg,scut_fbp5500,portrait_score,unassigned,2.533333333333333,2.533333333333333,0.7240813388775701,60
CM211,datasets\processed\scut_fbp5500\images\CM211.jpg,scut_fbp5500,portrait_score,unassigned,2.7333333333333334,2.7333333333333334,0.5163977794943223,60
CM212,datasets\processed\scut_fbp5500\images\CM212.jpg,scut_fbp5500,portrait_score,unassigned,2.466666666666667,2.466666666666667,0.675645746779511,60
CM213,datasets\processed\scut_fbp5500\images\CM213.jpg,scut_fbp5500,portrait_score,unassigned,3.05,3.05,0.5344092255369315,60
CM214,datasets\processed\scut_fbp5500\images\CM214.jpg,scut_fbp5500,portrait_score,unassigned,2.85,2.85,0.5771055773925834,60
CM215,datasets\processed\scut_fbp5500\images\CM215.jpg,scut_fbp5500,portrait_score,unassigned,2.7,2.7,0.4974511303823162,60
CM216,datasets\processed\scut_fbp5500\images\CM216.jpg,scut_fbp5500,portrait_score,unassigned,3.2333333333333334,3.2333333333333334,0.6207340287621397,60
CM217,datasets\processed\scut_fbp5500\images\CM217.jpg,scut_fbp5500,portrait_score,unassigned,2.816666666666667,2.816666666666667,0.4691017983072983,60
CM218,datasets\processed\scut_fbp5500\images\CM218.jpg,scut_fbp5500,portrait_score,unassigned,2.8833333333333333,2.8833333333333333,0.4544196025054849,60
CM219,datasets\processed\scut_fbp5500\images\CM219.jpg,scut_fbp5500,portrait_score,unassigned,3.066666666666667,3.066666666666667,0.4824607357929978,60
CM22,datasets\processed\scut_fbp5500\images\CM22.jpg,scut_fbp5500,portrait_score,unassigned,4.166666666666667,4.166666666666667,0.7628374033532977,60
CM220,datasets\processed\scut_fbp5500\images\CM220.jpg,scut_fbp5500,portrait_score,unassigned,2.85,2.85,0.4044246802977018,60
CM221,datasets\processed\scut_fbp5500\images\CM221.jpg,scut_fbp5500,portrait_score,unassigned,3.05,3.05,0.5652358139960073,60
CM222,datasets\processed\scut_fbp5500\images\CM222.jpg,scut_fbp5500,portrait_score,unassigned,2.9833333333333334,2.9833333333333334,0.5672313570575752,60
CM223,datasets\processed\scut_fbp5500\images\CM223.jpg,scut_fbp5500,portrait_score,unassigned,3.95,3.95,0.699273230466788,60
CM224,datasets\processed\scut_fbp5500\images\CM224.jpg,scut_fbp5500,portrait_score,unassigned,2.95,2.95,0.466686843793021,60
CM225,datasets\processed\scut_fbp5500\images\CM225.jpg,scut_fbp5500,portrait_score,unassigned,3.033333333333333,3.033333333333333,0.4859611014169709,60
CM226,datasets\processed\scut_fbp5500\images\CM226.jpg,scut_fbp5500,portrait_score,unassigned,2.35,2.35,0.6593525329532482,60
CM227,datasets\processed\scut_fbp5500\images\CM227.jpg,scut_fbp5500,portrait_score,unassigned,2.8833333333333333,2.8833333333333333,0.4154502016565849,60
CM228,datasets\processed\scut_fbp5500\images\CM228.jpg,scut_fbp5500,portrait_score,unassigned,2.8833333333333333,2.8833333333333333,0.372425247495053,60
CM229,datasets\processed\scut_fbp5500\images\CM229.jpg,scut_fbp5500,portrait_score,unassigned,2.6,2.6,0.5880159112340472,60
CM23,datasets\processed\scut_fbp5500\images\CM23.jpg,scut_fbp5500,portrait_score,unassigned,4.033333333333333,4.033333333333333,0.7583806715217979,60
CM230,datasets\processed\scut_fbp5500\images\CM230.jpg,scut_fbp5500,portrait_score,unassigned,2.3833333333333333,2.3833333333333333,0.7385663314751766,60
CM231,datasets\processed\scut_fbp5500\images\CM231.jpg,scut_fbp5500,portrait_score,unassigned,2.4166666666666665,2.4166666666666665,0.6454972243679027,60
CM232,datasets\processed\scut_fbp5500\images\CM232.jpg,scut_fbp5500,portrait_score,unassigned,2.7333333333333334,2.7333333333333334,0.4459484908564834,60
CM233,datasets\processed\scut_fbp5500\images\CM233.jpg,scut_fbp5500,portrait_score,unassigned,2.966666666666667,2.966666666666667,0.6097142055335258,60
CM234,datasets\processed\scut_fbp5500\images\CM234.jpg,scut_fbp5500,portrait_score,unassigned,4.333333333333333,4.333333333333333,0.7516460280028288,60
CM235,datasets\processed\scut_fbp5500\images\CM235.jpg,scut_fbp5500,portrait_score,unassigned,2.55,2.55,0.723105356038941,60
CM236,datasets\processed\scut_fbp5500\images\CM236.jpg,scut_fbp5500,portrait_score,unassigned,2.4,2.4,0.6161663873899261,60
CM237,datasets\processed\scut_fbp5500\images\CM237.jpg,scut_fbp5500,portrait_score,unassigned,2.816666666666667,2.816666666666667,0.4691017983072984,60
CM238,datasets\processed\scut_fbp5500\images\CM238.jpg,scut_fbp5500,portrait_score,unassigned,3.1166666666666667,3.1166666666666667,0.7385663314751767,60
CM239,datasets\processed\scut_fbp5500\images\CM239.jpg,scut_fbp5500,portrait_score,unassigned,3.25,3.25,0.7729538324626147,60
CM24,datasets\processed\scut_fbp5500\images\CM24.jpg,scut_fbp5500,portrait_score,unassigned,2.7333333333333334,2.7333333333333334,0.5783280010825675,60
CM240,datasets\processed\scut_fbp5500\images\CM240.jpg,scut_fbp5500,portrait_score,unassigned,2.4,2.4,0.643085781240651,60
CM241,datasets\processed\scut_fbp5500\images\CM241.jpg,scut_fbp5500,portrait_score,unassigned,2.933333333333333,2.933333333333333,0.685606663601763,60
CM242,datasets\processed\scut_fbp5500\images\CM242.jpg,scut_fbp5500,portrait_score,unassigned,2.65,2.65,0.7324211069911228,60
CM243,datasets\processed\scut_fbp5500\images\CM243.jpg,scut_fbp5500,portrait_score,unassigned,2.25,2.25,0.704104191057266,60
CM244,datasets\processed\scut_fbp5500\images\CM244.jpg,scut_fbp5500,portrait_score,unassigned,3.0,3.0,0.6638357975446149,60
CM245,datasets\processed\scut_fbp5500\images\CM245.jpg,scut_fbp5500,portrait_score,unassigned,2.783333333333333,2.783333333333333,0.7385663314751767,60
CM246,datasets\processed\scut_fbp5500\images\CM246.jpg,scut_fbp5500,portrait_score,unassigned,3.183333333333333,3.183333333333333,0.8334463200240204,60
CM247,datasets\processed\scut_fbp5500\images\CM247.jpg,scut_fbp5500,portrait_score,unassigned,2.7666666666666666,2.7666666666666666,0.5928004971139372,60
CM248,datasets\processed\scut_fbp5500\images\CM248.jpg,scut_fbp5500,portrait_score,unassigned,1.8833333333333333,1.8833333333333333,0.6661721329614917,60
CM249,datasets\processed\scut_fbp5500\images\CM249.jpg,scut_fbp5500,portrait_score,unassigned,2.583333333333333,2.583333333333333,0.6454972243679028,60
CM25,datasets\processed\scut_fbp5500\images\CM25.jpg,scut_fbp5500,portrait_score,unassigned,2.95,2.95,0.5944660045019182,60
CM250,datasets\processed\scut_fbp5500\images\CM250.jpg,scut_fbp5500,portrait_score,unassigned,3.15,3.15,0.5771055773925835,60
CM251,datasets\processed\scut_fbp5500\images\CM251.jpg,scut_fbp5500,portrait_score,unassigned,3.7,3.7,0.6714517537598056,60
CM252,datasets\processed\scut_fbp5500\images\CM252.jpg,scut_fbp5500,portrait_score,unassigned,3.083333333333333,3.083333333333333,0.6186827632817331,60
CM253,datasets\processed\scut_fbp5500\images\CM253.jpg,scut_fbp5500,portrait_score,unassigned,2.2666666666666666,2.2666666666666666,0.6604227374117244,60
CM254,datasets\processed\scut_fbp5500\images\CM254.jpg,scut_fbp5500,portrait_score,unassigned,2.833333333333333,2.833333333333333,0.5261522196019803,60
CM255,datasets\processed\scut_fbp5500\images\CM255.jpg,scut_fbp5500,portrait_score,unassigned,3.4166666666666665,3.4166666666666665,0.590652229740289,60
CM256,datasets\processed\scut_fbp5500\images\CM256.jpg,scut_fbp5500,portrait_score,unassigned,2.783333333333333,2.783333333333333,0.4903014177279,60
CM257,datasets\processed\scut_fbp5500\images\CM257.jpg,scut_fbp5500,portrait_score,unassigned,2.3,2.3,0.6714517537598056,60
CM258,datasets\processed\scut_fbp5500\images\CM258.jpg,scut_fbp5500,portrait_score,unassigned,3.183333333333333,3.183333333333333,0.5963637459756624,60
CM259,datasets\processed\scut_fbp5500\images\CM259.jpg,scut_fbp5500,portrait_score,unassigned,2.683333333333333,2.683333333333333,0.5672313570575753,60
CM26,datasets\processed\scut_fbp5500\images\CM26.jpg,scut_fbp5500,portrait_score,unassigned,2.283333333333333,2.283333333333333,0.7152495514881184,60
CM260,datasets\processed\scut_fbp5500\images\CM260.jpg,scut_fbp5500,portrait_score,unassigned,3.316666666666667,3.316666666666667,0.5963637459756622,60
CM261,datasets\processed\scut_fbp5500\images\CM261.jpg,scut_fbp5500,portrait_score,unassigned,2.6666666666666665,2.6666666666666665,0.6288721857330792,60
CM262,datasets\processed\scut_fbp5500\images\CM262.jpg,scut_fbp5500,portrait_score,unassigned,3.083333333333333,3.083333333333333,0.765609686518134,60
CM263,datasets\processed\scut_fbp5500\images\CM263.jpg,scut_fbp5500,portrait_score,unassigned,3.066666666666667,3.066666666666667,0.6069279874259415,60
CM264,datasets\processed\scut_fbp5500\images\CM264.jpg,scut_fbp5500,portrait_score,unassigned,2.533333333333333,2.533333333333333,0.7240813388775701,60
CM265,datasets\processed\scut_fbp5500\images\CM265.jpg,scut_fbp5500,portrait_score,unassigned,2.583333333333333,2.583333333333333,0.765609686518134,60
CM266,datasets\processed\scut_fbp5500\images\CM266.jpg,scut_fbp5500,portrait_score,unassigned,3.083333333333333,3.083333333333333,0.6186827632817331,60
CM267,datasets\processed\scut_fbp5500\images\CM267.jpg,scut_fbp5500,portrait_score,unassigned,3.083333333333333,3.083333333333333,0.4971671160112441,60
CM268,datasets\processed\scut_fbp5500\images\CM268.jpg,scut_fbp5500,portrait_score,unassigned,2.9166666666666665,2.9166666666666665,0.618682763281733,60
CM269,datasets\processed\scut_fbp5500\images\CM269.jpg,scut_fbp5500,portrait_score,unassigned,2.5,2.5,0.567480306535024,60
CM27,datasets\processed\scut_fbp5500\images\CM27.jpg,scut_fbp5500,portrait_score,unassigned,3.45,3.45,0.6223247830459755,60
CM270,datasets\processed\scut_fbp5500\images\CM270.jpg,scut_fbp5500,portrait_score,unassigned,2.9166666666666665,2.9166666666666665,0.590652229740289,60
CM271,datasets\processed\scut_fbp5500\images\CM271.jpg,scut_fbp5500,portrait_score,unassigned,2.6666666666666665,2.6666666666666665,0.6806444271116837,60
CM272,datasets\processed\scut_fbp5500\images\CM272.jpg,scut_fbp5500,portrait_score,unassigned,3.2,3.2,0.5142049977013223,60
CM273,datasets\processed\scut_fbp5500\images\CM273.jpg,scut_fbp5500,portrait_score,unassigned,2.8666666666666667,2.8666666666666667,0.5357290823891439,60
CM274,datasets\processed\scut_fbp5500\images\CM274.jpg,scut_fbp5500,portrait_score,unassigned,2.4166666666666665,2.4166666666666665,0.6960339624157417,60
CM275,datasets\processed\scut_fbp5500\images\CM275.jpg,scut_fbp5500,portrait_score,unassigned,2.5,2.5,0.6509445549041194,60
CM276,datasets\processed\scut_fbp5500\images\CM276.jpg,scut_fbp5500,portrait_score,unassigned,2.833333333333333,2.833333333333333,0.6152487898779874,60
CM277,datasets\processed\scut_fbp5500\images\CM277.jpg,scut_fbp5500,portrait_score,unassigned,2.55,2.55,0.6745996929755541,60
CM278,datasets\processed\scut_fbp5500\images\CM278.jpg,scut_fbp5500,portrait_score,unassigned,3.716666666666667,3.716666666666667,0.6911465950282972,60
CM279,datasets\processed\scut_fbp5500\images\CM279.jpg,scut_fbp5500,portrait_score,unassigned,2.4,2.4,0.5880159112340472,60
CM28,datasets\processed\scut_fbp5500\images\CM28.jpg,scut_fbp5500,portrait_score,unassigned,2.566666666666667,2.566666666666667,0.6474635430261867,60
CM280,datasets\processed\scut_fbp5500\images\CM280.jpg,scut_fbp5500,portrait_score,unassigned,2.95,2.95,0.3407369878883922,60
CM281,datasets\processed\scut_fbp5500\images\CM281.jpg,scut_fbp5500,portrait_score,unassigned,3.1333333333333333,3.1333333333333333,0.6756457467795108,60
CM282,datasets\processed\scut_fbp5500\images\CM282.jpg,scut_fbp5500,portrait_score,unassigned,2.5166666666666666,2.5166666666666666,0.5672313570575754,60
CM283,datasets\processed\scut_fbp5500\images\CM283.jpg,scut_fbp5500,portrait_score,unassigned,2.95,2.95,0.5652358139960071,60
CM284,datasets\processed\scut_fbp5500\images\CM284.jpg,scut_fbp5500,portrait_score,unassigned,2.6,2.6,0.7410482726333566,60
CM285,datasets\processed\scut_fbp5500\images\CM285.jpg,scut_fbp5500,portrait_score,unassigned,2.65,2.65,0.5150283849343991,60
CM286,datasets\processed\scut_fbp5500\images\CM286.jpg,scut_fbp5500,portrait_score,unassigned,2.8833333333333333,2.8833333333333333,0.5848849420870963,60
CM287,datasets\processed\scut_fbp5500\images\CM287.jpg,scut_fbp5500,portrait_score,unassigned,3.0166666666666666,3.0166666666666666,0.503939284299098,60
CM288,datasets\processed\scut_fbp5500\images\CM288.jpg,scut_fbp5500,portrait_score,unassigned,2.716666666666667,2.716666666666667,0.4903014177279,60
CM289,datasets\processed\scut_fbp5500\images\CM289.jpg,scut_fbp5500,portrait_score,unassigned,2.716666666666667,2.716666666666667,0.5551505114790765,60
CM29,datasets\processed\scut_fbp5500\images\CM29.jpg,scut_fbp5500,portrait_score,unassigned,1.8,1.8,0.6839565850033842,60
CM290,datasets\processed\scut_fbp5500\images\CM290.jpg,scut_fbp5500,portrait_score,unassigned,2.6166666666666667,2.6166666666666667,0.5237306419436755,60
CM291,datasets\processed\scut_fbp5500\images\CM291.jpg,scut_fbp5500,portrait_score,unassigned,2.316666666666667,2.316666666666667,0.7700245795475263,60
CM292,datasets\processed\scut_fbp5500\images\CM292.jpg,scut_fbp5500,portrait_score,unassigned,2.9166666666666665,2.9166666666666665,0.5301636033600228,60
CM293,datasets\processed\scut_fbp5500\images\CM293.jpg,scut_fbp5500,portrait_score,unassigned,2.433333333333333,2.433333333333333,0.6731324866865129,60
CM294,datasets\processed\scut_fbp5500\images\CM294.jpg,scut_fbp5500,portrait_score,unassigned,2.533333333333333,2.533333333333333,0.6756457467795108,60
CM295,datasets\processed\scut_fbp5500\images\CM295.jpg,scut_fbp5500,portrait_score,unassigned,2.1333333333333333,2.1333333333333333,0.6500760494407538,60
CM296,datasets\processed\scut_fbp5500\images\CM296.jpg,scut_fbp5500,portrait_score,unassigned,2.0166666666666666,2.0166666666666666,0.6507275372101721,60
CM297,datasets\processed\scut_fbp5500\images\CM297.jpg,scut_fbp5500,portrait_score,unassigned,2.7,2.7,0.5908913118102866,60
CM298,datasets\processed\scut_fbp5500\images\CM298.jpg,scut_fbp5500,portrait_score,unassigned,2.533333333333333,2.533333333333333,0.5956528014598819,60
CM299,datasets\processed\scut_fbp5500\images\CM299.jpg,scut_fbp5500,portrait_score,unassigned,2.8,2.8,0.4434074531303295,60
CM3,datasets\processed\scut_fbp5500\images\CM3.jpg,scut_fbp5500,portrait_score,unassigned,4.183333333333334,4.183333333333334,0.6241378234003047,60
CM30,datasets\processed\scut_fbp5500\images\CM30.jpg,scut_fbp5500,portrait_score,unassigned,4.166666666666667,4.166666666666667,0.5870543146605618,60
CM300,datasets\processed\scut_fbp5500\images\CM300.jpg,scut_fbp5500,portrait_score,unassigned,2.6,2.6,0.5880159112340471,60
CM301,datasets\processed\scut_fbp5500\images\CM301.jpg,scut_fbp5500,portrait_score,unassigned,2.1333333333333333,2.1333333333333333,0.7002824288999323,60
CM302,datasets\processed\scut_fbp5500\images\CM302.jpg,scut_fbp5500,portrait_score,unassigned,2.55,2.55,0.6223247830459753,60
CM303,datasets\processed\scut_fbp5500\images\CM303.jpg,scut_fbp5500,portrait_score,unassigned,2.6166666666666667,2.6166666666666667,0.6911465950282971,60
CM304,datasets\processed\scut_fbp5500\images\CM304.jpg,scut_fbp5500,portrait_score,unassigned,2.783333333333333,2.783333333333333,0.4903014177278998,60
CM305,datasets\processed\scut_fbp5500\images\CM305.jpg,scut_fbp5500,portrait_score,unassigned,2.9833333333333334,2.9833333333333334,0.650727537210172,60
CM306,datasets\processed\scut_fbp5500\images\CM306.jpg,scut_fbp5500,portrait_score,unassigned,4.266666666666667,4.266666666666667,0.6069279874259416,60
CM307,datasets\processed\scut_fbp5500\images\CM307.jpg,scut_fbp5500,portrait_score,unassigned,2.433333333333333,2.433333333333333,0.6978579008061128,60
CM308,datasets\processed\scut_fbp5500\images\CM308.jpg,scut_fbp5500,portrait_score,unassigned,2.6666666666666665,2.6666666666666665,0.6288721857330791,60
CM309,datasets\processed\scut_fbp5500\images\CM309.jpg,scut_fbp5500,portrait_score,unassigned,4.433333333333334,4.433333333333334,0.5928004971139373,60
CM31,datasets\processed\scut_fbp5500\images\CM31.jpg,scut_fbp5500,portrait_score,unassigned,2.933333333333333,2.933333333333333,0.362040669438785,60
CM310,datasets\processed\scut_fbp5500\images\CM310.jpg,scut_fbp5500,portrait_score,unassigned,2.9833333333333334,2.9833333333333334,0.4314605336417174,60
CM311,datasets\processed\scut_fbp5500\images\CM311.jpg,scut_fbp5500,portrait_score,unassigned,2.5,2.5,0.6243640832675885,60
CM312,datasets\processed\scut_fbp5500\images\CM312.jpg,scut_fbp5500,portrait_score,unassigned,2.25,2.25,0.7277781371744775,60
CM313,datasets\processed\scut_fbp5500\images\CM313.jpg,scut_fbp5500,portrait_score,unassigned,2.6,2.6,0.5584482131582668,60
CM314,datasets\processed\scut_fbp5500\images\CM314.jpg,scut_fbp5500,portrait_score,unassigned,2.6,2.6,0.5880159112340471,60
CM315,datasets\processed\scut_fbp5500\images\CM315.jpg,scut_fbp5500,portrait_score,unassigned,2.7333333333333334,2.7333333333333334,0.5163977794943222,60
CM316,datasets\processed\scut_fbp5500\images\CM316.jpg,scut_fbp5500,portrait_score,unassigned,2.716666666666667,2.716666666666667,0.5551505114790765,60
CM317,datasets\processed\scut_fbp5500\images\CM317.jpg,scut_fbp5500,portrait_score,unassigned,3.583333333333333,3.583333333333333,0.6454972243679027,60
CM318,datasets\processed\scut_fbp5500\images\CM318.jpg,scut_fbp5500,portrait_score,unassigned,2.8666666666666667,2.8666666666666667,0.5956528014598821,60
CM319,datasets\processed\scut_fbp5500\images\CM319.jpg,scut_fbp5500,portrait_score,unassigned,2.85,2.85,0.4044246802977019,60
CM32,datasets\processed\scut_fbp5500\images\CM32.jpg,scut_fbp5500,portrait_score,unassigned,2.083333333333333,2.083333333333333,0.7199733202840949,60
CM320,datasets\processed\scut_fbp5500\images\CM320.jpg,scut_fbp5500,portrait_score,unassigned,2.833333333333333,2.833333333333333,0.5261522196019803,60
CM321,datasets\processed\scut_fbp5500\images\CM321.jpg,scut_fbp5500,portrait_score,unassigned,2.75,2.75,0.4738947891530783,60
CM322,datasets\processed\scut_fbp5500\images\CM322.jpg,scut_fbp5500,portrait_score,unassigned,3.0166666666666666,3.0166666666666666,0.8923719424185291,60
CM323,datasets\processed\scut_fbp5500\images\CM323.jpg,scut_fbp5500,portrait_score,unassigned,1.8666666666666667,1.8666666666666667,0.7240813388775701,60
CM324,datasets\processed\scut_fbp5500\images\CM324.jpg,scut_fbp5500,portrait_score,unassigned,2.9833333333333334,2.9833333333333334,0.4691017983072983,60
CM325,datasets\processed\scut_fbp5500\images\CM325.jpg,scut_fbp5500,portrait_score,unassigned,2.716666666666667,2.716666666666667,0.5237306419436755,60
CM326,datasets\processed\scut_fbp5500\images\CM326.jpg,scut_fbp5500,portrait_score,unassigned,2.0166666666666666,2.0166666666666666,0.7008872504569529,60
CM327,datasets\processed\scut_fbp5500\images\CM327.jpg,scut_fbp5500,portrait_score,unassigned,2.6333333333333333,2.6333333333333333,0.5812513288970897,60
CM328,datasets\processed\scut_fbp5500\images\CM328.jpg,scut_fbp5500,portrait_score,unassigned,2.1333333333333333,2.1333333333333333,0.675645746779511,60
CM329,datasets\processed\scut_fbp5500\images\CM329.jpg,scut_fbp5500,portrait_score,unassigned,2.466666666666667,2.466666666666667,0.5956528014598819,60
CM33,datasets\processed\scut_fbp5500\images\CM33.jpg,scut_fbp5500,portrait_score,unassigned,2.8833333333333333,2.8833333333333333,0.4903014177279,60
CM330,datasets\processed\scut_fbp5500\images\CM330.jpg,scut_fbp5500,portrait_score,unassigned,2.7666666666666666,2.7666666666666666,0.5325559305923083,60
CM331,datasets\processed\scut_fbp5500\images\CM331.jpg,scut_fbp5500,portrait_score,unassigned,3.0,3.0,0.6106401198187057,60
CM332,datasets\processed\scut_fbp5500\images\CM332.jpg,scut_fbp5500,portrait_score,unassigned,3.966666666666667,3.966666666666667,0.6369063647932279,60
CM333,datasets\processed\scut_fbp5500\images\CM333.jpg,scut_fbp5500,portrait_score,unassigned,2.816666666666667,2.816666666666667,0.4314605336417172,60
CM334,datasets\processed\scut_fbp5500\images\CM334.jpg,scut_fbp5500,portrait_score,unassigned,2.3666666666666667,2.3666666666666667,0.7122812876724767,60
CM335,datasets\processed\scut_fbp5500\images\CM335.jpg,scut_fbp5500,portrait_score,unassigned,3.0,3.0,0.5207556439232955,60
CM336,datasets\processed\scut_fbp5500\images\CM336.jpg,scut_fbp5500,portrait_score,unassigned,2.9,2.9,0.6022556470526281,60
CM337,datasets\processed\scut_fbp5500\images\CM337.jpg,scut_fbp5500,portrait_score,unassigned,3.183333333333333,3.183333333333333,0.6762726024084973,60
CM338,datasets\processed\scut_fbp5500\images\CM338.jpg,scut_fbp5500,portrait_score,unassigned,2.35,2.35,0.7988338958884627,60
CM339,datasets\processed\scut_fbp5500\images\CM339.jpg,scut_fbp5500,portrait_score,unassigned,2.566666666666667,2.566666666666667,0.6207340287621397,60
CM34,datasets\processed\scut_fbp5500\images\CM34.jpg,scut_fbp5500,portrait_score,unassigned,1.9333333333333331,1.9333333333333331,0.8206377566768517,60
CM340,datasets\processed\scut_fbp5500\images\CM340.jpg,scut_fbp5500,portrait_score,unassigned,2.283333333333333,2.283333333333333,0.6911465950282971,60
CM341,datasets\processed\scut_fbp5500\images\CM341.jpg,scut_fbp5500,portrait_score,unassigned,2.566666666666667,2.566666666666667,0.5928004971139371,60
CM342,datasets\processed\scut_fbp5500\images\CM342.jpg,scut_fbp5500,portrait_score,unassigned,2.45,2.45,0.6745996929755541,60
CM343,datasets\processed\scut_fbp5500\images\CM343.jpg,scut_fbp5500,portrait_score,unassigned,2.6166666666666667,2.6166666666666667,0.5551505114790765,60
CM344,datasets\processed\scut_fbp5500\images\CM344.jpg,scut_fbp5500,portrait_score,unassigned,3.1166666666666667,3.1166666666666667,0.6911465950282972,60
CM345,datasets\processed\scut_fbp5500\images\CM345.jpg,scut_fbp5500,portrait_score,unassigned,2.4833333333333334,2.4833333333333334,0.7246662976417856,60
CM346,datasets\processed\scut_fbp5500\images\CM346.jpg,scut_fbp5500,portrait_score,unassigned,2.466666666666667,2.466666666666667,0.7240813388775701,60
CM347,datasets\processed\scut_fbp5500\images\CM347.jpg,scut_fbp5500,portrait_score,unassigned,2.4,2.4,0.6430857812406509,60
CM348,datasets\processed\scut_fbp5500\images\CM348.jpg,scut_fbp5500,portrait_score,unassigned,2.583333333333333,2.583333333333333,0.5906522297402889,60
CM349,datasets\processed\scut_fbp5500\images\CM349.jpg,scut_fbp5500,portrait_score,unassigned,2.7333333333333334,2.7333333333333334,0.6342396132422271,60
CM35,datasets\processed\scut_fbp5500\images\CM35.jpg,scut_fbp5500,portrait_score,unassigned,2.6166666666666667,2.6166666666666667,0.6402241838994506,60
CM350,datasets\processed\scut_fbp5500\images\CM350.jpg,scut_fbp5500,portrait_score,unassigned,2.333333333333333,2.333333333333333,0.6288721857330793,60
CM351,datasets\processed\scut_fbp5500\images\CM351.jpg,scut_fbp5500,portrait_score,unassigned,3.25,3.25,0.6541911813032298,60
CM352,datasets\processed\scut_fbp5500\images\CM352.jpg,scut_fbp5500,portrait_score,unassigned,2.816666666666667,2.816666666666667,0.5365194379932873,60
CM353,datasets\processed\scut_fbp5500\images\CM353.jpg,scut_fbp5500,portrait_score,unassigned,3.15,3.15,0.4809947319913075,60
CM354,datasets\processed\scut_fbp5500\images\CM354.jpg,scut_fbp5500,portrait_score,unassigned,2.5166666666666666,2.5166666666666666,0.6507275372101717,60
CM355,datasets\processed\scut_fbp5500\images\CM355.jpg,scut_fbp5500,portrait_score,unassigned,1.55,1.55,0.565235813996007,60
CM356,datasets\processed\scut_fbp5500\images\CM356.jpg,scut_fbp5500,portrait_score,unassigned,2.433333333333333,2.433333333333333,0.6731324866865127,60
CM357,datasets\processed\scut_fbp5500\images\CM357.jpg,scut_fbp5500,portrait_score,unassigned,2.8,2.8,0.605063380907533,60
CM358,datasets\processed\scut_fbp5500\images\CM358.jpg,scut_fbp5500,portrait_score,unassigned,2.533333333333333,2.533333333333333,0.5664838521990366,60
CM359,datasets\processed\scut_fbp5500\images\CM359.jpg,scut_fbp5500,portrait_score,unassigned,2.966666666666667,2.966666666666667,0.5812513288970896,60
CM36,datasets\processed\scut_fbp5500\images\CM36.jpg,scut_fbp5500,portrait_score,unassigned,2.4833333333333334,2.4833333333333334,0.5672313570575753,60
CM360,datasets\processed\scut_fbp5500\images\CM360.jpg,scut_fbp5500,portrait_score,unassigned,3.433333333333333,3.433333333333333,0.6731324866865128,60
CM361,datasets\processed\scut_fbp5500\images\CM361.jpg,scut_fbp5500,portrait_score,unassigned,2.566666666666667,2.566666666666667,0.6207340287621396,60
CM362,datasets\processed\scut_fbp5500\images\CM362.jpg,scut_fbp5500,portrait_score,unassigned,2.6,2.6,0.6430857812406509,60
CM363,datasets\processed\scut_fbp5500\images\CM363.jpg,scut_fbp5500,portrait_score,unassigned,2.216666666666667,2.216666666666667,0.7152495514881186,60
CM364,datasets\processed\scut_fbp5500\images\CM364.jpg,scut_fbp5500,portrait_score,unassigned,3.6,3.6,0.7178121183764841,60
CM365,datasets\processed\scut_fbp5500\images\CM365.jpg,scut_fbp5500,portrait_score,unassigned,2.7,2.7,0.4974511303823161,60
CM366,datasets\processed\scut_fbp5500\images\CM366.jpg,scut_fbp5500,portrait_score,unassigned,3.183333333333333,3.183333333333333,0.5672313570575753,60
CM367,datasets\processed\scut_fbp5500\images\CM367.jpg,scut_fbp5500,portrait_score,unassigned,2.0166666666666666,2.0166666666666666,0.7008872504569528,60
CM368,datasets\processed\scut_fbp5500\images\CM368.jpg,scut_fbp5500,portrait_score,unassigned,2.8666666666666667,2.8666666666666667,0.6234585511256954,60
CM369,datasets\processed\scut_fbp5500\images\CM369.jpg,scut_fbp5500,portrait_score,unassigned,2.9833333333333334,2.9833333333333334,0.5365194379932872,60
CM37,datasets\processed\scut_fbp5500\images\CM37.jpg,scut_fbp5500,portrait_score,unassigned,2.75,2.75,0.8561838864739438,60
CM370,datasets\processed\scut_fbp5500\images\CM370.jpg,scut_fbp5500,portrait_score,unassigned,2.45,2.45,0.699273230466788,60
CM371,datasets\processed\scut_fbp5500\images\CM371.jpg,scut_fbp5500,portrait_score,unassigned,2.2666666666666666,2.2666666666666666,0.6604227374117243,60
CM372,datasets\processed\scut_fbp5500\images\CM372.jpg,scut_fbp5500,portrait_score,unassigned,2.6166666666666667,2.6166666666666667,0.5848849420870963,60
CM373,datasets\processed\scut_fbp5500\images\CM373.jpg,scut_fbp5500,portrait_score,unassigned,3.0,3.0,0.4871223004474546,60
CM374,datasets\processed\scut_fbp5500\images\CM374.jpg,scut_fbp5500,portrait_score,unassigned,2.566666666666667,2.566666666666667,0.5634839166238778,60
CM375,datasets\processed\scut_fbp5500\images\CM375.jpg,scut_fbp5500,portrait_score,unassigned,2.7333333333333334,2.7333333333333334,0.5783280010825675,60
CM376,datasets\processed\scut_fbp5500\images\CM376.jpg,scut_fbp5500,portrait_score,unassigned,3.1166666666666667,3.1166666666666667,0.7152495514881186,60
CM377,datasets\processed\scut_fbp5500\images\CM377.jpg,scut_fbp5500,portrait_score,unassigned,2.6,2.6,0.717812118376484,60
CM378,datasets\processed\scut_fbp5500\images\CM378.jpg,scut_fbp5500,portrait_score,unassigned,3.5166666666666666,3.5166666666666666,0.7246662976417856,60
CM379,datasets\processed\scut_fbp5500\images\CM379.jpg,scut_fbp5500,portrait_score,unassigned,2.6333333333333333,2.6333333333333333,0.6369063647932279,60
CM38,datasets\processed\scut_fbp5500\images\CM38.jpg,scut_fbp5500,portrait_score,unassigned,3.6,3.6,0.6937981927069208,60
CM380,datasets\processed\scut_fbp5500\images\CM380.jpg,scut_fbp5500,portrait_score,unassigned,2.6666666666666665,2.6666666666666665,0.542019658992608,60
CM381,datasets\processed\scut_fbp5500\images\CM381.jpg,scut_fbp5500,portrait_score,unassigned,2.9833333333333334,2.9833333333333334,0.4314605336417173,60
CM382,datasets\processed\scut_fbp5500\images\CM382.jpg,scut_fbp5500,portrait_score,unassigned,2.75,2.75,0.5084039498973099,60
CM383,datasets\processed\scut_fbp5500\images\CM383.jpg,scut_fbp5500,portrait_score,unassigned,2.6,2.6,0.6937981927069209,60
CM384,datasets\processed\scut_fbp5500\images\CM384.jpg,scut_fbp5500,portrait_score,unassigned,3.05,3.05,0.6223247830459754,60
CM385,datasets\processed\scut_fbp5500\images\CM385.jpg,scut_fbp5500,portrait_score,unassigned,2.8666666666666667,2.8666666666666667,0.5357290823891439,60
CM386,datasets\processed\scut_fbp5500\images\CM386.jpg,scut_fbp5500,portrait_score,unassigned,2.6166666666666667,2.6166666666666667,0.5848849420870963,60
CM387,datasets\processed\scut_fbp5500\images\CM387.jpg,scut_fbp5500,portrait_score,unassigned,2.6,2.6,0.4940321817555709,60
CM388,datasets\processed\scut_fbp5500\images\CM388.jpg,scut_fbp5500,portrait_score,unassigned,2.65,2.65,0.4809947319913076,60
CM389,datasets\processed\scut_fbp5500\images\CM389.jpg,scut_fbp5500,portrait_score,unassigned,2.466666666666667,2.466666666666667,0.6234585511256955,60
CM39,datasets\processed\scut_fbp5500\images\CM39.jpg,scut_fbp5500,portrait_score,unassigned,2.6166666666666667,2.6166666666666667,0.7385663314751766,60
CM390,datasets\processed\scut_fbp5500\images\CM390.jpg,scut_fbp5500,portrait_score,unassigned,3.1166666666666667,3.1166666666666667,0.4903014177278999,60
CM391,datasets\processed\scut_fbp5500\images\CM391.jpg,scut_fbp5500,portrait_score,unassigned,2.65,2.65,0.4809947319913076,60
CM392,datasets\processed\scut_fbp5500\images\CM392.jpg,scut_fbp5500,portrait_score,unassigned,2.7,2.7,0.5908913118102864,60
CM393,datasets\processed\scut_fbp5500\images\CM393.jpg,scut_fbp5500,portrait_score,unassigned,2.9833333333333334,2.9833333333333334,0.5672313570575752,60
CM394,datasets\processed\scut_fbp5500\images\CM394.jpg,scut_fbp5500,portrait_score,unassigned,2.75,2.75,0.6541911813032297,60
CM395,datasets\processed\scut_fbp5500\images\CM395.jpg,scut_fbp5500,portrait_score,unassigned,2.65,2.65,0.515028384934399,60
CM396,datasets\processed\scut_fbp5500\images\CM396.jpg,scut_fbp5500,portrait_score,unassigned,2.6333333333333333,2.6333333333333333,0.6097142055335256,60
CM397,datasets\processed\scut_fbp5500\images\CM397.jpg,scut_fbp5500,portrait_score,unassigned,2.716666666666667,2.716666666666667,0.6402241838994506,60
CM398,datasets\processed\scut_fbp5500\images\CM398.jpg,scut_fbp5500,portrait_score,unassigned,2.1666666666666665,2.1666666666666665,0.7402854847084714,60
CM399,datasets\processed\scut_fbp5500\images\CM399.jpg,scut_fbp5500,portrait_score,unassigned,2.85,2.85,0.605763280945926,60
CM4,datasets\processed\scut_fbp5500\images\CM4.jpg,scut_fbp5500,portrait_score,unassigned,4.316666666666666,4.316666666666666,0.6241378234003043,60
CM40,datasets\processed\scut_fbp5500\images\CM40.jpg,scut_fbp5500,portrait_score,unassigned,2.9833333333333334,2.9833333333333334,0.7246662976417856,60
CM400,datasets\processed\scut_fbp5500\images\CM400.jpg,scut_fbp5500,portrait_score,unassigned,2.433333333333333,2.433333333333333,0.5928004971139372,60
CM401,datasets\processed\scut_fbp5500\images\CM401.jpg,scut_fbp5500,portrait_score,unassigned,2.783333333333333,2.783333333333333,0.5237306419436756,60
CM402,datasets\processed\scut_fbp5500\images\CM402.jpg,scut_fbp5500,portrait_score,unassigned,2.783333333333333,2.783333333333333,0.5237306419436756,60
CM403,datasets\processed\scut_fbp5500\images\CM403.jpg,scut_fbp5500,portrait_score,unassigned,3.183333333333333,3.183333333333333,0.4691017983072982,60
CM404,datasets\processed\scut_fbp5500\images\CM404.jpg,scut_fbp5500,portrait_score,unassigned,2.533333333333333,2.533333333333333,0.5956528014598821,60
CM405,datasets\processed\scut_fbp5500\images\CM405.jpg,scut_fbp5500,portrait_score,unassigned,3.1333333333333333,3.1333333333333333,0.4304773332746764,60
CM406,datasets\processed\scut_fbp5500\images\CM406.jpg,scut_fbp5500,portrait_score,unassigned,3.0166666666666666,3.0166666666666666,0.3440371810152268,60
CM407,datasets\processed\scut_fbp5500\images\CM407.jpg,scut_fbp5500,portrait_score,unassigned,2.2333333333333334,2.2333333333333334,0.6474635430261866,60
CM408,datasets\processed\scut_fbp5500\images\CM408.jpg,scut_fbp5500,portrait_score,unassigned,2.9166666666666665,2.9166666666666665,0.6454972243679027,60
CM409,datasets\processed\scut_fbp5500\images\CM409.jpg,scut_fbp5500,portrait_score,unassigned,2.55,2.55,0.5652358139960072,60
CM41,datasets\processed\scut_fbp5500\images\CM41.jpg,scut_fbp5500,portrait_score,unassigned,4.283333333333333,4.283333333333333,0.6402241838994506,60
CM410,datasets\processed\scut_fbp5500\images\CM410.jpg,scut_fbp5500,portrait_score,unassigned,2.816666666666667,2.816666666666667,0.6241378234003048,60
CM411,datasets\processed\scut_fbp5500\images\CM411.jpg,scut_fbp5500,portrait_score,unassigned,2.8666666666666667,2.8666666666666667,0.4304773332746764,60
CM412,datasets\processed\scut_fbp5500\images\CM412.jpg,scut_fbp5500,portrait_score,unassigned,3.2333333333333334,3.2333333333333334,0.6978579008061127,60
CM413,datasets\processed\scut_fbp5500\images\CM413.jpg,scut_fbp5500,portrait_score,unassigned,2.966666666666667,2.966666666666667,0.5513209612012652,60
CM414,datasets\processed\scut_fbp5500\images\CM414.jpg,scut_fbp5500,portrait_score,unassigned,3.0,3.0,0.552344770738994,60
CM415,datasets\processed\scut_fbp5500\images\CM415.jpg,scut_fbp5500,portrait_score,unassigned,2.8833333333333333,2.8833333333333333,0.4544196025054849,60
CM416,datasets\processed\scut_fbp5500\images\CM416.jpg,scut_fbp5500,portrait_score,unassigned,2.6333333333333333,2.6333333333333333,0.6629841797500676,60
CM417,datasets\processed\scut_fbp5500\images\CM417.jpg,scut_fbp5500,portrait_score,unassigned,2.5,2.5,0.6764814252025458,60
CM418,datasets\processed\scut_fbp5500\images\CM418.jpg,scut_fbp5500,portrait_score,unassigned,2.333333333333333,2.333333333333333,0.6552698154756148,60
CM419,datasets\processed\scut_fbp5500\images\CM419.jpg,scut_fbp5500,portrait_score,unassigned,2.4833333333333334,2.4833333333333334,0.5963637459756623,60
CM42,datasets\processed\scut_fbp5500\images\CM42.jpg,scut_fbp5500,portrait_score,unassigned,4.483333333333333,4.483333333333333,0.650727537210172,60
CM420,datasets\processed\scut_fbp5500\images\CM420.jpg,scut_fbp5500,portrait_score,unassigned,3.75,3.75,0.7277781371744776,60
CM421,datasets\processed\scut_fbp5500\images\CM421.jpg,scut_fbp5500,portrait_score,unassigned,2.7333333333333334,2.7333333333333334,0.5163977794943224,60
CM422,datasets\processed\scut_fbp5500\images\CM422.jpg,scut_fbp5500,portrait_score,unassigned,2.3833333333333333,2.3833333333333333,0.6131791749276647,60
CM423,datasets\processed\scut_fbp5500\images\CM423.jpg,scut_fbp5500,portrait_score,unassigned,2.8,2.8,0.5461731270812971,60
CM424,datasets\processed\scut_fbp5500\images\CM424.jpg,scut_fbp5500,portrait_score,unassigned,2.9833333333333334,2.9833333333333334,0.7476894729916954,60
CM425,datasets\processed\scut_fbp5500\images\CM425.jpg,scut_fbp5500,portrait_score,unassigned,3.25,3.25,0.600141226317126,60
CM426,datasets\processed\scut_fbp5500\images\CM426.jpg,scut_fbp5500,portrait_score,unassigned,3.05,3.05,0.5944660045019182,60
CM427,datasets\processed\scut_fbp5500\images\CM427.jpg,scut_fbp5500,portrait_score,unassigned,1.7166666666666666,1.7166666666666666,0.6911465950282971,60
CM428,datasets\processed\scut_fbp5500\images\CM428.jpg,scut_fbp5500,portrait_score,unassigned,2.966666666666667,2.966666666666667,0.6097142055335258,60
CM429,datasets\processed\scut_fbp5500\images\CM429.jpg,scut_fbp5500,portrait_score,unassigned,2.7333333333333334,2.7333333333333334,0.6856066636017631,60
CM43,datasets\processed\scut_fbp5500\images\CM43.jpg,scut_fbp5500,portrait_score,unassigned,2.5166666666666666,2.5166666666666666,0.650727537210172,60
CM430,datasets\processed\scut_fbp5500\images\CM430.jpg,scut_fbp5500,portrait_score,unassigned,2.4833333333333334,2.4833333333333334,0.6241378234003047,60
CM431,datasets\processed\scut_fbp5500\images\CM431.jpg,scut_fbp5500,portrait_score,unassigned,2.65,2.65,0.5771055773925834,60
CM432,datasets\processed\scut_fbp5500\images\CM432.jpg,scut_fbp5500,portrait_score,unassigned,2.6333333333333333,2.6333333333333333,0.5196696038591648,60
CM433,datasets\processed\scut_fbp5500\images\CM433.jpg,scut_fbp5500,portrait_score,unassigned,2.7333333333333334,2.7333333333333334,0.6069279874259416,60
CM434,datasets\processed\scut_fbp5500\images\CM434.jpg,scut_fbp5500,portrait_score,unassigned,3.033333333333333,3.033333333333333,0.758380671521798,60
CM435,datasets\processed\scut_fbp5500\images\CM435.jpg,scut_fbp5500,portrait_score,unassigned,2.85,2.85,0.605763280945926,60
CM436,datasets\processed\scut_fbp5500\images\CM436.jpg,scut_fbp5500,portrait_score,unassigned,3.35,3.35,0.7773270149271755,60
CM437,datasets\processed\scut_fbp5500\images\CM437.jpg,scut_fbp5500,portrait_score,unassigned,2.6,2.6,0.7854611082303012,60
CM438,datasets\processed\scut_fbp5500\images\CM438.jpg,scut_fbp5500,portrait_score,unassigned,2.566666666666667,2.566666666666667,0.6207340287621397,60
CM439,datasets\processed\scut_fbp5500\images\CM439.jpg,scut_fbp5500,portrait_score,unassigned,3.25,3.25,0.6796060673505359,60
CM44,datasets\processed\scut_fbp5500\images\CM44.jpg,scut_fbp5500,portrait_score,unassigned,3.2333333333333334,3.2333333333333334,0.6474635430261866,60
CM440,datasets\processed\scut_fbp5500\images\CM440.jpg,scut_fbp5500,portrait_score,unassigned,2.083333333333333,2.083333333333333,0.618682763281733,60
CM441,datasets\processed\scut_fbp5500\images\CM441.jpg,scut_fbp5500,portrait_score,unassigned,2.6333333333333333,2.6333333333333333,0.6629841797500675,60
CM442,datasets\processed\scut_fbp5500\images\CM442.jpg,scut_fbp5500,portrait_score,unassigned,2.7666666666666666,2.7666666666666666,0.6978579008061127,60
CM443,datasets\processed\scut_fbp5500\images\CM443.jpg,scut_fbp5500,portrait_score,unassigned,2.65,2.65,0.6331251516304802,60
CM444,datasets\processed\scut_fbp5500\images\CM444.jpg,scut_fbp5500,portrait_score,unassigned,3.1333333333333333,3.1333333333333333,0.6234585511256955,60
CM445,datasets\processed\scut_fbp5500\images\CM445.jpg,scut_fbp5500,portrait_score,unassigned,3.95,3.95,0.7231053560389409,60
CM446,datasets\processed\scut_fbp5500\images\CM446.jpg,scut_fbp5500,portrait_score,unassigned,2.333333333333333,2.333333333333333,0.6806444271116836,60
CM447,datasets\processed\scut_fbp5500\images\CM447.jpg,scut_fbp5500,portrait_score,unassigned,2.683333333333333,2.683333333333333,0.6241378234003047,60
CM448,datasets\processed\scut_fbp5500\images\CM448.jpg,scut_fbp5500,portrait_score,unassigned,3.1666666666666665,3.1666666666666665,0.5870543146605617,60
CM449,datasets\processed\scut_fbp5500\images\CM449.jpg,scut_fbp5500,portrait_score,unassigned,2.9833333333333334,2.9833333333333334,0.536519437993287,60
CM45,datasets\processed\scut_fbp5500\images\CM45.jpg,scut_fbp5500,portrait_score,unassigned,2.65,2.65,0.5771055773925836,60
CM450,datasets\processed\scut_fbp5500\images\CM450.jpg,scut_fbp5500,portrait_score,unassigned,3.733333333333333,3.733333333333333,0.756142455116348,60
CM451,datasets\processed\scut_fbp5500\images\CM451.jpg,scut_fbp5500,portrait_score,unassigned,2.5,2.5,0.7702079842374076,60
CM452,datasets\processed\scut_fbp5500\images\CM452.jpg,scut_fbp5500,portrait_score,unassigned,2.35,2.35,0.6593525329532482,60
CM453,datasets\processed\scut_fbp5500\images\CM453.jpg,scut_fbp5500,portrait_score,unassigned,2.4833333333333334,2.4833333333333334,0.6241378234003047,60
CM454,datasets\processed\scut_fbp5500\images\CM454.jpg,scut_fbp5500,portrait_score,unassigned,2.433333333333333,2.433333333333333,0.6731324866865129,60
CM455,datasets\processed\scut_fbp5500\images\CM455.jpg,scut_fbp5500,portrait_score,unassigned,2.75,2.75,0.5407151573203143,60
CM456,datasets\processed\scut_fbp5500\images\CM456.jpg,scut_fbp5500,portrait_score,unassigned,2.1666666666666665,2.1666666666666665,0.7402854847084716,60
CM457,datasets\processed\scut_fbp5500\images\CM457.jpg,scut_fbp5500,portrait_score,unassigned,3.2,3.2,0.5142049977013224,60
CM458,datasets\processed\scut_fbp5500\images\CM458.jpg,scut_fbp5500,portrait_score,unassigned,2.566666666666667,2.566666666666667,0.5928004971139373,60
CM459,datasets\processed\scut_fbp5500\images\CM459.jpg,scut_fbp5500,portrait_score,unassigned,2.75,2.75,0.6277481952265329,60
CM46,datasets\processed\scut_fbp5500\images\CM46.jpg,scut_fbp5500,portrait_score,unassigned,3.816666666666667,3.816666666666667,0.7008872504569528,60
CM460,datasets\processed\scut_fbp5500\images\CM460.jpg,scut_fbp5500,portrait_score,unassigned,3.4,3.4,0.7635776630164265,60
CM461,datasets\processed\scut_fbp5500\images\CM461.jpg,scut_fbp5500,portrait_score,unassigned,3.033333333333333,3.033333333333333,0.7356921488320419,60
CM462,datasets\processed\scut_fbp5500\images\CM462.jpg,scut_fbp5500,portrait_score,unassigned,3.0166666666666666,3.0166666666666666,0.5672313570575753,60
CM463,datasets\processed\scut_fbp5500\images\CM463.jpg,scut_fbp5500,portrait_score,unassigned,2.75,2.75,0.6541911813032298,60
CM464,datasets\processed\scut_fbp5500\images\CM464.jpg,scut_fbp5500,portrait_score,unassigned,2.1,2.1,0.7523972985831716,60
CM465,datasets\processed\scut_fbp5500\images\CM465.jpg,scut_fbp5500,portrait_score,unassigned,2.9,2.9,0.5108981788502894,60
CM466,datasets\processed\scut_fbp5500\images\CM466.jpg,scut_fbp5500,portrait_score,unassigned,2.6333333333333333,2.6333333333333333,0.6880743620304537,60
CM467,datasets\processed\scut_fbp5500\images\CM467.jpg,scut_fbp5500,portrait_score,unassigned,3.283333333333333,3.283333333333333,0.6131791749276647,60
CM468,datasets\processed\scut_fbp5500\images\CM468.jpg,scut_fbp5500,portrait_score,unassigned,2.8833333333333333,2.8833333333333333,0.5551505114790765,60
CM469,datasets\processed\scut_fbp5500\images\CM469.jpg,scut_fbp5500,portrait_score,unassigned,2.8833333333333333,2.8833333333333333,0.5237306419436756,60
CM47,datasets\processed\scut_fbp5500\images\CM47.jpg,scut_fbp5500,portrait_score,unassigned,2.75,2.75,0.627748195226533,60
CM470,datasets\processed\scut_fbp5500\images\CM470.jpg,scut_fbp5500,portrait_score,unassigned,2.6333333333333333,2.6333333333333333,0.5196696038591647,60
CM471,datasets\processed\scut_fbp5500\images\CM471.jpg,scut_fbp5500,portrait_score,unassigned,2.8,2.8,0.6324555320336759,60
CM472,datasets\processed\scut_fbp5500\images\CM472.jpg,scut_fbp5500,portrait_score,unassigned,2.85,2.85,0.684575830567082,60
CM473,datasets\processed\scut_fbp5500\images\CM473.jpg,scut_fbp5500,portrait_score,unassigned,2.75,2.75,0.5084039498973101,60
CM474,datasets\processed\scut_fbp5500\images\CM474.jpg,scut_fbp5500,portrait_score,unassigned,2.716666666666667,2.716666666666667,0.6131791749276647,60
CM475,datasets\processed\scut_fbp5500\images\CM475.jpg,scut_fbp5500,portrait_score,unassigned,2.6333333333333333,2.6333333333333333,0.5513209612012652,60
CM476,datasets\processed\scut_fbp5500\images\CM476.jpg,scut_fbp5500,portrait_score,unassigned,2.7,2.7,0.4621247905424446,60
CM477,datasets\processed\scut_fbp5500\images\CM477.jpg,scut_fbp5500,portrait_score,unassigned,2.8,2.8,0.5763708787148328,60
CM478,datasets\processed\scut_fbp5500\images\CM478.jpg,scut_fbp5500,portrait_score,unassigned,3.083333333333333,3.083333333333333,0.618682763281733,60
CM479,datasets\processed\scut_fbp5500\images\CM479.jpg,scut_fbp5500,portrait_score,unassigned,2.216666666666667,2.216666666666667,0.7385663314751766,60
CM48,datasets\processed\scut_fbp5500\images\CM48.jpg,scut_fbp5500,portrait_score,unassigned,2.15,2.15,0.7773270149271754,60
CM480,datasets\processed\scut_fbp5500\images\CM480.jpg,scut_fbp5500,portrait_score,unassigned,2.8833333333333333,2.8833333333333333,0.5551505114790763,60
CM481,datasets\processed\scut_fbp5500\images\CM481.jpg,scut_fbp5500,portrait_score,unassigned,2.9,2.9,0.4765696633943422,60
CM482,datasets\processed\scut_fbp5500\images\CM482.jpg,scut_fbp5500,portrait_score,unassigned,3.066666666666667,3.066666666666667,0.5163977794943222,60
CM483,datasets\processed\scut_fbp5500\images\CM483.jpg,scut_fbp5500,portrait_score,unassigned,3.7666666666666666,3.7666666666666666,0.6207340287621397,60
CM484,datasets\processed\scut_fbp5500\images\CM484.jpg,scut_fbp5500,portrait_score,unassigned,2.6333333333333333,2.6333333333333333,0.4859611014169708,60
CM485,datasets\processed\scut_fbp5500\images\CM485.jpg,scut_fbp5500,portrait_score,unassigned,3.783333333333333,3.783333333333333,0.6911465950282973,60
CM486,datasets\processed\scut_fbp5500\images\CM486.jpg,scut_fbp5500,portrait_score,unassigned,2.6666666666666665,2.6666666666666665,0.7738669501259082,60
CM487,datasets\processed\scut_fbp5500\images\CM487.jpg,scut_fbp5500,portrait_score,unassigned,2.4833333333333334,2.4833333333333334,0.7246662976417856,60
CM488,datasets\processed\scut_fbp5500\images\CM488.jpg,scut_fbp5500,portrait_score,unassigned,2.783333333333333,2.783333333333333,0.5551505114790765,60
CM489,datasets\processed\scut_fbp5500\images\CM489.jpg,scut_fbp5500,portrait_score,unassigned,2.75,2.75,0.5084039498973099,60
CM49,datasets\processed\scut_fbp5500\images\CM49.jpg,scut_fbp5500,portrait_score,unassigned,2.466666666666667,2.466666666666667,0.5664838521990365,60
CM490,datasets\processed\scut_fbp5500\images\CM490.jpg,scut_fbp5500,portrait_score,unassigned,3.4166666666666665,3.4166666666666665,0.765609686518134,60
CM491,datasets\processed\scut_fbp5500\images\CM491.jpg,scut_fbp5500,portrait_score,unassigned,2.8,2.8,0.5142049977013224,60
CM492,datasets\processed\scut_fbp5500\images\CM492.jpg,scut_fbp5500,portrait_score,unassigned,2.333333333333333,2.333333333333333,0.5724365605193373,60
CM493,datasets\processed\scut_fbp5500\images\CM493.jpg,scut_fbp5500,portrait_score,unassigned,2.8666666666666667,2.8666666666666667,0.468197650088104,60
CM494,datasets\processed\scut_fbp5500\images\CM494.jpg,scut_fbp5500,portrait_score,unassigned,2.5166666666666666,2.5166666666666666,0.7246662976417856,60
CM495,datasets\processed\scut_fbp5500\images\CM495.jpg,scut_fbp5500,portrait_score,unassigned,2.2666666666666666,2.2666666666666666,0.7997174642327562,60
CM496,datasets\processed\scut_fbp5500\images\CM496.jpg,scut_fbp5500,portrait_score,unassigned,2.6166666666666667,2.6166666666666667,0.6911465950282973,60
CM497,datasets\processed\scut_fbp5500\images\CM497.jpg,scut_fbp5500,portrait_score,unassigned,3.1,3.1,0.6297699337786185,60
CM498,datasets\processed\scut_fbp5500\images\CM498.jpg,scut_fbp5500,portrait_score,unassigned,2.45,2.45,0.7685557664227723,60
CM499,datasets\processed\scut_fbp5500\images\CM499.jpg,scut_fbp5500,portrait_score,unassigned,3.7666666666666666,3.7666666666666666,0.6731324866865128,60
CM5,datasets\processed\scut_fbp5500\images\CM5.jpg,scut_fbp5500,portrait_score,unassigned,2.6666666666666665,2.6666666666666665,0.6288721857330792,60
CM50,datasets\processed\scut_fbp5500\images\CM50.jpg,scut_fbp5500,portrait_score,unassigned,3.066666666666667,3.066666666666667,0.5482380612028067,60
CM500,datasets\processed\scut_fbp5500\images\CM500.jpg,scut_fbp5500,portrait_score,unassigned,3.583333333333333,3.583333333333333,0.6454972243679026,60
CM501,datasets\processed\scut_fbp5500\images\CM501.jpg,scut_fbp5500,portrait_score,unassigned,2.7,2.7,0.5304299503265155,60
CM502,datasets\processed\scut_fbp5500\images\CM502.jpg,scut_fbp5500,portrait_score,unassigned,2.5166666666666666,2.5166666666666666,0.6507275372101722,60
CM503,datasets\processed\scut_fbp5500\images\CM503.jpg,scut_fbp5500,portrait_score,unassigned,3.1166666666666667,3.1166666666666667,0.6661721329614916,60
CM504,datasets\processed\scut_fbp5500\images\CM504.jpg,scut_fbp5500,portrait_score,unassigned,2.45,2.45,0.7231053560389408,60
CM505,datasets\processed\scut_fbp5500\images\CM505.jpg,scut_fbp5500,portrait_score,unassigned,2.083333333333333,2.083333333333333,0.6712413662397546,60
CM506,datasets\processed\scut_fbp5500\images\CM506.jpg,scut_fbp5500,portrait_score,unassigned,3.733333333333333,3.733333333333333,0.5783280010825675,60
CM507,datasets\processed\scut_fbp5500\images\CM507.jpg,scut_fbp5500,portrait_score,unassigned,3.183333333333333,3.183333333333333,0.6762726024084973,60
CM508,datasets\processed\scut_fbp5500\images\CM508.jpg,scut_fbp5500,portrait_score,unassigned,2.3,2.3,0.7201694715805511,60
CM509,datasets\processed\scut_fbp5500\images\CM509.jpg,scut_fbp5500,portrait_score,unassigned,2.7,2.7,0.5304299503265155,60
CM51,datasets\processed\scut_fbp5500\images\CM51.jpg,scut_fbp5500,portrait_score,unassigned,2.4833333333333334,2.4833333333333334,0.7476894729916951,60
CM510,datasets\processed\scut_fbp5500\images\CM510.jpg,scut_fbp5500,portrait_score,unassigned,2.716666666666667,2.716666666666667,0.5237306419436755,60
CM511,datasets\processed\scut_fbp5500\images\CM511.jpg,scut_fbp5500,portrait_score,unassigned,2.6,2.6,0.7635776630164262,60
CM512,datasets\processed\scut_fbp5500\images\CM512.jpg,scut_fbp5500,portrait_score,unassigned,2.6333333333333333,2.6333333333333333,0.5196696038591647,60
CM513,datasets\processed\scut_fbp5500\images\CM513.jpg,scut_fbp5500,portrait_score,unassigned,2.3666666666666667,2.3666666666666667,0.6629841797500677,60
CM514,datasets\processed\scut_fbp5500\images\CM514.jpg,scut_fbp5500,portrait_score,unassigned,2.466666666666667,2.466666666666667,0.6234585511256955,60
CM515,datasets\processed\scut_fbp5500\images\CM515.jpg,scut_fbp5500,portrait_score,unassigned,2.6166666666666667,2.6166666666666667,0.6402241838994507,60
CM516,datasets\processed\scut_fbp5500\images\CM516.jpg,scut_fbp5500,portrait_score,unassigned,2.8666666666666667,2.8666666666666667,0.5357290823891439,60
CM517,datasets\processed\scut_fbp5500\images\CM517.jpg,scut_fbp5500,portrait_score,unassigned,2.6166666666666667,2.6166666666666667,0.6131791749276648,60
CM518,datasets\processed\scut_fbp5500\images\CM518.jpg,scut_fbp5500,portrait_score,unassigned,2.7666666666666666,2.7666666666666666,0.5634839166238779,60
CM519,datasets\processed\scut_fbp5500\images\CM519.jpg,scut_fbp5500,portrait_score,unassigned,2.6666666666666665,2.6666666666666665,0.5724365605193373,60
CM52,datasets\processed\scut_fbp5500\images\CM52.jpg,scut_fbp5500,portrait_score,unassigned,2.9833333333333334,2.9833333333333334,0.7246662976417857,60
CM520,datasets\processed\scut_fbp5500\images\CM520.jpg,scut_fbp5500,portrait_score,unassigned,2.783333333333333,2.783333333333333,0.7152495514881186,60
CM521,datasets\processed\scut_fbp5500\images\CM521.jpg,scut_fbp5500,portrait_score,unassigned,3.6,3.6,0.7178121183764841,60
CM522,datasets\processed\scut_fbp5500\images\CM522.jpg,scut_fbp5500,portrait_score,unassigned,2.716666666666667,2.716666666666667,0.6402241838994505,60
CM523,datasets\processed\scut_fbp5500\images\CM523.jpg,scut_fbp5500,portrait_score,unassigned,2.816666666666667,2.816666666666667,0.4314605336417171,60
CM524,datasets\processed\scut_fbp5500\images\CM524.jpg,scut_fbp5500,portrait_score,unassigned,2.1666666666666665,2.1666666666666665,0.6152487898779871,60
CM525,datasets\processed\scut_fbp5500\images\CM525.jpg,scut_fbp5500,portrait_score,unassigned,2.8666666666666667,2.8666666666666667,0.5664838521990366,60
CM526,datasets\processed\scut_fbp5500\images\CM526.jpg,scut_fbp5500,portrait_score,unassigned,2.8666666666666667,2.8666666666666667,0.5030977485864634,60
CM527,datasets\processed\scut_fbp5500\images\CM527.jpg,scut_fbp5500,portrait_score,unassigned,2.3666666666666667,2.3666666666666667,0.6629841797500674,60
CM528,datasets\processed\scut_fbp5500\images\CM528.jpg,scut_fbp5500,portrait_score,unassigned,3.533333333333333,3.533333333333333,0.675645746779511,60
CM529,datasets\processed\scut_fbp5500\images\CM529.jpg,scut_fbp5500,portrait_score,unassigned,2.333333333333333,2.333333333333333,0.751646028002829,60
CM53,datasets\processed\scut_fbp5500\images\CM53.jpg,scut_fbp5500,portrait_score,unassigned,3.0166666666666666,3.0166666666666666,0.4691017983072984,60
CM530,datasets\processed\scut_fbp5500\images\CM530.jpg,scut_fbp5500,portrait_score,unassigned,3.1333333333333333,3.1333333333333333,0.7911944770819447,60
CM531,datasets\processed\scut_fbp5500\images\CM531.jpg,scut_fbp5500,portrait_score,unassigned,3.333333333333333,3.333333333333333,0.5724365605193374,60
CM532,datasets\processed\scut_fbp5500\images\CM532.jpg,scut_fbp5500,portrait_score,unassigned,2.5166666666666666,2.5166666666666666,0.5963637459756624,60
CM533,datasets\processed\scut_fbp5500\images\CM533.jpg,scut_fbp5500,portrait_score,unassigned,2.6333333333333333,2.6333333333333333,0.6097142055335258,60
CM534,datasets\processed\scut_fbp5500\images\CM534.jpg,scut_fbp5500,portrait_score,unassigned,3.4,3.4,0.6937981927069209,60
CM535,datasets\processed\scut_fbp5500\images\CM535.jpg,scut_fbp5500,portrait_score,unassigned,3.5,3.5,0.596600539213493,60
CM536,datasets\processed\scut_fbp5500\images\CM536.jpg,scut_fbp5500,portrait_score,unassigned,2.2333333333333334,2.2333333333333334,0.7448504949901058,60
CM537,datasets\processed\scut_fbp5500\images\CM537.jpg,scut_fbp5500,portrait_score,unassigned,2.8833333333333333,2.8833333333333333,0.4903014177279,60
CM538,datasets\processed\scut_fbp5500\images\CM538.jpg,scut_fbp5500,portrait_score,unassigned,2.65,2.65,0.5771055773925834,60
CM539,datasets\processed\scut_fbp5500\images\CM539.jpg,scut_fbp5500,portrait_score,unassigned,3.0,3.0,0.6106401198187058,60
CM54,datasets\processed\scut_fbp5500\images\CM54.jpg,scut_fbp5500,portrait_score,unassigned,3.1333333333333333,3.1333333333333333,0.5664838521990365,60
CM540,datasets\processed\scut_fbp5500\images\CM540.jpg,scut_fbp5500,portrait_score,unassigned,3.083333333333333,3.083333333333333,0.4618190513157638,60
CM541,datasets\processed\scut_fbp5500\images\CM541.jpg,scut_fbp5500,portrait_score,unassigned,2.566666666666667,2.566666666666667,0.6207340287621397,60
CM542,datasets\processed\scut_fbp5500\images\CM542.jpg,scut_fbp5500,portrait_score,unassigned,2.55,2.55,0.7685557664227723,60
CM543,datasets\processed\scut_fbp5500\images\CM543.jpg,scut_fbp5500,portrait_score,unassigned,2.3,2.3,0.6714517537598056,60
CM544,datasets\processed\scut_fbp5500\images\CM544.jpg,scut_fbp5500,portrait_score,unassigned,2.816666666666667,2.816666666666667,0.5365194379932872,60
CM545,datasets\processed\scut_fbp5500\images\CM545.jpg,scut_fbp5500,portrait_score,unassigned,2.333333333333333,2.333333333333333,0.6288721857330791,60
CM546,datasets\processed\scut_fbp5500\images\CM546.jpg,scut_fbp5500,portrait_score,unassigned,3.15,3.15,0.6331251516304804,60
CM547,datasets\processed\scut_fbp5500\images\CM547.jpg,scut_fbp5500,portrait_score,unassigned,2.75,2.75,0.7729538324626148,60
CM548,datasets\processed\scut_fbp5500\images\CM548.jpg,scut_fbp5500,portrait_score,unassigned,2.55,2.55,0.6489887831680652,60
CM549,datasets\processed\scut_fbp5500\images\CM549.jpg,scut_fbp5500,portrait_score,unassigned,2.833333333333333,2.833333333333333,0.5574356135706043,60
CM55,datasets\processed\scut_fbp5500\images\CM55.jpg,scut_fbp5500,portrait_score,unassigned,4.55,4.55,0.5344092255369317,60
CM550,datasets\processed\scut_fbp5500\images\CM550.jpg,scut_fbp5500,portrait_score,unassigned,2.35,2.35,0.6057632809459261,60
CM551,datasets\processed\scut_fbp5500\images\CM551.jpg,scut_fbp5500,portrait_score,unassigned,3.1,3.1,0.7295227137180228,60
CM552,datasets\processed\scut_fbp5500\images\CM552.jpg,scut_fbp5500,portrait_score,unassigned,2.7,2.7,0.4974511303823161,60
CM553,datasets\processed\scut_fbp5500\images\CM553.jpg,scut_fbp5500,portrait_score,unassigned,2.7,2.7,0.6457159999120147,60
CM554,datasets\processed\scut_fbp5500\images\CM554.jpg,scut_fbp5500,portrait_score,unassigned,2.9,2.9,0.5108981788502894,60
CM555,datasets\processed\scut_fbp5500\images\CM555.jpg,scut_fbp5500,portrait_score,unassigned,2.6,2.6,0.616166387389926,60
CM556,datasets\processed\scut_fbp5500\images\CM556.jpg,scut_fbp5500,portrait_score,unassigned,2.6166666666666667,2.6166666666666667,0.5237306419436755,60
CM557,datasets\processed\scut_fbp5500\images\CM557.jpg,scut_fbp5500,portrait_score,unassigned,2.6166666666666667,2.6166666666666667,0.5551505114790766,60
CM558,datasets\processed\scut_fbp5500\images\CM558.jpg,scut_fbp5500,portrait_score,unassigned,2.433333333333333,2.433333333333333,0.6978579008061127,60
CM559,datasets\processed\scut_fbp5500\images\CM559.jpg,scut_fbp5500,portrait_score,unassigned,2.35,2.35,0.6331251516304802,60
CM56,datasets\processed\scut_fbp5500\images\CM56.jpg,scut_fbp5500,portrait_score,unassigned,2.316666666666667,2.316666666666667,0.7917298517752696,60
CM560,datasets\processed\scut_fbp5500\images\CM560.jpg,scut_fbp5500,portrait_score,unassigned,2.35,2.35,0.684575830567082,60
CM561,datasets\processed\scut_fbp5500\images\CM561.jpg,scut_fbp5500,portrait_score,unassigned,3.183333333333333,3.183333333333333,0.650727537210172,60
CM562,datasets\processed\scut_fbp5500\images\CM562.jpg,scut_fbp5500,portrait_score,unassigned,3.683333333333333,3.683333333333333,0.6507275372101717,60
CM563,datasets\processed\scut_fbp5500\images\CM563.jpg,scut_fbp5500,portrait_score,unassigned,2.9,2.9,0.6297699337786183,60
CM564,datasets\processed\scut_fbp5500\images\CM564.jpg,scut_fbp5500,portrait_score,unassigned,3.1666666666666665,3.1666666666666665,0.668077602989218,60
CM565,datasets\processed\scut_fbp5500\images\CM565.jpg,scut_fbp5500,portrait_score,unassigned,2.183333333333333,2.183333333333333,0.6762726024084974,60
CM566,datasets\processed\scut_fbp5500\images\CM566.jpg,scut_fbp5500,portrait_score,unassigned,2.6166666666666667,2.6166666666666667,0.5551505114790765,60
CM567,datasets\processed\scut_fbp5500\images\CM567.jpg,scut_fbp5500,portrait_score,unassigned,2.8666666666666667,2.8666666666666667,0.5357290823891439,60
CM568,datasets\processed\scut_fbp5500\images\CM568.jpg,scut_fbp5500,portrait_score,unassigned,2.1166666666666667,2.1166666666666667,0.6661721329614916,60
CM569,datasets\processed\scut_fbp5500\images\CM569.jpg,scut_fbp5500,portrait_score,unassigned,3.0,3.0,0.4509876168016974,60
CM57,datasets\processed\scut_fbp5500\images\CM57.jpg,scut_fbp5500,portrait_score,unassigned,2.9833333333333334,2.9833333333333334,0.4691017983072983,60
CM570,datasets\processed\scut_fbp5500\images\CM570.jpg,scut_fbp5500,portrait_score,unassigned,3.05,3.05,0.5944660045019181,60
CM571,datasets\processed\scut_fbp5500\images\CM571.jpg,scut_fbp5500,portrait_score,unassigned,2.3833333333333333,2.3833333333333333,0.7152495514881186,60
CM572,datasets\processed\scut_fbp5500\images\CM572.jpg,scut_fbp5500,portrait_score,unassigned,3.583333333333333,3.583333333333333,0.7431419023347088,60
CM573,datasets\processed\scut_fbp5500\images\CM573.jpg,scut_fbp5500,portrait_score,unassigned,2.816666666666667,2.816666666666667,0.5365194379932872,60
CM574,datasets\processed\scut_fbp5500\images\CM574.jpg,scut_fbp5500,portrait_score,unassigned,3.05,3.05,0.5344092255369316,60
CM575,datasets\processed\scut_fbp5500\images\CM575.jpg,scut_fbp5500,portrait_score,unassigned,2.6666666666666665,2.6666666666666665,0.6013168224022629,60
CM576,datasets\processed\scut_fbp5500\images\CM576.jpg,scut_fbp5500,portrait_score,unassigned,2.8,2.8,0.5142049977013224,60
CM577,datasets\processed\scut_fbp5500\images\CM577.jpg,scut_fbp5500,portrait_score,unassigned,2.833333333333333,2.833333333333333,0.8470620545708475,60
CM578,datasets\processed\scut_fbp5500\images\CM578.jpg,scut_fbp5500,portrait_score,unassigned,2.95,2.95,0.340736987888392,60
CM579,datasets\processed\scut_fbp5500\images\CM579.jpg,scut_fbp5500,portrait_score,unassigned,2.7333333333333334,2.7333333333333334,0.6342396132422272,60
CM58,datasets\processed\scut_fbp5500\images\CM58.jpg,scut_fbp5500,portrait_score,unassigned,3.8333333333333335,3.8333333333333335,0.7170246117012379,60
CM580,datasets\processed\scut_fbp5500\images\CM580.jpg,scut_fbp5500,portrait_score,unassigned,2.3666666666666667,2.3666666666666667,0.5812513288970895,60
CM581,datasets\processed\scut_fbp5500\images\CM581.jpg,scut_fbp5500,portrait_score,unassigned,2.65,2.65,0.5469483909592213,60
CM582,datasets\processed\scut_fbp5500\images\CM582.jpg,scut_fbp5500,portrait_score,unassigned,2.433333333333333,2.433333333333333,0.6978579008061127,60
CM583,datasets\processed\scut_fbp5500\images\CM583.jpg,scut_fbp5500,portrait_score,unassigned,2.8666666666666667,2.8666666666666667,0.4304773332746763,60
CM584,datasets\processed\scut_fbp5500\images\CM584.jpg,scut_fbp5500,portrait_score,unassigned,2.45,2.45,0.7231053560389408,60
CM585,datasets\processed\scut_fbp5500\images\CM585.jpg,scut_fbp5500,portrait_score,unassigned,2.85,2.85,0.5150283849343992,60
CM586,datasets\processed\scut_fbp5500\images\CM586.jpg,scut_fbp5500,portrait_score,unassigned,2.6,2.6,0.5880159112340471,60
CM587,datasets\processed\scut_fbp5500\images\CM587.jpg,scut_fbp5500,portrait_score,unassigned,1.7166666666666666,1.7166666666666666,0.6402241838994506,60
CM588,datasets\processed\scut_fbp5500\images\CM588.jpg,scut_fbp5500,portrait_score,unassigned,2.4833333333333334,2.4833333333333334,0.5672313570575753,60
CM589,datasets\processed\scut_fbp5500\images\CM589.jpg,scut_fbp5500,portrait_score,unassigned,2.8833333333333333,2.8833333333333333,0.4903014177279001,60
CM59,datasets\processed\scut_fbp5500\images\CM59.jpg,scut_fbp5500,portrait_score,unassigned,3.466666666666667,3.466666666666667,0.7471225404145426,60
CM590,datasets\processed\scut_fbp5500\images\CM590.jpg,scut_fbp5500,portrait_score,unassigned,4.033333333333333,4.033333333333333,0.5812513288970897,60
CM591,datasets\processed\scut_fbp5500\images\CM591.jpg,scut_fbp5500,portrait_score,unassigned,2.966666666666667,2.966666666666667,0.6369063647932279,60
CM592,datasets\processed\scut_fbp5500\images\CM592.jpg,scut_fbp5500,portrait_score,unassigned,3.2333333333333334,3.2333333333333334,0.6978579008061127,60
CM593,datasets\processed\scut_fbp5500\images\CM593.jpg,scut_fbp5500,portrait_score,unassigned,3.2,3.2,0.5763708787148328,60
CM594,datasets\processed\scut_fbp5500\images\CM594.jpg,scut_fbp5500,portrait_score,unassigned,3.933333333333333,3.933333333333333,0.7561424551163481,60
CM595,datasets\processed\scut_fbp5500\images\CM595.jpg,scut_fbp5500,portrait_score,unassigned,2.9166666666666665,2.9166666666666665,0.6186827632817331,60
CM596,datasets\processed\scut_fbp5500\images\CM596.jpg,scut_fbp5500,portrait_score,unassigned,2.1,2.1,0.7059072777254551,60
CM597,datasets\processed\scut_fbp5500\images\CM597.jpg,scut_fbp5500,portrait_score,unassigned,3.316666666666667,3.316666666666667,0.7008872504569529,60
CM598,datasets\processed\scut_fbp5500\images\CM598.jpg,scut_fbp5500,portrait_score,unassigned,3.1,3.1,0.5430610041581775,60
CM599,datasets\processed\scut_fbp5500\images\CM599.jpg,scut_fbp5500,portrait_score,unassigned,2.6166666666666667,2.6166666666666667,0.5551505114790765,60
CM6,datasets\processed\scut_fbp5500\images\CM6.jpg,scut_fbp5500,portrait_score,unassigned,3.95,3.95,0.6992732304667879,60
CM60,datasets\processed\scut_fbp5500\images\CM60.jpg,scut_fbp5500,portrait_score,unassigned,2.833333333333333,2.833333333333333,0.5261522196019802,60
CM600,datasets\processed\scut_fbp5500\images\CM600.jpg,scut_fbp5500,portrait_score,unassigned,2.5,2.5,0.6509445549041193,60
CM601,datasets\processed\scut_fbp5500\images\CM601.jpg,scut_fbp5500,portrait_score,unassigned,2.8833333333333333,2.8833333333333333,0.6661721329614916,60
CM602,datasets\processed\scut_fbp5500\images\CM602.jpg,scut_fbp5500,portrait_score,unassigned,3.3666666666666667,3.3666666666666667,0.6369063647932279,60
CM603,datasets\processed\scut_fbp5500\images\CM603.jpg,scut_fbp5500,portrait_score,unassigned,2.966666666666667,2.966666666666667,0.5196696038591647,60
CM604,datasets\processed\scut_fbp5500\images\CM604.jpg,scut_fbp5500,portrait_score,unassigned,2.6666666666666665,2.6666666666666665,0.5724365605193374,60
CM605,datasets\processed\scut_fbp5500\images\CM605.jpg,scut_fbp5500,portrait_score,unassigned,2.583333333333333,2.583333333333333,0.7199733202840949,60
CM606,datasets\processed\scut_fbp5500\images\CM606.jpg,scut_fbp5500,portrait_score,unassigned,3.316666666666667,3.316666666666667,0.5672313570575752,60
CM607,datasets\processed\scut_fbp5500\images\CM607.jpg,scut_fbp5500,portrait_score,unassigned,2.6333333333333333,2.6333333333333333,0.5513209612012652,60
CM608,datasets\processed\scut_fbp5500\images\CM608.jpg,scut_fbp5500,portrait_score,unassigned,3.333333333333333,3.333333333333333,0.5724365605193374,60
CM609,datasets\processed\scut_fbp5500\images\CM609.jpg,scut_fbp5500,portrait_score,unassigned,2.716666666666667,2.716666666666667,0.4903014177278999,60
CM61,datasets\processed\scut_fbp5500\images\CM61.jpg,scut_fbp5500,portrait_score,unassigned,2.05,2.05,0.8114644639607987,60
CM610,datasets\processed\scut_fbp5500\images\CM610.jpg,scut_fbp5500,portrait_score,unassigned,3.05,3.05,0.5344092255369317,60
CM611,datasets\processed\scut_fbp5500\images\CM611.jpg,scut_fbp5500,portrait_score,unassigned,2.9166666666666665,2.9166666666666665,0.3814187016766492,60
CM612,datasets\processed\scut_fbp5500\images\CM612.jpg,scut_fbp5500,portrait_score,unassigned,2.433333333333333,2.433333333333333,0.5928004971139372,60
CM613,datasets\processed\scut_fbp5500\images\CM613.jpg,scut_fbp5500,portrait_score,unassigned,1.5833333333333333,1.5833333333333333,0.6712413662397547,60
CM614,datasets\processed\scut_fbp5500\images\CM614.jpg,scut_fbp5500,portrait_score,unassigned,2.4166666666666665,2.4166666666666665,0.6960339624157418,60
CM615,datasets\processed\scut_fbp5500\images\CM615.jpg,scut_fbp5500,portrait_score,unassigned,3.033333333333333,3.033333333333333,0.4859611014169709,60
CM616,datasets\processed\scut_fbp5500\images\CM616.jpg,scut_fbp5500,portrait_score,unassigned,3.183333333333333,3.183333333333333,0.5963637459756623,60
CM617,datasets\processed\scut_fbp5500\images\CM617.jpg,scut_fbp5500,portrait_score,unassigned,2.783333333333333,2.783333333333333,0.6661721329614917,60
CM618,datasets\processed\scut_fbp5500\images\CM618.jpg,scut_fbp5500,portrait_score,unassigned,3.0166666666666666,3.0166666666666666,0.5672313570575752,60
CM619,datasets\processed\scut_fbp5500\images\CM619.jpg,scut_fbp5500,portrait_score,unassigned,2.533333333333333,2.533333333333333,0.5956528014598819,60
CM62,datasets\processed\scut_fbp5500\images\CM62.jpg,scut_fbp5500,portrait_score,unassigned,3.0166666666666666,3.0166666666666666,0.5365194379932872,60
CM620,datasets\processed\scut_fbp5500\images\CM620.jpg,scut_fbp5500,portrait_score,unassigned,1.9,1.9,0.7059072777254551,60
CM621,datasets\processed\scut_fbp5500\images\CM621.jpg,scut_fbp5500,portrait_score,unassigned,2.9833333333333334,2.9833333333333334,0.5672313570575752,60
CM622,datasets\processed\scut_fbp5500\images\CM622.jpg,scut_fbp5500,portrait_score,unassigned,2.6666666666666665,2.6666666666666665,0.5097911392420601,60
CM623,datasets\processed\scut_fbp5500\images\CM623.jpg,scut_fbp5500,portrait_score,unassigned,2.1166666666666667,2.1166666666666667,0.6402241838994506,60
CM624,datasets\processed\scut_fbp5500\images\CM624.jpg,scut_fbp5500,portrait_score,unassigned,2.433333333333333,2.433333333333333,0.6207340287621397,60
CM625,datasets\processed\scut_fbp5500\images\CM625.jpg,scut_fbp5500,portrait_score,unassigned,2.9833333333333334,2.9833333333333334,0.4314605336417172,60
CM626,datasets\processed\scut_fbp5500\images\CM626.jpg,scut_fbp5500,portrait_score,unassigned,2.7,2.7,0.5614750549117348,60
CM627,datasets\processed\scut_fbp5500\images\CM627.jpg,scut_fbp5500,portrait_score,unassigned,2.583333333333333,2.583333333333333,0.618682763281733,60
CM628,datasets\processed\scut_fbp5500\images\CM628.jpg,scut_fbp5500,portrait_score,unassigned,2.6,2.6,0.616166387389926,60
CM629,datasets\processed\scut_fbp5500\images\CM629.jpg,scut_fbp5500,portrait_score,unassigned,2.2666666666666666,2.2666666666666666,0.6856066636017631,60
CM63,datasets\processed\scut_fbp5500\images\CM63.jpg,scut_fbp5500,portrait_score,unassigned,2.45,2.45,0.5944660045019183,60
CM630,datasets\processed\scut_fbp5500\images\CM630.jpg,scut_fbp5500,portrait_score,unassigned,2.6333333333333333,2.6333333333333333,0.5812513288970897,60
CM631,datasets\processed\scut_fbp5500\images\CM631.jpg,scut_fbp5500,portrait_score,unassigned,2.7,2.7,0.497451130382316,60
CM632,datasets\processed\scut_fbp5500\images\CM632.jpg,scut_fbp5500,portrait_score,unassigned,2.333333333333333,2.333333333333333,0.6013168224022629,60
CM633,datasets\processed\scut_fbp5500\images\CM633.jpg,scut_fbp5500,portrait_score,unassigned,2.466666666666667,2.466666666666667,0.6500760494407536,60
CM634,datasets\processed\scut_fbp5500\images\CM634.jpg,scut_fbp5500,portrait_score,unassigned,4.016666666666667,4.016666666666667,0.7246662976417858,60
CM635,datasets\processed\scut_fbp5500\images\CM635.jpg,scut_fbp5500,portrait_score,unassigned,2.716666666666667,2.716666666666667,0.8044719642367518,60
CM636,datasets\processed\scut_fbp5500\images\CM636.jpg,scut_fbp5500,portrait_score,unassigned,4.033333333333333,4.033333333333333,0.6629841797500678,60
CM637,datasets\processed\scut_fbp5500\images\CM637.jpg,scut_fbp5500,portrait_score,unassigned,4.183333333333334,4.183333333333334,0.700887250456953,60
CM638,datasets\processed\scut_fbp5500\images\CM638.jpg,scut_fbp5500,portrait_score,unassigned,4.333333333333333,4.333333333333333,0.6552698154756148,60
CM639,datasets\processed\scut_fbp5500\images\CM639.jpg,scut_fbp5500,portrait_score,unassigned,4.183333333333334,4.183333333333334,0.6241378234003049,60
CM64,datasets\processed\scut_fbp5500\images\CM64.jpg,scut_fbp5500,portrait_score,unassigned,2.4833333333333334,2.4833333333333334,0.7008872504569529,60
CM640,datasets\processed\scut_fbp5500\images\CM640.jpg,scut_fbp5500,portrait_score,unassigned,2.9166666666666665,2.9166666666666665,0.8086747196864059,60
CM641,datasets\processed\scut_fbp5500\images\CM641.jpg,scut_fbp5500,portrait_score,unassigned,4.15,4.15,0.7089022308339534,60
CM642,datasets\processed\scut_fbp5500\images\CM642.jpg,scut_fbp5500,portrait_score,unassigned,3.2333333333333334,3.2333333333333334,0.7448504949901058,60
CM643,datasets\processed\scut_fbp5500\images\CM643.jpg,scut_fbp5500,portrait_score,unassigned,3.3,3.3,0.6714517537598057,60
CM644,datasets\processed\scut_fbp5500\images\CM644.jpg,scut_fbp5500,portrait_score,unassigned,4.116666666666666,4.116666666666666,0.7611691868917487,60
CM645,datasets\processed\scut_fbp5500\images\CM645.jpg,scut_fbp5500,portrait_score,unassigned,3.633333333333333,3.633333333333333,0.7356921488320419,60
CM646,datasets\processed\scut_fbp5500\images\CM646.jpg,scut_fbp5500,portrait_score,unassigned,4.016666666666667,4.016666666666667,0.7008872504569529,60
CM647,datasets\processed\scut_fbp5500\images\CM647.jpg,scut_fbp5500,portrait_score,unassigned,4.466666666666667,4.466666666666667,0.675645746779511,60
CM648,datasets\processed\scut_fbp5500\images\CM648.jpg,scut_fbp5500,portrait_score,unassigned,4.216666666666667,4.216666666666667,0.6911465950282972,60
CM649,datasets\processed\scut_fbp5500\images\CM649.jpg,scut_fbp5500,portrait_score,unassigned,3.466666666666667,3.466666666666667,0.6756457467795111,60
CM65,datasets\processed\scut_fbp5500\images\CM65.jpg,scut_fbp5500,portrait_score,unassigned,3.633333333333333,3.633333333333333,0.7356921488320419,60
CM650,datasets\processed\scut_fbp5500\images\CM650.jpg,scut_fbp5500,portrait_score,unassigned,4.45,4.45,0.5944660045019181,60
CM651,datasets\processed\scut_fbp5500\images\CM651.jpg,scut_fbp5500,portrait_score,unassigned,3.8,3.8,0.731842346642351,60
CM652,datasets\processed\scut_fbp5500\images\CM652.jpg,scut_fbp5500,portrait_score,unassigned,3.5166666666666666,3.5166666666666666,0.6507275372101721,60
CM653,datasets\processed\scut_fbp5500\images\CM653.jpg,scut_fbp5500,portrait_score,unassigned,4.4,4.4,0.5584482131582668,60
CM654,datasets\processed\scut_fbp5500\images\CM654.jpg,scut_fbp5500,portrait_score,unassigned,3.6166666666666663,3.6166666666666663,0.804471964236752,60
CM655,datasets\processed\scut_fbp5500\images\CM655.jpg,scut_fbp5500,portrait_score,unassigned,4.166666666666667,4.166666666666667,0.668077602989218,60
CM656,datasets\processed\scut_fbp5500\images\CM656.jpg,scut_fbp5500,portrait_score,unassigned,4.283333333333333,4.283333333333333,0.5237306419436755,60
CM657,datasets\processed\scut_fbp5500\images\CM657.jpg,scut_fbp5500,portrait_score,unassigned,4.083333333333333,4.083333333333333,0.5906522297402889,60
CM658,datasets\processed\scut_fbp5500\images\CM658.jpg,scut_fbp5500,portrait_score,unassigned,3.45,3.45,0.7903013799725016,60
CM659,datasets\processed\scut_fbp5500\images\CM659.jpg,scut_fbp5500,portrait_score,unassigned,4.2,4.2,0.5763708787148328,60
CM66,datasets\processed\scut_fbp5500\images\CM66.jpg,scut_fbp5500,portrait_score,unassigned,3.6,3.6,0.6689227362847253,60
CM660,datasets\processed\scut_fbp5500\images\CM660.jpg,scut_fbp5500,portrait_score,unassigned,3.3833333333333333,3.3833333333333333,0.8653727846986957,60
CM661,datasets\processed\scut_fbp5500\images\CM661.jpg,scut_fbp5500,portrait_score,unassigned,3.9,3.9,0.6561314461114262,60
CM662,datasets\processed\scut_fbp5500\images\CM662.jpg,scut_fbp5500,portrait_score,unassigned,3.5166666666666666,3.5166666666666666,0.7008872504569528,60
CM663,datasets\processed\scut_fbp5500\images\CM663.jpg,scut_fbp5500,portrait_score,unassigned,4.483333333333333,4.483333333333333,0.5365194379932873,60
CM664,datasets\processed\scut_fbp5500\images\CM664.jpg,scut_fbp5500,portrait_score,unassigned,3.8,3.8,0.731842346642351,60
CM665,datasets\processed\scut_fbp5500\images\CM665.jpg,scut_fbp5500,portrait_score,unassigned,4.483333333333333,4.483333333333333,0.5365194379932874,60
CM666,datasets\processed\scut_fbp5500\images\CM666.jpg,scut_fbp5500,portrait_score,unassigned,4.166666666666667,4.166666666666667,0.6680776029892181,60
CM667,datasets\processed\scut_fbp5500\images\CM667.jpg,scut_fbp5500,portrait_score,unassigned,4.333333333333333,4.333333333333333,0.7287478619712608,60
CM668,datasets\processed\scut_fbp5500\images\CM668.jpg,scut_fbp5500,portrait_score,unassigned,3.883333333333333,3.883333333333333,0.6402241838994507,60
CM669,datasets\processed\scut_fbp5500\images\CM669.jpg,scut_fbp5500,portrait_score,unassigned,4.416666666666667,4.416666666666667,0.561223441609872,60
CM67,datasets\processed\scut_fbp5500\images\CM67.jpg,scut_fbp5500,portrait_score,unassigned,2.683333333333333,2.683333333333333,0.5365194379932872,60
CM670,datasets\processed\scut_fbp5500\images\CM670.jpg,scut_fbp5500,portrait_score,unassigned,4.05,4.05,0.5344092255369318,60
CM671,datasets\processed\scut_fbp5500\images\CM671.jpg,scut_fbp5500,portrait_score,unassigned,4.433333333333334,4.433333333333334,0.6207340287621397,60
CM672,datasets\processed\scut_fbp5500\images\CM672.jpg,scut_fbp5500,portrait_score,unassigned,3.966666666666667,3.966666666666667,0.7122812876724768,60
CM673,datasets\processed\scut_fbp5500\images\CM673.jpg,scut_fbp5500,portrait_score,unassigned,4.216666666666667,4.216666666666667,0.5848849420870962,60
CM674,datasets\processed\scut_fbp5500\images\CM674.jpg,scut_fbp5500,portrait_score,unassigned,3.8666666666666663,3.8666666666666663,0.7694741031901111,60
CM675,datasets\processed\scut_fbp5500\images\CM675.jpg,scut_fbp5500,portrait_score,unassigned,3.733333333333333,3.733333333333333,0.7098977407062843,60
CM676,datasets\processed\scut_fbp5500\images\CM676.jpg,scut_fbp5500,portrait_score,unassigned,4.016666666666667,4.016666666666667,0.5963637459756624,60
CM677,datasets\processed\scut_fbp5500\images\CM677.jpg,scut_fbp5500,portrait_score,unassigned,4.083333333333333,4.083333333333333,0.561223441609872,60
CM678,datasets\processed\scut_fbp5500\images\CM678.jpg,scut_fbp5500,portrait_score,unassigned,4.0,4.0,0.8233869695926183,60
CM679,datasets\processed\scut_fbp5500\images\CM679.jpg,scut_fbp5500,portrait_score,unassigned,3.316666666666667,3.316666666666667,0.7476894729916951,60
CM68,datasets\processed\scut_fbp5500\images\CM68.jpg,scut_fbp5500,portrait_score,unassigned,3.183333333333333,3.183333333333333,0.5365194379932872,60
CM680,datasets\processed\scut_fbp5500\images\CM680.jpg,scut_fbp5500,portrait_score,unassigned,3.2666666666666666,3.2666666666666666,0.7997174642327562,60
CM681,datasets\processed\scut_fbp5500\images\CM681.jpg,scut_fbp5500,portrait_score,unassigned,3.9,3.9,0.602255647052628,60
CM682,datasets\processed\scut_fbp5500\images\CM682.jpg,scut_fbp5500,portrait_score,unassigned,4.016666666666667,4.016666666666667,0.5963637459756622,60
CM683,datasets\processed\scut_fbp5500\images\CM683.jpg,scut_fbp5500,portrait_score,unassigned,3.3666666666666667,3.3666666666666667,0.8018340558415717,60
CM684,datasets\processed\scut_fbp5500\images\CM684.jpg,scut_fbp5500,portrait_score,unassigned,3.1166666666666667,3.1166666666666667,0.8044719642367518,60
CM685,datasets\processed\scut_fbp5500\images\CM685.jpg,scut_fbp5500,portrait_score,unassigned,3.25,3.25,0.7945790912196155,60
CM686,datasets\processed\scut_fbp5500\images\CM686.jpg,scut_fbp5500,portrait_score,unassigned,2.9,2.9,0.8376723197374003,60
CM687,datasets\processed\scut_fbp5500\images\CM687.jpg,scut_fbp5500,portrait_score,unassigned,3.6166666666666663,3.6166666666666663,0.6911465950282971,60
CM688,datasets\processed\scut_fbp5500\images\CM688.jpg,scut_fbp5500,portrait_score,unassigned,4.15,4.15,0.6593525329532482,60
CM689,datasets\processed\scut_fbp5500\images\CM689.jpg,scut_fbp5500,portrait_score,unassigned,4.433333333333334,4.433333333333334,0.6474635430261866,60
CM69,datasets\processed\scut_fbp5500\images\CM69.jpg,scut_fbp5500,portrait_score,unassigned,2.75,2.75,0.6541911813032296,60
CM690,datasets\processed\scut_fbp5500\images\CM690.jpg,scut_fbp5500,portrait_score,unassigned,4.15,4.15,0.7324211069911226,60
CM691,datasets\processed\scut_fbp5500\images\CM691.jpg,scut_fbp5500,portrait_score,unassigned,3.8,3.8,0.7767817135518027,60
CM692,datasets\processed\scut_fbp5500\images\CM692.jpg,scut_fbp5500,portrait_score,unassigned,4.316666666666666,4.316666666666666,0.6241378234003047,60
CM693,datasets\processed\scut_fbp5500\images\CM693.jpg,scut_fbp5500,portrait_score,unassigned,3.8333333333333335,3.8333333333333335,0.7628374033532981,60
CM694,datasets\processed\scut_fbp5500\images\CM694.jpg,scut_fbp5500,portrait_score,unassigned,4.2,4.2,0.7546466228796951,60
CM695,datasets\processed\scut_fbp5500\images\CM695.jpg,scut_fbp5500,portrait_score,unassigned,2.9166666666666665,2.9166666666666665,0.6454972243679028,60
CM696,datasets\processed\scut_fbp5500\images\CM696.jpg,scut_fbp5500,portrait_score,unassigned,3.8333333333333335,3.8333333333333335,0.7847414918554696,60
CM697,datasets\processed\scut_fbp5500\images\CM697.jpg,scut_fbp5500,portrait_score,unassigned,4.016666666666667,4.016666666666667,0.7917298517752696,60
CM698,datasets\processed\scut_fbp5500\images\CM698.jpg,scut_fbp5500,portrait_score,unassigned,3.0,3.0,0.7130740328122925,60
CM699,datasets\processed\scut_fbp5500\images\CM699.jpg,scut_fbp5500,portrait_score,unassigned,3.7666666666666666,3.7666666666666666,0.6731324866865127,60
CM7,datasets\processed\scut_fbp5500\images\CM7.jpg,scut_fbp5500,portrait_score,unassigned,4.35,4.35,0.6331251516304803,60
CM70,datasets\processed\scut_fbp5500\images\CM70.jpg,scut_fbp5500,portrait_score,unassigned,2.816666666666667,2.816666666666667,0.5365194379932872,60
CM700,datasets\processed\scut_fbp5500\images\CM700.jpg,scut_fbp5500,portrait_score,unassigned,4.5,4.5,0.596600539213493,60
CM701,datasets\processed\scut_fbp5500\images\CM701.jpg,scut_fbp5500,portrait_score,unassigned,4.016666666666667,4.016666666666667,0.6762726024084976,60
CM702,datasets\processed\scut_fbp5500\images\CM702.jpg,scut_fbp5500,portrait_score,unassigned,3.3833333333333333,3.3833333333333333,0.691146595028297,60
CM703,datasets\processed\scut_fbp5500\images\CM703.jpg,scut_fbp5500,portrait_score,unassigned,4.116666666666666,4.116666666666666,0.6402241838994507,60
CM704,datasets\processed\scut_fbp5500\images\CM704.jpg,scut_fbp5500,portrait_score,unassigned,2.8,2.8,0.5142049977013224,60
CM705,datasets\processed\scut_fbp5500\images\CM705.jpg,scut_fbp5500,portrait_score,unassigned,4.15,4.15,0.6845758305670822,60
CM706,datasets\processed\scut_fbp5500\images\CM706.jpg,scut_fbp5500,portrait_score,unassigned,3.75,3.75,0.7041041910572661,60
CM707,datasets\processed\scut_fbp5500\images\CM707.jpg,scut_fbp5500,portrait_score,unassigned,4.25,4.25,0.6796060673505359,60
CM708,datasets\processed\scut_fbp5500\images\CM708.jpg,scut_fbp5500,portrait_score,unassigned,3.983333333333333,3.983333333333333,0.8128557456749851,60
CM709,datasets\processed\scut_fbp5500\images\CM709.jpg,scut_fbp5500,portrait_score,unassigned,4.25,4.25,0.7041041910572658,60
CM71,datasets\processed\scut_fbp5500\images\CM71.jpg,scut_fbp5500,portrait_score,unassigned,2.45,2.45,0.6745996929755541,60
CM710,datasets\processed\scut_fbp5500\images\CM710.jpg,scut_fbp5500,portrait_score,unassigned,4.433333333333334,4.433333333333334,0.5928004971139373,60
CM711,datasets\processed\scut_fbp5500\images\CM711.jpg,scut_fbp5500,portrait_score,unassigned,4.366666666666666,4.366666666666666,0.6629841797500676,60
CM712,datasets\processed\scut_fbp5500\images\CM712.jpg,scut_fbp5500,portrait_score,unassigned,3.8333333333333335,3.8333333333333335,0.7402854847084714,60
CM713,datasets\processed\scut_fbp5500\images\CM713.jpg,scut_fbp5500,portrait_score,unassigned,4.233333333333333,4.233333333333333,0.6207340287621397,60
CM714,datasets\processed\scut_fbp5500\images\CM714.jpg,scut_fbp5500,portrait_score,unassigned,4.083333333333333,4.083333333333333,0.7656096865181338,60
CM715,datasets\processed\scut_fbp5500\images\CM715.jpg,scut_fbp5500,portrait_score,unassigned,3.966666666666667,3.966666666666667,0.636906364793228,60
CM716,datasets\processed\scut_fbp5500\images\CM716.jpg,scut_fbp5500,portrait_score,unassigned,4.133333333333334,4.133333333333334,0.7471225404145427,60
CM717,datasets\processed\scut_fbp5500\images\CM717.jpg,scut_fbp5500,portrait_score,unassigned,4.033333333333333,4.033333333333333,0.8227005276478744,60
CM718,datasets\processed\scut_fbp5500\images\CM718.jpg,scut_fbp5500,portrait_score,unassigned,4.0,4.0,0.7130740328122924,60
CM719,datasets\processed\scut_fbp5500\images\CM719.jpg,scut_fbp5500,portrait_score,unassigned,3.933333333333333,3.933333333333333,0.6604227374117245,60
CM72,datasets\processed\scut_fbp5500\images\CM72.jpg,scut_fbp5500,portrait_score,unassigned,4.066666666666666,4.066666666666666,0.8609546665493529,60
CM720,datasets\processed\scut_fbp5500\images\CM720.jpg,scut_fbp5500,portrait_score,unassigned,4.283333333333333,4.283333333333333,0.5551505114790767,60
CM721,datasets\processed\scut_fbp5500\images\CM721.jpg,scut_fbp5500,portrait_score,unassigned,4.033333333333333,4.033333333333333,0.7804098589988461,60
CM722,datasets\processed\scut_fbp5500\images\CM722.jpg,scut_fbp5500,portrait_score,unassigned,4.3,4.3,0.6189110173988076,60
CM723,datasets\processed\scut_fbp5500\images\CM723.jpg,scut_fbp5500,portrait_score,unassigned,3.2,3.2,0.5142049977013222,60
CM724,datasets\processed\scut_fbp5500\images\CM724.jpg,scut_fbp5500,portrait_score,unassigned,3.55,3.55,0.7461766955734741,60
CM725,datasets\processed\scut_fbp5500\images\CM725.jpg,scut_fbp5500,portrait_score,unassigned,3.566666666666667,3.566666666666667,0.8510545137126848,60
CM726,datasets\processed\scut_fbp5500\images\CM726.jpg,scut_fbp5500,portrait_score,unassigned,3.433333333333333,3.433333333333333,0.5634839166238778,60
CM727,datasets\processed\scut_fbp5500\images\CM727.jpg,scut_fbp5500,portrait_score,unassigned,4.1,4.1,0.7745966692414835,60
CM728,datasets\processed\scut_fbp5500\images\CM728.jpg,scut_fbp5500,portrait_score,unassigned,4.316666666666666,4.316666666666666,0.5672313570575754,60
CM729,datasets\processed\scut_fbp5500\images\CM729.jpg,scut_fbp5500,portrait_score,unassigned,4.15,4.15,0.7552079071691763,60
CM73,datasets\processed\scut_fbp5500\images\CM73.jpg,scut_fbp5500,portrait_score,unassigned,3.733333333333333,3.733333333333333,0.7561424551163479,60
CM730,datasets\processed\scut_fbp5500\images\CM730.jpg,scut_fbp5500,portrait_score,unassigned,3.55,3.55,0.8114644639607986,60
CM731,datasets\processed\scut_fbp5500\images\CM731.jpg,scut_fbp5500,portrait_score,unassigned,3.983333333333333,3.983333333333333,0.6762726024084975,60
CM732,datasets\processed\scut_fbp5500\images\CM732.jpg,scut_fbp5500,portrait_score,unassigned,4.4,4.4,0.6161663873899261,60
CM733,datasets\processed\scut_fbp5500\images\CM733.jpg,scut_fbp5500,portrait_score,unassigned,3.433333333333333,3.433333333333333,0.8510545137126846,60
CM734,datasets\processed\scut_fbp5500\images\CM734.jpg,scut_fbp5500,portrait_score,unassigned,4.066666666666666,4.066666666666666,0.6856066636017631,60
CM735,datasets\processed\scut_fbp5500\images\CM735.jpg,scut_fbp5500,portrait_score,unassigned,4.2,4.2,0.6839565850033844,60
CM736,datasets\processed\scut_fbp5500\images\CM736.jpg,scut_fbp5500,portrait_score,unassigned,4.016666666666667,4.016666666666667,0.7476894729916952,60
CM737,datasets\processed\scut_fbp5500\images\CM737.jpg,scut_fbp5500,portrait_score,unassigned,4.0,4.0,0.5822225097395821,60
CM738,datasets\processed\scut_fbp5500\images\CM738.jpg,scut_fbp5500,portrait_score,unassigned,3.8,3.8,0.8396932450381579,60
CM739,datasets\processed\scut_fbp5500\images\CM739.jpg,scut_fbp5500,portrait_score,unassigned,3.983333333333333,3.983333333333333,0.8334463200240205,60
CM74,datasets\processed\scut_fbp5500\images\CM74.jpg,scut_fbp5500,portrait_score,unassigned,3.083333333333333,3.083333333333333,0.4235310272854237,60
CM740,datasets\processed\scut_fbp5500\images\CM740.jpg,scut_fbp5500,portrait_score,unassigned,3.933333333333333,3.933333333333333,0.7997174642327565,60
CM741,datasets\processed\scut_fbp5500\images\CM741.jpg,scut_fbp5500,portrait_score,unassigned,3.033333333333333,3.033333333333333,0.5812513288970896,60
CM742,datasets\processed\scut_fbp5500\images\CM742.jpg,scut_fbp5500,portrait_score,unassigned,4.283333333333333,4.283333333333333,0.7152495514881186,60
CM743,datasets\processed\scut_fbp5500\images\CM743.jpg,scut_fbp5500,portrait_score,unassigned,4.016666666666667,4.016666666666667,0.6241378234003049,60
CM744,datasets\processed\scut_fbp5500\images\CM744.jpg,scut_fbp5500,portrait_score,unassigned,3.7666666666666666,3.7666666666666666,0.6978579008061127,60
CM745,datasets\processed\scut_fbp5500\images\CM745.jpg,scut_fbp5500,portrait_score,unassigned,3.583333333333333,3.583333333333333,0.6454972243679027,60
CM746,datasets\processed\scut_fbp5500\images\CM746.jpg,scut_fbp5500,portrait_score,unassigned,4.316666666666666,4.316666666666666,0.6241378234003049,60
CM747,datasets\processed\scut_fbp5500\images\CM747.jpg,scut_fbp5500,portrait_score,unassigned,3.85,3.85,0.7552079071691764,60
CM748,datasets\processed\scut_fbp5500\images\CM748.jpg,scut_fbp5500,portrait_score,unassigned,3.716666666666667,3.716666666666667,0.6402241838994508,60
CM749,datasets\processed\scut_fbp5500\images\CM749.jpg,scut_fbp5500,portrait_score,unassigned,4.283333333333333,4.283333333333333,0.5848849420870963,60
CM75,datasets\processed\scut_fbp5500\images\CM75.jpg,scut_fbp5500,portrait_score,unassigned,2.5,2.5,0.6243640832675885,60
CM750,datasets\processed\scut_fbp5500\images\CM750.jpg,scut_fbp5500,portrait_score,unassigned,3.216666666666667,3.216666666666667,0.7611691868917491,60
CM76,datasets\processed\scut_fbp5500\images\CM76.jpg,scut_fbp5500,portrait_score,unassigned,2.466666666666667,2.466666666666667,0.7002824288999323,60
CM77,datasets\processed\scut_fbp5500\images\CM77.jpg,scut_fbp5500,portrait_score,unassigned,4.366666666666666,4.366666666666666,0.5196696038591647,60
CM78,datasets\processed\scut_fbp5500\images\CM78.jpg,scut_fbp5500,portrait_score,unassigned,2.9833333333333334,2.9833333333333334,0.8128557456749853,60
CM79,datasets\processed\scut_fbp5500\images\CM79.jpg,scut_fbp5500,portrait_score,unassigned,3.1,3.1,0.5108981788502894,60
CM8,datasets\processed\scut_fbp5500\images\CM8.jpg,scut_fbp5500,portrait_score,unassigned,2.466666666666667,2.466666666666667,0.6234585511256953,60
CM80,datasets\processed\scut_fbp5500\images\CM80.jpg,scut_fbp5500,portrait_score,unassigned,2.4,2.4,0.6161663873899261,60
CM81,datasets\processed\scut_fbp5500\images\CM81.jpg,scut_fbp5500,portrait_score,unassigned,2.7333333333333334,2.7333333333333334,0.5783280010825674,60
CM82,datasets\processed\scut_fbp5500\images\CM82.jpg,scut_fbp5500,portrait_score,unassigned,2.65,2.65,0.7089022308339537,60
CM83,datasets\processed\scut_fbp5500\images\CM83.jpg,scut_fbp5500,portrait_score,unassigned,2.283333333333333,2.283333333333333,0.7152495514881186,60
CM84,datasets\processed\scut_fbp5500\images\CM84.jpg,scut_fbp5500,portrait_score,unassigned,2.7,2.7,0.4621247905424445,60
CM85,datasets\processed\scut_fbp5500\images\CM85.jpg,scut_fbp5500,portrait_score,unassigned,2.6,2.6,0.5272249061784878,60
CM86,datasets\processed\scut_fbp5500\images\CM86.jpg,scut_fbp5500,portrait_score,unassigned,2.9166666666666665,2.9166666666666665,0.381418701676649,60
CM87,datasets\processed\scut_fbp5500\images\CM87.jpg,scut_fbp5500,portrait_score,unassigned,2.8833333333333333,2.8833333333333333,0.454419602505485,60
CM88,datasets\processed\scut_fbp5500\images\CM88.jpg,scut_fbp5500,portrait_score,unassigned,2.783333333333333,2.783333333333333,0.4903014177279,60
CM89,datasets\processed\scut_fbp5500\images\CM89.jpg,scut_fbp5500,portrait_score,unassigned,2.6666666666666665,2.6666666666666665,0.7051064751106302,60
CM9,datasets\processed\scut_fbp5500\images\CM9.jpg,scut_fbp5500,portrait_score,unassigned,3.95,3.95,0.7461766955734743,60
CM90,datasets\processed\scut_fbp5500\images\CM90.jpg,scut_fbp5500,portrait_score,unassigned,2.683333333333333,2.683333333333333,0.5672313570575752,60
CM91,datasets\processed\scut_fbp5500\images\CM91.jpg,scut_fbp5500,portrait_score,unassigned,2.15,2.15,0.7089022308339535,60
CM92,datasets\processed\scut_fbp5500\images\CM92.jpg,scut_fbp5500,portrait_score,unassigned,2.533333333333333,2.533333333333333,0.6756457467795108,60
CM93,datasets\processed\scut_fbp5500\images\CM93.jpg,scut_fbp5500,portrait_score,unassigned,4.433333333333334,4.433333333333334,0.673132486686513,60
CM94,datasets\processed\scut_fbp5500\images\CM94.jpg,scut_fbp5500,portrait_score,unassigned,2.683333333333333,2.683333333333333,0.5365194379932872,60
CM95,datasets\processed\scut_fbp5500\images\CM95.jpg,scut_fbp5500,portrait_score,unassigned,2.1333333333333333,2.1333333333333333,0.7240813388775701,60
CM96,datasets\processed\scut_fbp5500\images\CM96.jpg,scut_fbp5500,portrait_score,unassigned,3.05,3.05,0.6992732304667881,60
CM97,datasets\processed\scut_fbp5500\images\CM97.jpg,scut_fbp5500,portrait_score,unassigned,3.05,3.05,0.3872983346207416,60
CM98,datasets\processed\scut_fbp5500\images\CM98.jpg,scut_fbp5500,portrait_score,unassigned,2.4,2.4,0.6689227362847253,60
CM99,datasets\processed\scut_fbp5500\images\CM99.jpg,scut_fbp5500,portrait_score,unassigned,2.6666666666666665,2.6666666666666665,0.5724365605193374,60
